{
"type": "FeatureCollection",
"name": "limites_municipais_Camaçari_PDDU-S",
"crs": { "type": "name", "properties": { "name": "urn:ogc:def:crs:OGC:1.3:CRS84" } },
"features": [
{ "type": "Feature", "properties": { "CD_MUN": "2905701", "NM_MUN": "Camaçari", "SIGLA_UF": "BA", "AREA_KM2": 785.421, "perímetro_m": 208965.6 }, "geometry": { "type": "MultiPolygon", "coordinates": [ [ [ [ -38.18821, -12.45794 ], [ -38.18813, -12.45806 ], [ -38.18806, -12.45817 ], [ -38.18798, -12.45843 ], [ -38.18786, -12.45869 ], [ -38.18775, -12.45895 ], [ -38.18763, -12.45921 ], [ -38.18755, -12.45947 ], [ -38.18751, -12.45955 ], [ -38.18744, -12.45973 ], [ -38.18734, -12.45999 ], [ -38.18732, -12.46006 ], [ -38.18726, -12.46026 ], [ -38.1872, -12.46054 ], [ -38.18713, -12.46081 ], [ -38.18701, -12.46116 ], [ -38.18689, -12.46142 ], [ -38.1868, -12.46153 ], [ -38.18678, -12.46155 ], [ -38.18671, -12.46157 ], [ -38.18661, -12.46159 ], [ -38.18646, -12.46159 ], [ -38.1863, -12.46153 ], [ -38.18624, -12.46152 ], [ -38.18616, -12.46149 ], [ -38.18571, -12.46137 ], [ -38.18548, -12.46137 ], [ -38.18536, -12.46141 ], [ -38.18533, -12.46142 ], [ -38.18521, -12.46147 ], [ -38.18514, -12.46149 ], [ -38.18491, -12.46159 ], [ -38.18481, -12.46162 ], [ -38.18476, -12.46164 ], [ -38.18471, -12.46166 ], [ -38.18457, -12.46169 ], [ -38.18447, -12.4617 ], [ -38.18434, -12.46175 ], [ -38.18423, -12.46183 ], [ -38.18397, -12.46194 ], [ -38.18381, -12.462 ], [ -38.18357, -12.46204 ], [ -38.18323, -12.46201 ], [ -38.18299, -12.46196 ], [ -38.18257, -12.46179 ], [ -38.18228, -12.46173 ], [ -38.18198, -12.4617 ], [ -38.18169, -12.46167 ], [ -38.1814, -12.4617 ], [ -38.1811, -12.46173 ], [ -38.18081, -12.4617 ], [ -38.18051, -12.46167 ], [ -38.18022, -12.46161 ], [ -38.17993, -12.46164 ], [ -38.17963, -12.46173 ], [ -38.17934, -12.46175 ], [ -38.17918, -12.4617 ], [ -38.17876, -12.46149 ], [ -38.17854, -12.46141 ], [ -38.17829, -12.46136 ], [ -38.17796, -12.46135 ], [ -38.17734, -12.4614 ], [ -38.1769, -12.46139 ], [ -38.17671, -12.46139 ], [ -38.17652, -12.46142 ], [ -38.17631, -12.46149 ], [ -38.17602, -12.46151 ], [ -38.17589, -12.46156 ], [ -38.17575, -12.4616 ], [ -38.17549, -12.46168 ], [ -38.17522, -12.4618 ], [ -38.17496, -12.46189 ], [ -38.17466, -12.46197 ], [ -38.1744, -12.46206 ], [ -38.17414, -12.46214 ], [ -38.17387, -12.46226 ], [ -38.17361, -12.46234 ], [ -38.17331, -12.4624 ], [ -38.17302, -12.46246 ], [ -38.17284, -12.46258 ], [ -38.17273, -12.46264 ], [ -38.17269, -12.4627 ], [ -38.17266, -12.46276 ], [ -38.17267, -12.46289 ], [ -38.1728, -12.46301 ], [ -38.17301, -12.46337 ], [ -38.17331, -12.46378 ], [ -38.1734, -12.46396 ], [ -38.17347, -12.46411 ], [ -38.17352, -12.46422 ], [ -38.17352, -12.4643 ], [ -38.17353, -12.46437 ], [ -38.17353, -12.46447 ], [ -38.17353, -12.46478 ], [ -38.17334, -12.46537 ], [ -38.17287, -12.46631 ], [ -38.17265, -12.46696 ], [ -38.17246, -12.46749 ], [ -38.17241, -12.46789 ], [ -38.17235, -12.46814 ], [ -38.17237, -12.46842 ], [ -38.17248, -12.46868 ], [ -38.17266, -12.46891 ], [ -38.17285, -12.46913 ], [ -38.17302, -12.46936 ], [ -38.17319, -12.46959 ], [ -38.1733, -12.46985 ], [ -38.17336, -12.47013 ], [ -38.17349, -12.47037 ], [ -38.17364, -12.47062 ], [ -38.17383, -12.47084 ], [ -38.17402, -12.47104 ], [ -38.17421, -12.47124 ], [ -38.1744, -12.47146 ], [ -38.17455, -12.47169 ], [ -38.17472, -12.47191 ], [ -38.17491, -12.47212 ], [ -38.17512, -12.47233 ], [ -38.17534, -12.47251 ], [ -38.17554, -12.47272 ], [ -38.17575, -12.47291 ], [ -38.17595, -12.47311 ], [ -38.17617, -12.47328 ], [ -38.17639, -12.47347 ], [ -38.1766, -12.47367 ], [ -38.17679, -12.47389 ], [ -38.17698, -12.47409 ], [ -38.17717, -12.47431 ], [ -38.17737, -12.47451 ], [ -38.17759, -12.47469 ], [ -38.17783, -12.47483 ], [ -38.17808, -12.47495 ], [ -38.17833, -12.47508 ], [ -38.17856, -12.47524 ], [ -38.17881, -12.47537 ], [ -38.17905, -12.47553 ], [ -38.17928, -12.4757 ], [ -38.17951, -12.47588 ], [ -38.17972, -12.47607 ], [ -38.17988, -12.4763 ], [ -38.18003, -12.47654 ], [ -38.18014, -12.4768 ], [ -38.18023, -12.47706 ], [ -38.18035, -12.47731 ], [ -38.18049, -12.47756 ], [ -38.18063, -12.4778 ], [ -38.18079, -12.47803 ], [ -38.18098, -12.47825 ], [ -38.18115, -12.47847 ], [ -38.18136, -12.47866 ], [ -38.18156, -12.47886 ], [ -38.18181, -12.47903 ], [ -38.18186, -12.47912 ], [ -38.18191, -12.47923 ], [ -38.18191, -12.47924 ], [ -38.18191, -12.47945 ], [ -38.18186, -12.4797 ], [ -38.18172, -12.47997 ], [ -38.18142, -12.48041 ], [ -38.18106, -12.4808 ], [ -38.18089, -12.48101 ], [ -38.18078, -12.48124 ], [ -38.18072, -12.4817 ], [ -38.18068, -12.48192 ], [ -38.18066, -12.48199 ], [ -38.18065, -12.48206 ], [ -38.18061, -12.48221 ], [ -38.18048, -12.48237 ], [ -38.17965, -12.48271 ], [ -38.17914, -12.48293 ], [ -38.17887, -12.48313 ], [ -38.17862, -12.48343 ], [ -38.17831, -12.48395 ], [ -38.17817, -12.48419 ], [ -38.178, -12.48442 ], [ -38.17784, -12.48465 ], [ -38.17771, -12.4849 ], [ -38.1776, -12.48516 ], [ -38.17751, -12.48542 ], [ -38.17746, -12.48569 ], [ -38.17741, -12.48597 ], [ -38.17737, -12.48624 ], [ -38.17734, -12.48651 ], [ -38.17739, -12.48679 ], [ -38.17739, -12.48693 ], [ -38.17739, -12.48706 ], [ -38.17745, -12.48734 ], [ -38.17745, -12.48761 ], [ -38.17739, -12.48789 ], [ -38.17721, -12.4881 ], [ -38.17698, -12.48826 ], [ -38.17671, -12.48835 ], [ -38.17643, -12.48839 ], [ -38.17615, -12.48839 ], [ -38.17587, -12.48842 ], [ -38.17532, -12.48841 ], [ -38.17504, -12.48847 ], [ -38.17477, -12.48857 ], [ -38.17449, -12.48864 ], [ -38.17421, -12.48869 ], [ -38.17393, -12.48876 ], [ -38.17367, -12.48887 ], [ -38.17327, -12.48915 ], [ -38.17319, -12.48921 ], [ -38.17261, -12.4896 ], [ -38.17246, -12.48966 ], [ -38.17212, -12.48978 ], [ -38.17198, -12.48984 ], [ -38.17141, -12.49005 ], [ -38.17129, -12.49006 ], [ -38.17111, -12.49006 ], [ -38.17045, -12.48981 ], [ -38.17034, -12.4898 ], [ -38.17018, -12.48979 ], [ -38.17015, -12.48979 ], [ -38.17001, -12.48988 ], [ -38.16993, -12.48998 ], [ -38.16989, -12.49003 ], [ -38.16964, -12.49043 ], [ -38.1694, -12.49083 ], [ -38.16931, -12.49103 ], [ -38.16924, -12.49107 ], [ -38.1692, -12.49111 ], [ -38.16914, -12.49115 ], [ -38.16894, -12.49122 ], [ -38.16861, -12.49127 ], [ -38.16846, -12.49124 ], [ -38.16829, -12.49121 ], [ -38.1681, -12.49111 ], [ -38.16791, -12.49089 ], [ -38.16783, -12.49074 ], [ -38.16775, -12.49032 ], [ -38.16764, -12.48998 ], [ -38.16742, -12.48959 ], [ -38.16736, -12.48931 ], [ -38.16736, -12.48904 ], [ -38.16729, -12.48876 ], [ -38.16717, -12.48852 ], [ -38.16698, -12.48832 ], [ -38.16673, -12.4882 ], [ -38.16645, -12.48821 ], [ -38.16616, -12.48827 ], [ -38.16588, -12.48824 ], [ -38.1655, -12.48824 ], [ -38.16522, -12.48828 ], [ -38.16509, -12.48833 ], [ -38.16495, -12.48838 ], [ -38.16473, -12.48857 ], [ -38.16448, -12.4887 ], [ -38.1642, -12.48874 ], [ -38.16392, -12.48873 ], [ -38.16365, -12.48868 ], [ -38.16337, -12.48865 ], [ -38.16309, -12.48865 ], [ -38.16279, -12.48871 ], [ -38.16266, -12.48878 ], [ -38.16213, -12.48905 ], [ -38.16151, -12.48954 ], [ -38.16129, -12.48973 ], [ -38.1611, -12.48994 ], [ -38.16066, -12.49071 ], [ -38.16055, -12.49097 ], [ -38.16048, -12.49124 ], [ -38.16043, -12.49153 ], [ -38.16042, -12.49181 ], [ -38.16047, -12.49208 ], [ -38.16053, -12.49235 ], [ -38.16065, -12.4926 ], [ -38.16082, -12.49283 ], [ -38.16102, -12.49305 ], [ -38.16125, -12.49319 ], [ -38.16148, -12.49337 ], [ -38.16166, -12.4936 ], [ -38.16172, -12.49387 ], [ -38.16173, -12.49415 ], [ -38.1616, -12.4944 ], [ -38.16148, -12.49452 ], [ -38.16136, -12.49463 ], [ -38.16135, -12.49463 ], [ -38.16111, -12.49481 ], [ -38.16091, -12.49503 ], [ -38.16078, -12.49523 ], [ -38.16073, -12.49531 ], [ -38.16056, -12.49554 ], [ -38.1605, -12.49563 ], [ -38.16031, -12.49575 ], [ -38.16004, -12.49587 ], [ -38.15994, -12.49593 ], [ -38.1598, -12.49609 ], [ -38.15965, -12.49628 ], [ -38.15955, -12.49635 ], [ -38.15935, -12.49642 ], [ -38.15913, -12.49645 ], [ -38.15883, -12.49645 ], [ -38.15859, -12.49638 ], [ -38.15824, -12.49614 ], [ -38.15767, -12.49567 ], [ -38.15744, -12.4955 ], [ -38.157, -12.49529 ], [ -38.15645, -12.4951 ], [ -38.1557, -12.4949 ], [ -38.15553, -12.4949 ], [ -38.15533, -12.49491 ], [ -38.15522, -12.49495 ], [ -38.15509, -12.49502 ], [ -38.15477, -12.49549 ], [ -38.15451, -12.49596 ], [ -38.15433, -12.49619 ], [ -38.15421, -12.49648 ], [ -38.1541, -12.49677 ], [ -38.1541, -12.49683 ], [ -38.15404, -12.49729 ], [ -38.15402, -12.49756 ], [ -38.15408, -12.49784 ], [ -38.15415, -12.49811 ], [ -38.15424, -12.49839 ], [ -38.15432, -12.49865 ], [ -38.1544, -12.49877 ], [ -38.15447, -12.49889 ], [ -38.15471, -12.49907 ], [ -38.15494, -12.49921 ], [ -38.15515, -12.4994 ], [ -38.15534, -12.4996 ], [ -38.1555, -12.49983 ], [ -38.15564, -12.50007 ], [ -38.15579, -12.5003 ], [ -38.15595, -12.50053 ], [ -38.15601, -12.5008 ], [ -38.15602, -12.50108 ], [ -38.15604, -12.50134 ], [ -38.15601, -12.50159 ], [ -38.15572, -12.50303 ], [ -38.15436, -12.50281 ], [ -38.15335, -12.50276 ], [ -38.15259, -12.50274 ], [ -38.15186, -12.5026 ], [ -38.15178, -12.50258 ], [ -38.15153, -12.50254 ], [ -38.15097, -12.50245 ], [ -38.15089, -12.50244 ], [ -38.15028, -12.50237 ], [ -38.14949, -12.50226 ], [ -38.14903, -12.50209 ], [ -38.14859, -12.50182 ], [ -38.14841, -12.50159 ], [ -38.14832, -12.5014 ], [ -38.14816, -12.50108 ], [ -38.14813, -12.50088 ], [ -38.14811, -12.50051 ], [ -38.14806, -12.50034 ], [ -38.14785, -12.50005 ], [ -38.1476, -12.4999 ], [ -38.14703, -12.49967 ], [ -38.14645, -12.49944 ], [ -38.14615, -12.49931 ], [ -38.14587, -12.49925 ], [ -38.14559, -12.4992 ], [ -38.14531, -12.49915 ], [ -38.14504, -12.49914 ], [ -38.14476, -12.49909 ], [ -38.14446, -12.49906 ], [ -38.14418, -12.499 ], [ -38.14392, -12.4989 ], [ -38.14365, -12.4988 ], [ -38.14349, -12.49872 ], [ -38.1434, -12.49868 ], [ -38.14314, -12.4986 ], [ -38.14289, -12.49848 ], [ -38.14264, -12.49836 ], [ -38.14239, -12.49825 ], [ -38.14214, -12.49813 ], [ -38.14188, -12.49803 ], [ -38.14161, -12.49793 ], [ -38.14135, -12.49781 ], [ -38.14109, -12.49771 ], [ -38.14104, -12.49768 ], [ -38.14089, -12.49766 ], [ -38.14089, -12.49766 ], [ -38.14027, -12.49801 ], [ -38.14026, -12.49801 ], [ -38.14007, -12.49807 ], [ -38.13989, -12.49814 ], [ -38.13962, -12.49829 ], [ -38.13949, -12.4984 ], [ -38.13935, -12.4985 ], [ -38.13908, -12.49858 ], [ -38.1388, -12.49864 ], [ -38.13852, -12.4987 ], [ -38.13828, -12.49881 ], [ -38.13804, -12.49898 ], [ -38.13782, -12.49916 ], [ -38.13755, -12.49926 ], [ -38.13727, -12.49931 ], [ -38.13701, -12.49941 ], [ -38.13676, -12.49954 ], [ -38.13651, -12.49967 ], [ -38.13626, -12.4998 ], [ -38.13601, -12.49992 ], [ -38.13576, -12.50006 ], [ -38.13563, -12.50012 ], [ -38.13551, -12.50019 ], [ -38.13526, -12.50033 ], [ -38.13501, -12.50045 ], [ -38.13474, -12.50053 ], [ -38.13446, -12.50056 ], [ -38.13418, -12.5006 ], [ -38.1339, -12.50063 ], [ -38.13362, -12.50063 ], [ -38.13332, -12.50067 ], [ -38.13304, -12.5007 ], [ -38.13277, -12.50079 ], [ -38.13251, -12.5009 ], [ -38.13226, -12.50102 ], [ -38.13198, -12.50119 ], [ -38.1317, -12.50139 ], [ -38.13142, -12.50159 ], [ -38.13071, -12.50243 ], [ -38.13035, -12.50305 ], [ -38.12971, -12.50355 ], [ -38.12943, -12.50395 ], [ -38.12896, -12.50461 ], [ -38.12847, -12.50503 ], [ -38.12784, -12.50537 ], [ -38.12666, -12.50615 ], [ -38.12584, -12.5066 ], [ -38.12543, -12.50677 ], [ -38.12495, -12.5069 ], [ -38.12451, -12.50717 ], [ -38.12406, -12.50742 ], [ -38.1238, -12.50765 ], [ -38.12343, -12.50804 ], [ -38.12331, -12.50823 ], [ -38.12315, -12.50841 ], [ -38.12296, -12.5085 ], [ -38.12275, -12.5085 ], [ -38.12258, -12.50845 ], [ -38.12242, -12.50834 ], [ -38.12221, -12.50811 ], [ -38.12207, -12.50786 ], [ -38.12189, -12.50762 ], [ -38.1217, -12.50751 ], [ -38.12151, -12.50751 ], [ -38.12137, -12.50755 ], [ -38.12118, -12.50769 ], [ -38.12104, -12.5079 ], [ -38.12083, -12.50813 ], [ -38.12069, -12.50822 ], [ -38.12048, -12.50822 ], [ -38.12027, -12.50824 ], [ -38.12015, -12.50831 ], [ -38.12006, -12.50845 ], [ -38.11992, -12.50863 ], [ -38.11985, -12.50886 ], [ -38.11973, -12.50911 ], [ -38.11961, -12.5093 ], [ -38.11942, -12.50948 ], [ -38.11917, -12.50957 ], [ -38.11863, -12.50954 ], [ -38.11818, -12.50945 ], [ -38.11783, -12.5094 ], [ -38.11765, -12.50931 ], [ -38.11739, -12.50913 ], [ -38.11723, -12.50887 ], [ -38.11699, -12.50855 ], [ -38.11671, -12.50811 ], [ -38.11629, -12.50761 ], [ -38.11597, -12.50719 ], [ -38.1159, -12.50708 ], [ -38.11583, -12.50692 ], [ -38.11581, -12.50666 ], [ -38.11578, -12.50639 ], [ -38.11583, -12.50597 ], [ -38.11579, -12.50579 ], [ -38.11567, -12.50563 ], [ -38.1156, -12.50562 ], [ -38.11551, -12.5056 ], [ -38.11525, -12.5056 ], [ -38.11494, -12.50569 ], [ -38.11478, -12.50581 ], [ -38.11464, -12.50583 ], [ -38.1144, -12.50581 ], [ -38.11422, -12.50574 ], [ -38.11403, -12.50567 ], [ -38.11373, -12.50555 ], [ -38.11338, -12.50555 ], [ -38.11291, -12.50569 ], [ -38.11265, -12.50589 ], [ -38.11248, -12.50612 ], [ -38.1123, -12.50665 ], [ -38.11222, -12.50713 ], [ -38.11215, -12.50778 ], [ -38.11192, -12.50828 ], [ -38.1118, -12.50847 ], [ -38.11175, -12.50867 ], [ -38.11177, -12.50888 ], [ -38.11189, -12.50906 ], [ -38.11205, -12.5092 ], [ -38.11222, -12.50936 ], [ -38.11236, -12.50957 ], [ -38.11245, -12.50978 ], [ -38.11245, -12.51017 ], [ -38.11235, -12.51044 ], [ -38.11228, -12.51063 ], [ -38.11205, -12.51097 ], [ -38.11186, -12.51111 ], [ -38.1117, -12.5112 ], [ -38.11137, -12.51125 ], [ -38.1112, -12.51122 ], [ -38.11099, -12.51113 ], [ -38.11076, -12.51097 ], [ -38.11074, -12.51095 ], [ -38.11022, -12.51062 ], [ -38.10955, -12.51016 ], [ -38.10913, -12.51 ], [ -38.10877, -12.50997 ], [ -38.10861, -12.50995 ], [ -38.10835, -12.50997 ], [ -38.10801, -12.50979 ], [ -38.10761, -12.50945 ], [ -38.10731, -12.50923 ], [ -38.10714, -12.509 ], [ -38.10707, -12.5088 ], [ -38.10706, -12.50863 ], [ -38.10707, -12.50841 ], [ -38.10714, -12.50815 ], [ -38.10731, -12.50778 ], [ -38.10738, -12.50753 ], [ -38.10736, -12.50732 ], [ -38.10736, -12.50716 ], [ -38.10729, -12.50712 ], [ -38.10696, -12.50714 ], [ -38.10663, -12.50725 ], [ -38.10644, -12.50725 ], [ -38.10621, -12.50716 ], [ -38.10586, -12.507 ], [ -38.10558, -12.50672 ], [ -38.10535, -12.50631 ], [ -38.10533, -12.50616 ], [ -38.1053, -12.50601 ], [ -38.10521, -12.50571 ], [ -38.10509, -12.50545 ], [ -38.10509, -12.50545 ], [ -38.10493, -12.50525 ], [ -38.10451, -12.50467 ], [ -38.10442, -12.50446 ], [ -38.10386, -12.504 ], [ -38.10297, -12.50386 ], [ -38.10239, -12.50349 ], [ -38.10143, -12.50282 ], [ -38.10092, -12.50254 ], [ -38.10019, -12.5024 ], [ -38.09942, -12.50233 ], [ -38.09902, -12.50226 ], [ -38.09802, -12.50214 ], [ -38.09702, -12.50182 ], [ -38.09664, -12.50159 ], [ -38.09668, -12.50073 ], [ -38.09666, -12.50029 ], [ -38.09659, -12.50002 ], [ -38.09652, -12.49974 ], [ -38.09642, -12.49948 ], [ -38.0963, -12.49924 ], [ -38.09615, -12.49899 ], [ -38.09598, -12.49876 ], [ -38.0958, -12.49853 ], [ -38.09558, -12.49814 ], [ -38.09553, -12.49801 ], [ -38.09548, -12.49789 ], [ -38.09548, -12.49774 ], [ -38.09548, -12.49761 ], [ -38.09556, -12.49718 ], [ -38.09557, -12.49696 ], [ -38.09557, -12.49627 ], [ -38.09557, -12.49592 ], [ -38.09557, -12.49579 ], [ -38.09563, -12.49557 ], [ -38.09583, -12.49529 ], [ -38.09592, -12.49509 ], [ -38.09602, -12.49448 ], [ -38.09601, -12.49439 ], [ -38.09598, -12.49437 ], [ -38.0959, -12.49435 ], [ -38.09565, -12.49431 ], [ -38.09557, -12.49428 ], [ -38.09555, -12.49427 ], [ -38.09544, -12.49422 ], [ -38.09524, -12.49414 ], [ -38.09515, -12.49411 ], [ -38.09509, -12.49403 ], [ -38.09505, -12.49395 ], [ -38.09504, -12.49394 ], [ -38.09505, -12.49372 ], [ -38.09518, -12.49345 ], [ -38.09538, -12.49298 ], [ -38.09563, -12.49251 ], [ -38.09593, -12.49206 ], [ -38.09609, -12.49183 ], [ -38.09627, -12.49161 ], [ -38.09646, -12.49141 ], [ -38.09668, -12.49122 ], [ -38.09687, -12.49101 ], [ -38.09706, -12.49081 ], [ -38.0973, -12.49066 ], [ -38.09758, -12.49059 ], [ -38.09784, -12.49049 ], [ -38.09808, -12.49035 ], [ -38.09818, -12.49025 ], [ -38.09837, -12.49008 ], [ -38.09858, -12.48974 ], [ -38.09869, -12.48945 ], [ -38.09869, -12.48922 ], [ -38.09866, -12.48888 ], [ -38.09863, -12.48864 ], [ -38.09863, -12.48847 ], [ -38.09863, -12.4883 ], [ -38.09862, -12.48807 ], [ -38.09856, -12.48792 ], [ -38.09845, -12.48767 ], [ -38.09842, -12.48744 ], [ -38.09847, -12.48726 ], [ -38.09862, -12.48711 ], [ -38.09891, -12.48701 ], [ -38.09911, -12.487 ], [ -38.09946, -12.487 ], [ -38.09956, -12.487 ], [ -38.09968, -12.487 ], [ -38.09978, -12.48696 ], [ -38.09995, -12.48678 ], [ -38.10019, -12.48625 ], [ -38.10025, -12.48597 ], [ -38.10034, -12.48571 ], [ -38.10043, -12.48545 ], [ -38.10043, -12.48516 ], [ -38.1004, -12.48487 ], [ -38.10036, -12.48467 ], [ -38.10036, -12.48456 ], [ -38.10046, -12.48434 ], [ -38.10067, -12.48399 ], [ -38.10081, -12.48367 ], [ -38.10088, -12.48352 ], [ -38.10089, -12.48328 ], [ -38.10082, -12.48299 ], [ -38.10072, -12.48282 ], [ -38.10063, -12.48276 ], [ -38.10046, -12.48253 ], [ -38.10034, -12.48228 ], [ -38.10028, -12.48201 ], [ -38.10025, -12.48173 ], [ -38.10011, -12.48149 ], [ -38.09987, -12.48133 ], [ -38.09982, -12.48128 ], [ -38.09974, -12.48121 ], [ -38.09967, -12.48114 ], [ -38.09957, -12.48088 ], [ -38.09955, -12.4806 ], [ -38.09952, -12.48033 ], [ -38.09938, -12.4801 ], [ -38.09938, -12.47982 ], [ -38.0994, -12.47973 ], [ -38.0994, -12.47971 ], [ -38.09938, -12.47967 ], [ -38.09924, -12.47967 ], [ -38.09906, -12.4797 ], [ -38.09892, -12.47979 ], [ -38.09883, -12.47981 ], [ -38.09873, -12.47982 ], [ -38.09864, -12.47975 ], [ -38.09862, -12.47969 ], [ -38.09856, -12.47917 ], [ -38.09849, -12.47885 ], [ -38.09842, -12.47876 ], [ -38.09838, -12.4787 ], [ -38.09826, -12.47868 ], [ -38.09811, -12.47867 ], [ -38.09783, -12.47873 ], [ -38.09774, -12.47874 ], [ -38.09756, -12.47875 ], [ -38.09725, -12.47864 ], [ -38.09679, -12.47843 ], [ -38.09653, -12.47838 ], [ -38.09644, -12.47838 ], [ -38.09624, -12.47839 ], [ -38.09596, -12.47849 ], [ -38.09586, -12.47858 ], [ -38.09578, -12.47871 ], [ -38.09577, -12.47887 ], [ -38.09583, -12.47939 ], [ -38.09582, -12.47965 ], [ -38.09575, -12.47993 ], [ -38.09554, -12.48011 ], [ -38.09531, -12.48029 ], [ -38.09506, -12.48042 ], [ -38.09478, -12.4805 ], [ -38.0945, -12.48056 ], [ -38.09422, -12.4805 ], [ -38.09397, -12.48036 ], [ -38.09376, -12.48017 ], [ -38.0936, -12.47994 ], [ -38.09349, -12.47969 ], [ -38.0932, -12.47937 ], [ -38.09317, -12.47933 ], [ -38.09308, -12.47911 ], [ -38.09291, -12.47837 ], [ -38.09285, -12.47794 ], [ -38.09276, -12.47768 ], [ -38.09255, -12.47748 ], [ -38.09234, -12.47743 ], [ -38.09228, -12.47743 ], [ -38.092, -12.47741 ], [ -38.09169, -12.47742 ], [ -38.09147, -12.4775 ], [ -38.09132, -12.47765 ], [ -38.09106, -12.47804 ], [ -38.09091, -12.47818 ], [ -38.09077, -12.47825 ], [ -38.09069, -12.47826 ], [ -38.09054, -12.47826 ], [ -38.09005, -12.47807 ], [ -38.09002, -12.47806 ], [ -38.08964, -12.47796 ], [ -38.08926, -12.47791 ], [ -38.08894, -12.47791 ], [ -38.0887, -12.478 ], [ -38.08838, -12.478 ], [ -38.08828, -12.47801 ], [ -38.08825, -12.47801 ], [ -38.08812, -12.47792 ], [ -38.08786, -12.47754 ], [ -38.08762, -12.47717 ], [ -38.0875, -12.47691 ], [ -38.08741, -12.47662 ], [ -38.08738, -12.47633 ], [ -38.08744, -12.47604 ], [ -38.08745, -12.4746 ], [ -38.08733, -12.47434 ], [ -38.0871, -12.47417 ], [ -38.0868, -12.47414 ], [ -38.08668, -12.47417 ], [ -38.08659, -12.47421 ], [ -38.08654, -12.47422 ], [ -38.08654, -12.47422 ], [ -38.08624, -12.47422 ], [ -38.08598, -12.4741 ], [ -38.08581, -12.47387 ], [ -38.08566, -12.47361 ], [ -38.08543, -12.47344 ], [ -38.08516, -12.47332 ], [ -38.08493, -12.47315 ], [ -38.08472, -12.47292 ], [ -38.08458, -12.47266 ], [ -38.08446, -12.4724 ], [ -38.08434, -12.47213 ], [ -38.08408, -12.47199 ], [ -38.08378, -12.47199 ], [ -38.08349, -12.47207 ], [ -38.08325, -12.47228 ], [ -38.08305, -12.47251 ], [ -38.08288, -12.47266 ], [ -38.0828, -12.47272 ], [ -38.08262, -12.47276 ], [ -38.08239, -12.47276 ], [ -38.08165, -12.4727 ], [ -38.08125, -12.4727 ], [ -38.0812, -12.47266 ], [ -38.08118, -12.47265 ], [ -38.08114, -12.4726 ], [ -38.08075, -12.47205 ], [ -38.08048, -12.47169 ], [ -38.08046, -12.47167 ], [ -38.08022, -12.47146 ], [ -38.08009, -12.47127 ], [ -38.07995, -12.47107 ], [ -38.07966, -12.4705 ], [ -38.07938, -12.47002 ], [ -38.07922, -12.46979 ], [ -38.079, -12.46962 ], [ -38.07877, -12.46947 ], [ -38.07852, -12.46936 ], [ -38.07824, -12.46936 ], [ -38.07796, -12.46938 ], [ -38.07762, -12.46938 ], [ -38.07734, -12.46932 ], [ -38.077, -12.46929 ], [ -38.07672, -12.46937 ], [ -38.07645, -12.46942 ], [ -38.07617, -12.46936 ], [ -38.07593, -12.4692 ], [ -38.07568, -12.46907 ], [ -38.0754, -12.46906 ], [ -38.07526, -12.46911 ], [ -38.07519, -12.4692 ], [ -38.07504, -12.46955 ], [ -38.07499, -12.46979 ], [ -38.07493, -12.47001 ], [ -38.07481, -12.47015 ], [ -38.07477, -12.47017 ], [ -38.0747, -12.4702 ], [ -38.07456, -12.47022 ], [ -38.07445, -12.47019 ], [ -38.07436, -12.47006 ], [ -38.07427, -12.46989 ], [ -38.07417, -12.46967 ], [ -38.07411, -12.46963 ], [ -38.07394, -12.4696 ], [ -38.07362, -12.46949 ], [ -38.0734, -12.46932 ], [ -38.07324, -12.46909 ], [ -38.0731, -12.46886 ], [ -38.07292, -12.46864 ], [ -38.07266, -12.46853 ], [ -38.07256, -12.46843 ], [ -38.07247, -12.46833 ], [ -38.07235, -12.46807 ], [ -38.07223, -12.46792 ], [ -38.0721, -12.46791 ], [ -38.07199, -12.46799 ], [ -38.0717, -12.46824 ], [ -38.07151, -12.46848 ], [ -38.07147, -12.46853 ], [ -38.07138, -12.46853 ], [ -38.07133, -12.46847 ], [ -38.07127, -12.4684 ], [ -38.07125, -12.46835 ], [ -38.0712, -12.46794 ], [ -38.07119, -12.46775 ], [ -38.07119, -12.46773 ], [ -38.07113, -12.46744 ], [ -38.07105, -12.46718 ], [ -38.07093, -12.46692 ], [ -38.07078, -12.46669 ], [ -38.07058, -12.46649 ], [ -38.07031, -12.46637 ], [ -38.07002, -12.46634 ], [ -38.06973, -12.46645 ], [ -38.06962, -12.46652 ], [ -38.06956, -12.46659 ], [ -38.06955, -12.46667 ], [ -38.06954, -12.46694 ], [ -38.06953, -12.46711 ], [ -38.06948, -12.4672 ], [ -38.06941, -12.46726 ], [ -38.06932, -12.46725 ], [ -38.0691, -12.46733 ], [ -38.06895, -12.4674 ], [ -38.06867, -12.4675 ], [ -38.06852, -12.4675 ], [ -38.06848, -12.4675 ], [ -38.06822, -12.46744 ], [ -38.06798, -12.46737 ], [ -38.06792, -12.46737 ], [ -38.06787, -12.4674 ], [ -38.06785, -12.46742 ], [ -38.06774, -12.46756 ], [ -38.06744, -12.46777 ], [ -38.06739, -12.4678 ], [ -38.06712, -12.46796 ], [ -38.06696, -12.46814 ], [ -38.06696, -12.46824 ], [ -38.06698, -12.46843 ], [ -38.06719, -12.46879 ], [ -38.06735, -12.46901 ], [ -38.06751, -12.46922 ], [ -38.06766, -12.46948 ], [ -38.0678, -12.46974 ], [ -38.06795, -12.46997 ], [ -38.0681, -12.4702 ], [ -38.0683, -12.47041 ], [ -38.06845, -12.47064 ], [ -38.06856, -12.4709 ], [ -38.06868, -12.47116 ], [ -38.06891, -12.47136 ], [ -38.06909, -12.47149 ], [ -38.06915, -12.47153 ], [ -38.06938, -12.47168 ], [ -38.06965, -12.47177 ], [ -38.06994, -12.47174 ], [ -38.07024, -12.47171 ], [ -38.07056, -12.47174 ], [ -38.07082, -12.47189 ], [ -38.07097, -12.47215 ], [ -38.07094, -12.47244 ], [ -38.07073, -12.4727 ], [ -38.07064, -12.47298 ], [ -38.07036, -12.47351 ], [ -38.06972, -12.47412 ], [ -38.06945, -12.47442 ], [ -38.06938, -12.47454 ], [ -38.06937, -12.47454 ], [ -38.06931, -12.47466 ], [ -38.06931, -12.47483 ], [ -38.06934, -12.47491 ], [ -38.06938, -12.47499 ], [ -38.06938, -12.47499 ], [ -38.06949, -12.47515 ], [ -38.06978, -12.47572 ], [ -38.07003, -12.47613 ], [ -38.07018, -12.47636 ], [ -38.07017, -12.47646 ], [ -38.07016, -12.4765 ], [ -38.07015, -12.47657 ], [ -38.0701, -12.47662 ], [ -38.07003, -12.47663 ], [ -38.06965, -12.47662 ], [ -38.06927, -12.47662 ], [ -38.06911, -12.47664 ], [ -38.06906, -12.47668 ], [ -38.06894, -12.47675 ], [ -38.06889, -12.47684 ], [ -38.06884, -12.47698 ], [ -38.06872, -12.47732 ], [ -38.06854, -12.4778 ], [ -38.06845, -12.47809 ], [ -38.06836, -12.47835 ], [ -38.06821, -12.47861 ], [ -38.06806, -12.47884 ], [ -38.06789, -12.47907 ], [ -38.06774, -12.4793 ], [ -38.06753, -12.47953 ], [ -38.0673, -12.4797 ], [ -38.06703, -12.47979 ], [ -38.06674, -12.47976 ], [ -38.06647, -12.47964 ], [ -38.06618, -12.47961 ], [ -38.06605, -12.47965 ], [ -38.06592, -12.4797 ], [ -38.06565, -12.47984 ], [ -38.06547, -12.48007 ], [ -38.06533, -12.4803 ], [ -38.06527, -12.48059 ], [ -38.06521, -12.48088 ], [ -38.06512, -12.48114 ], [ -38.06503, -12.4814 ], [ -38.06494, -12.48166 ], [ -38.06479, -12.48192 ], [ -38.06467, -12.48218 ], [ -38.06458, -12.48244 ], [ -38.06449, -12.4827 ], [ -38.06438, -12.48295 ], [ -38.06429, -12.48321 ], [ -38.06417, -12.48347 ], [ -38.06408, -12.48376 ], [ -38.06402, -12.48405 ], [ -38.06405, -12.4844 ], [ -38.06409, -12.48459 ], [ -38.06419, -12.48475 ], [ -38.06423, -12.48481 ], [ -38.0645, -12.48526 ], [ -38.06475, -12.48564 ], [ -38.06495, -12.48587 ], [ -38.06513, -12.48611 ], [ -38.0653, -12.48634 ], [ -38.06545, -12.48657 ], [ -38.06563, -12.4868 ], [ -38.06574, -12.48709 ], [ -38.06571, -12.48741 ], [ -38.06565, -12.4877 ], [ -38.06553, -12.48796 ], [ -38.06534, -12.48816 ], [ -38.06511, -12.48831 ], [ -38.06496, -12.48839 ], [ -38.06464, -12.48856 ], [ -38.06436, -12.48884 ], [ -38.06419, -12.48909 ], [ -38.06412, -12.48928 ], [ -38.06403, -12.48954 ], [ -38.064, -12.48983 ], [ -38.064, -12.49012 ], [ -38.06406, -12.4904 ], [ -38.06414, -12.49069 ], [ -38.0642, -12.49098 ], [ -38.06429, -12.49127 ], [ -38.06438, -12.49153 ], [ -38.06446, -12.49179 ], [ -38.06458, -12.49205 ], [ -38.0647, -12.49231 ], [ -38.06484, -12.49257 ], [ -38.06493, -12.49283 ], [ -38.06504, -12.49309 ], [ -38.06513, -12.49338 ], [ -38.06519, -12.49367 ], [ -38.06525, -12.49399 ], [ -38.06525, -12.49428 ], [ -38.06522, -12.49457 ], [ -38.06522, -12.49486 ], [ -38.06516, -12.49515 ], [ -38.06516, -12.4952 ], [ -38.06506, -12.49582 ], [ -38.06505, -12.4959 ], [ -38.065, -12.4962 ], [ -38.065, -12.49646 ], [ -38.06507, -12.4967 ], [ -38.06521, -12.49687 ], [ -38.06553, -12.49726 ], [ -38.06574, -12.49746 ], [ -38.066, -12.49755 ], [ -38.06626, -12.49763 ], [ -38.06653, -12.49775 ], [ -38.06676, -12.49792 ], [ -38.06703, -12.49807 ], [ -38.06735, -12.49813 ], [ -38.06764, -12.49816 ], [ -38.06791, -12.49825 ], [ -38.06814, -12.49842 ], [ -38.06844, -12.49848 ], [ -38.06873, -12.49851 ], [ -38.06902, -12.49857 ], [ -38.06929, -12.49865 ], [ -38.06955, -12.49877 ], [ -38.06968, -12.49881 ], [ -38.06982, -12.49886 ], [ -38.07008, -12.49897 ], [ -38.07031, -12.49912 ], [ -38.07058, -12.49924 ], [ -38.07084, -12.49935 ], [ -38.07111, -12.49947 ], [ -38.0714, -12.4995 ], [ -38.07193, -12.49973 ], [ -38.07213, -12.49994 ], [ -38.07228, -12.50017 ], [ -38.0724, -12.50043 ], [ -38.07248, -12.50069 ], [ -38.0726, -12.50089 ], [ -38.07261, -12.50093 ], [ -38.073, -12.5015 ], [ -38.07313, -12.5019 ], [ -38.07318, -12.50227 ], [ -38.07311, -12.50276 ], [ -38.07297, -12.50324 ], [ -38.07272, -12.50368 ], [ -38.0725, -12.50388 ], [ -38.07227, -12.50407 ], [ -38.07185, -12.50438 ], [ -38.07142, -12.50491 ], [ -38.07094, -12.50572 ], [ -38.07027, -12.50669 ], [ -38.06946, -12.50803 ], [ -38.06797, -12.51035 ], [ -38.06781, -12.51071 ], [ -38.06768, -12.51121 ], [ -38.06761, -12.51161 ], [ -38.06749, -12.51214 ], [ -38.06729, -12.51264 ], [ -38.06704, -12.51321 ], [ -38.06681, -12.51436 ], [ -38.06677, -12.51475 ], [ -38.06659, -12.51519 ], [ -38.06652, -12.51557 ], [ -38.06656, -12.51623 ], [ -38.06671, -12.51687 ], [ -38.06689, -12.51737 ], [ -38.06696, -12.51781 ], [ -38.06684, -12.51817 ], [ -38.06644, -12.51891 ], [ -38.06592, -12.51964 ], [ -38.06583, -12.51999 ], [ -38.06585, -12.52045 ], [ -38.06609, -12.52107 ], [ -38.06643, -12.5216 ], [ -38.06672, -12.52186 ], [ -38.06683, -12.52198 ], [ -38.06688, -12.52213 ], [ -38.0669, -12.52235 ], [ -38.06678, -12.52277 ], [ -38.06663, -12.52314 ], [ -38.06638, -12.52354 ], [ -38.06591, -12.52393 ], [ -38.06539, -12.52448 ], [ -38.06507, -12.52481 ], [ -38.06485, -12.52525 ], [ -38.06455, -12.52584 ], [ -38.06401, -12.52661 ], [ -38.06363, -12.52742 ], [ -38.06331, -12.5283 ], [ -38.06322, -12.52896 ], [ -38.0632, -12.52965 ], [ -38.06324, -12.53011 ], [ -38.06342, -12.53051 ], [ -38.06344, -12.53108 ], [ -38.06344, -12.53132 ], [ -38.06343, -12.53196 ], [ -38.06348, -12.53273 ], [ -38.0635, -12.53313 ], [ -38.06365, -12.53332 ], [ -38.06397, -12.53337 ], [ -38.06426, -12.53335 ], [ -38.06459, -12.53346 ], [ -38.06491, -12.53359 ], [ -38.06522, -12.5339 ], [ -38.06578, -12.53434 ], [ -38.06618, -12.53461 ], [ -38.06665, -12.53466 ], [ -38.06696, -12.53463 ], [ -38.06741, -12.53448 ], [ -38.06782, -12.53448 ], [ -38.06809, -12.53455 ], [ -38.06842, -12.53477 ], [ -38.06876, -12.53497 ], [ -38.06934, -12.53524 ], [ -38.0694, -12.53541 ], [ -38.06943, -12.53583 ], [ -38.06936, -12.53616 ], [ -38.06927, -12.53627 ], [ -38.06902, -12.53642 ], [ -38.06871, -12.53653 ], [ -38.06846, -12.5366 ], [ -38.06832, -12.53668 ], [ -38.06819, -12.53675 ], [ -38.0681, -12.53693 ], [ -38.06803, -12.53706 ], [ -38.06799, -12.53739 ], [ -38.06805, -12.53779 ], [ -38.06809, -12.53849 ], [ -38.06814, -12.53902 ], [ -38.06807, -12.53926 ], [ -38.06742, -12.53992 ], [ -38.06715, -12.54018 ], [ -38.06701, -12.54047 ], [ -38.06701, -12.54082 ], [ -38.06716, -12.54128 ], [ -38.06716, -12.54172 ], [ -38.0671, -12.54192 ], [ -38.06674, -12.54221 ], [ -38.06602, -12.54236 ], [ -38.06505, -12.54238 ], [ -38.06461, -12.54255 ], [ -38.06422, -12.54292 ], [ -38.06413, -12.54321 ], [ -38.06431, -12.54356 ], [ -38.06469, -12.54392 ], [ -38.0648, -12.54427 ], [ -38.0648, -12.5446 ], [ -38.06469, -12.54482 ], [ -38.06442, -12.54506 ], [ -38.06406, -12.54528 ], [ -38.06359, -12.54574 ], [ -38.06305, -12.54638 ], [ -38.06262, -12.54699 ], [ -38.06226, -12.5473 ], [ -38.06197, -12.54747 ], [ -38.0619, -12.54774 ], [ -38.0619, -12.54816 ], [ -38.06201, -12.54831 ], [ -38.06232, -12.54842 ], [ -38.06261, -12.54853 ], [ -38.06281, -12.54869 ], [ -38.06299, -12.54889 ], [ -38.06301, -12.54908 ], [ -38.06294, -12.54955 ], [ -38.06279, -12.5497 ], [ -38.06241, -12.54996 ], [ -38.06225, -12.55012 ], [ -38.06209, -12.55042 ], [ -38.06209, -12.55069 ], [ -38.06227, -12.55117 ], [ -38.0626, -12.55159 ], [ -38.0628, -12.55188 ], [ -38.06278, -12.55243 ], [ -38.06262, -12.55265 ], [ -38.06235, -12.55274 ], [ -38.06145, -12.55293 ], [ -38.06085, -12.55302 ], [ -38.06009, -12.55286 ], [ -38.05968, -12.55275 ], [ -38.05937, -12.55277 ], [ -38.05919, -12.55303 ], [ -38.05903, -12.55325 ], [ -38.0591, -12.55361 ], [ -38.05912, -12.55398 ], [ -38.05874, -12.55462 ], [ -38.05786, -12.55565 ], [ -38.05705, -12.55662 ], [ -38.05691, -12.55697 ], [ -38.05686, -12.55765 ], [ -38.05675, -12.55831 ], [ -38.05657, -12.55882 ], [ -38.05616, -12.55941 ], [ -38.05589, -12.5598 ], [ -38.05564, -12.5604 ], [ -38.05513, -12.5613 ], [ -38.05474, -12.56185 ], [ -38.05422, -12.56257 ], [ -38.05391, -12.56294 ], [ -38.05346, -12.5631 ], [ -38.05288, -12.56321 ], [ -38.05236, -12.56314 ], [ -38.05158, -12.563 ], [ -38.05139, -12.56298 ], [ -38.0512, -12.56296 ], [ -38.05061, -12.563 ], [ -38.05003, -12.56295 ], [ -38.0498, -12.56289 ], [ -38.04969, -12.56287 ], [ -38.04936, -12.56279 ], [ -38.04905, -12.56271 ], [ -38.04846, -12.5626 ], [ -38.04757, -12.56246 ], [ -38.04678, -12.56237 ], [ -38.04602, -12.56239 ], [ -38.04506, -12.56227 ], [ -38.04471, -12.56229 ], [ -38.0446, -12.5623 ], [ -38.04421, -12.56232 ], [ -38.04358, -12.56253 ], [ -38.04342, -12.56289 ], [ -38.04346, -12.56319 ], [ -38.0436, -12.5635 ], [ -38.04395, -12.56397 ], [ -38.04409, -12.56417 ], [ -38.04444, -12.56469 ], [ -38.04478, -12.5652 ], [ -38.0452, -12.56589 ], [ -38.0454, -12.56653 ], [ -38.04584, -12.56721 ], [ -38.04638, -12.56805 ], [ -38.04696, -12.56873 ], [ -38.04734, -12.56942 ], [ -38.04752, -12.57025 ], [ -38.0474, -12.57067 ], [ -38.04711, -12.57076 ], [ -38.04657, -12.57078 ], [ -38.04561, -12.57084 ], [ -38.04548, -12.57084 ], [ -38.04393, -12.57077 ], [ -38.04307, -12.57067 ], [ -38.04261, -12.57061 ], [ -38.04213, -12.57061 ], [ -38.042, -12.57061 ], [ -38.04155, -12.57083 ], [ -38.04128, -12.57131 ], [ -38.04124, -12.57173 ], [ -38.04164, -12.57274 ], [ -38.04172, -12.5729 ], [ -38.0421, -12.5736 ], [ -38.04257, -12.57444 ], [ -38.04304, -12.57539 ], [ -38.04368, -12.57671 ], [ -38.04433, -12.57784 ], [ -38.04547, -12.57921 ], [ -38.04591, -12.57991 ], [ -38.04636, -12.58079 ], [ -38.0468, -12.58236 ], [ -38.04713, -12.58342 ], [ -38.04713, -12.58386 ], [ -38.0471, -12.58397 ], [ -38.04706, -12.58411 ], [ -38.04702, -12.58428 ], [ -38.04668, -12.58458 ], [ -38.04628, -12.58467 ], [ -38.04567, -12.58471 ], [ -38.04529, -12.58478 ], [ -38.0448, -12.58488 ], [ -38.04441, -12.58504 ], [ -38.04361, -12.58554 ], [ -38.04304, -12.58591 ], [ -38.04248, -12.58628 ], [ -38.04172, -12.58672 ], [ -38.0413, -12.58689 ], [ -38.0412, -12.58693 ], [ -38.04116, -12.58694 ], [ -38.04108, -12.58698 ], [ -38.04104, -12.58699 ], [ -38.04033, -12.58729 ], [ -38.04007, -12.58743 ], [ -38.03981, -12.58757 ], [ -38.03934, -12.58792 ], [ -38.03828, -12.58871 ], [ -38.03669, -12.58946 ], [ -38.03622, -12.58978 ], [ -38.03581, -12.58989 ], [ -38.035, -12.58991 ], [ -38.03413, -12.58997 ], [ -38.03359, -12.59002 ], [ -38.03328, -12.59035 ], [ -38.03319, -12.59072 ], [ -38.03339, -12.59098 ], [ -38.03392, -12.59143 ], [ -38.03408, -12.59178 ], [ -38.0341, -12.59226 ], [ -38.03385, -12.59259 ], [ -38.03336, -12.59279 ], [ -38.0323, -12.59309 ], [ -38.03163, -12.59347 ], [ -38.03149, -12.59397 ], [ -38.03167, -12.59459 ], [ -38.03194, -12.59525 ], [ -38.03182, -12.59573 ], [ -38.03179, -12.59583 ], [ -38.03164, -12.5962 ], [ -38.03153, -12.59657 ], [ -38.03108, -12.5969 ], [ -38.03061, -12.59706 ], [ -38.03022, -12.5972 ], [ -38.0303, -12.5974 ], [ -38.03056, -12.59781 ], [ -38.03092, -12.59824 ], [ -38.03123, -12.59877 ], [ -38.0315, -12.59934 ], [ -38.03194, -12.59998 ], [ -38.03263, -12.60064 ], [ -38.03294, -12.60121 ], [ -38.03362, -12.60171 ], [ -38.0341, -12.60238 ], [ -38.03458, -12.60294 ], [ -38.03502, -12.60333 ], [ -38.03549, -12.60373 ], [ -38.0359, -12.60443 ], [ -38.03628, -12.60476 ], [ -38.03676, -12.60533 ], [ -38.0372, -12.60586 ], [ -38.03775, -12.60663 ], [ -38.03833, -12.60736 ], [ -38.03884, -12.60793 ], [ -38.03932, -12.60856 ], [ -38.03987, -12.6092 ], [ -38.04042, -12.60986 ], [ -38.04089, -12.61043 ], [ -38.04126, -12.61112 ], [ -38.04174, -12.61193 ], [ -38.04203, -12.61295 ], [ -38.04216, -12.61352 ], [ -38.04219, -12.61361 ], [ -38.04226, -12.61427 ], [ -38.04242, -12.61459 ], [ -38.04251, -12.6151 ], [ -38.04258, -12.61556 ], [ -38.04258, -12.61557 ], [ -38.04258, -12.61594 ], [ -38.04257, -12.61604 ], [ -38.0423, -12.61658 ], [ -38.04231, -12.61738 ], [ -38.04238, -12.61797 ], [ -38.04246, -12.61854 ], [ -38.04246, -12.61854 ], [ -38.04269, -12.61889 ], [ -38.04298, -12.61901 ], [ -38.04304, -12.61917 ], [ -38.04318, -12.61952 ], [ -38.04347, -12.61968 ], [ -38.0442, -12.62012 ], [ -38.04433, -12.62019 ], [ -38.04441, -12.62033 ], [ -38.04472, -12.62084 ], [ -38.04495, -12.6213 ], [ -38.04526, -12.62214 ], [ -38.04546, -12.623 ], [ -38.04553, -12.62368 ], [ -38.04554, -12.62442 ], [ -38.04555, -12.62487 ], [ -38.04566, -12.62555 ], [ -38.04561, -12.62606 ], [ -38.04548, -12.62679 ], [ -38.04522, -12.62743 ], [ -38.04483, -12.62807 ], [ -38.04482, -12.62816 ], [ -38.04482, -12.62817 ], [ -38.04475, -12.6286 ], [ -38.04478, -12.6291 ], [ -38.04478, -12.62988 ], [ -38.04477, -12.63077 ], [ -38.04488, -12.63118 ], [ -38.04532, -12.63222 ], [ -38.04563, -12.63274 ], [ -38.04596, -12.6333 ], [ -38.04633, -12.63393 ], [ -38.04677, -12.63461 ], [ -38.04726, -12.63515 ], [ -38.04756, -12.63547 ], [ -38.04812, -12.63605 ], [ -38.04869, -12.63637 ], [ -38.04947, -12.63664 ], [ -38.05037, -12.63685 ], [ -38.05134, -12.63706 ], [ -38.05168, -12.63721 ], [ -38.05197, -12.63734 ], [ -38.05238, -12.63755 ], [ -38.05379, -12.63835 ], [ -38.05428, -12.63869 ], [ -38.05537, -12.63971 ], [ -38.05581, -12.64013 ], [ -38.0572, -12.64134 ], [ -38.05782, -12.64187 ], [ -38.05906, -12.64333 ], [ -38.05941, -12.64399 ], [ -38.05958, -12.64431 ], [ -38.05975, -12.64463 ], [ -38.05996, -12.64506 ], [ -38.06007, -12.64563 ], [ -38.06016, -12.64622 ], [ -38.06017, -12.64671 ], [ -38.06024, -12.64725 ], [ -38.06046, -12.6478 ], [ -38.06073, -12.64819 ], [ -38.06084, -12.64835 ], [ -38.06094, -12.64844 ], [ -38.06138, -12.64889 ], [ -38.06177, -12.64913 ], [ -38.06219, -12.6495 ], [ -38.06256, -12.64979 ], [ -38.06258, -12.6498 ], [ -38.06311, -12.6503 ], [ -38.06365, -12.65049 ], [ -38.06395, -12.65052 ], [ -38.06465, -12.6506 ], [ -38.0653, -12.65077 ], [ -38.06597, -12.6511 ], [ -38.06651, -12.65143 ], [ -38.06697, -12.65172 ], [ -38.06756, -12.65216 ], [ -38.06764, -12.65223 ], [ -38.06811, -12.6526 ], [ -38.06839, -12.6529 ], [ -38.06872, -12.65344 ], [ -38.06886, -12.65375 ], [ -38.06894, -12.65394 ], [ -38.06931, -12.65418 ], [ -38.06975, -12.65425 ], [ -38.06989, -12.65427 ], [ -38.07052, -12.65433 ], [ -38.07122, -12.65465 ], [ -38.07174, -12.65489 ], [ -38.07209, -12.65504 ], [ -38.07231, -12.65519 ], [ -38.07281, -12.65553 ], [ -38.07362, -12.65613 ], [ -38.0741, -12.65655 ], [ -38.07455, -12.65716 ], [ -38.07538, -12.65809 ], [ -38.07579, -12.6586 ], [ -38.07598, -12.65885 ], [ -38.07616, -12.6591 ], [ -38.07687, -12.65987 ], [ -38.0775, -12.66073 ], [ -38.07857, -12.66184 ], [ -38.07923, -12.66251 ], [ -38.08033, -12.66367 ], [ -38.08082, -12.66413 ], [ -38.08128, -12.66456 ], [ -38.08192, -12.66529 ], [ -38.08241, -12.66601 ], [ -38.08269, -12.66655 ], [ -38.08272, -12.6666 ], [ -38.08302, -12.66724 ], [ -38.08311, -12.66739 ], [ -38.0833, -12.6677 ], [ -38.08355, -12.66811 ], [ -38.08401, -12.66886 ], [ -38.08444, -12.66941 ], [ -38.08506, -12.67027 ], [ -38.08553, -12.67085 ], [ -38.0859, -12.67144 ], [ -38.08633, -12.67186 ], [ -38.08665, -12.67243 ], [ -38.0867, -12.67275 ], [ -38.08673, -12.67292 ], [ -38.08696, -12.67354 ], [ -38.08732, -12.67413 ], [ -38.08802, -12.6747 ], [ -38.08805, -12.67472 ], [ -38.08875, -12.67527 ], [ -38.0892, -12.67559 ], [ -38.08965, -12.67609 ], [ -38.09005, -12.67657 ], [ -38.09024, -12.67682 ], [ -38.09033, -12.67693 ], [ -38.09062, -12.6773 ], [ -38.09125, -12.67771 ], [ -38.09186, -12.67781 ], [ -38.09289, -12.67833 ], [ -38.09363, -12.67893 ], [ -38.09437, -12.67954 ], [ -38.09482, -12.67995 ], [ -38.09563, -12.68079 ], [ -38.09612, -12.68105 ], [ -38.09619, -12.68105 ], [ -38.09647, -12.68114 ], [ -38.09707, -12.68132 ], [ -38.09851, -12.68248 ], [ -38.09911, -12.68286 ], [ -38.09914, -12.68289 ], [ -38.09947, -12.68324 ], [ -38.09951, -12.6833 ], [ -38.10048, -12.68429 ], [ -38.10142, -12.68496 ], [ -38.10243, -12.68588 ], [ -38.10257, -12.68601 ], [ -38.10309, -12.68664 ], [ -38.1044, -12.68773 ], [ -38.10497, -12.68862 ], [ -38.10547, -12.68931 ], [ -38.10604, -12.69001 ], [ -38.10645, -12.6905 ], [ -38.10682, -12.6908 ], [ -38.10732, -12.6912 ], [ -38.10797, -12.69185 ], [ -38.10866, -12.69248 ], [ -38.1093, -12.69325 ], [ -38.10996, -12.69411 ], [ -38.11052, -12.69494 ], [ -38.11127, -12.69581 ], [ -38.11232, -12.697 ], [ -38.11301, -12.69789 ], [ -38.11453, -12.69947 ], [ -38.11477, -12.69971 ], [ -38.11546, -12.70039 ], [ -38.1166, -12.70147 ], [ -38.11841, -12.70345 ], [ -38.11897, -12.70412 ], [ -38.11996, -12.70544 ], [ -38.12111, -12.7065 ], [ -38.12112, -12.70652 ], [ -38.12156, -12.70693 ], [ -38.12166, -12.70702 ], [ -38.12293, -12.70725 ], [ -38.12296, -12.70726 ], [ -38.12338, -12.70737 ], [ -38.12412, -12.70787 ], [ -38.12472, -12.70891 ], [ -38.12457, -12.70947 ], [ -38.12449, -12.70985 ], [ -38.12503, -12.71096 ], [ -38.12569, -12.71182 ], [ -38.12575, -12.71191 ], [ -38.12607, -12.71246 ], [ -38.12647, -12.71322 ], [ -38.12718, -12.71419 ], [ -38.12753, -12.71462 ], [ -38.12808, -12.71522 ], [ -38.12871, -12.71604 ], [ -38.12944, -12.7169 ], [ -38.12978, -12.71769 ], [ -38.13088, -12.71912 ], [ -38.13151, -12.71981 ], [ -38.13238, -12.7206 ], [ -38.13341, -12.72215 ], [ -38.13409, -12.72294 ], [ -38.1355, -12.72464 ], [ -38.13786, -12.72746 ], [ -38.1393, -12.72905 ], [ -38.14136, -12.7313 ], [ -38.14365, -12.73341 ], [ -38.14581, -12.73595 ], [ -38.14775, -12.73804 ], [ -38.14965, -12.74031 ], [ -38.1503, -12.7411 ], [ -38.15125, -12.74224 ], [ -38.15223, -12.74352 ], [ -38.15237, -12.7437 ], [ -38.15302, -12.74452 ], [ -38.15343, -12.74505 ], [ -38.15348, -12.7451 ], [ -38.15483, -12.74664 ], [ -38.15562, -12.74751 ], [ -38.15621, -12.74821 ], [ -38.15692, -12.74909 ], [ -38.15766, -12.75003 ], [ -38.15806, -12.75045 ], [ -38.15809, -12.75049 ], [ -38.15826, -12.75068 ], [ -38.1584, -12.75087 ], [ -38.15897, -12.75167 ], [ -38.15943, -12.75231 ], [ -38.15993, -12.75296 ], [ -38.16087, -12.75407 ], [ -38.1616, -12.755 ], [ -38.16304, -12.75658 ], [ -38.16375, -12.75748 ], [ -38.16394, -12.7577 ], [ -38.16442, -12.75825 ], [ -38.16501, -12.75898 ], [ -38.16568, -12.75977 ], [ -38.16661, -12.76082 ], [ -38.16718, -12.76151 ], [ -38.16721, -12.76155 ], [ -38.16731, -12.7617 ], [ -38.16777, -12.76241 ], [ -38.16815, -12.76299 ], [ -38.16833, -12.76345 ], [ -38.16846, -12.76376 ], [ -38.16892, -12.7644 ], [ -38.16948, -12.76528 ], [ -38.16972, -12.76566 ], [ -38.17076, -12.76702 ], [ -38.17124, -12.76779 ], [ -38.17164, -12.76841 ], [ -38.17205, -12.76878 ], [ -38.17246, -12.769 ], [ -38.17282, -12.7696 ], [ -38.17325, -12.77032 ], [ -38.1737, -12.77069 ], [ -38.17411, -12.77103 ], [ -38.17432, -12.77142 ], [ -38.17436, -12.77148 ], [ -38.17451, -12.77176 ], [ -38.17474, -12.77223 ], [ -38.175, -12.77245 ], [ -38.17525, -12.77267 ], [ -38.1753, -12.7736 ], [ -38.1755, -12.77371 ], [ -38.17579, -12.77386 ], [ -38.1759, -12.77393 ], [ -38.17642, -12.77449 ], [ -38.17645, -12.77454 ], [ -38.17687, -12.77472 ], [ -38.17781, -12.77456 ], [ -38.17848, -12.7748 ], [ -38.17929, -12.77534 ], [ -38.18006, -12.77649 ], [ -38.1803, -12.77678 ], [ -38.18071, -12.77728 ], [ -38.18104, -12.77799 ], [ -38.18125, -12.77843 ], [ -38.18168, -12.77895 ], [ -38.18199, -12.77929 ], [ -38.18221, -12.77948 ], [ -38.18247, -12.77971 ], [ -38.1831, -12.77982 ], [ -38.18331, -12.7799 ], [ -38.18356, -12.77998 ], [ -38.18409, -12.7802 ], [ -38.1842, -12.78024 ], [ -38.18443, -12.78049 ], [ -38.18492, -12.78088 ], [ -38.18516, -12.78111 ], [ -38.18533, -12.7814 ], [ -38.18543, -12.78171 ], [ -38.1857, -12.78201 ], [ -38.18579, -12.78222 ], [ -38.18597, -12.78264 ], [ -38.1861, -12.78276 ], [ -38.18621, -12.78286 ], [ -38.18627, -12.78286 ], [ -38.18646, -12.78288 ], [ -38.18648, -12.78289 ], [ -38.18676, -12.78308 ], [ -38.18704, -12.7834 ], [ -38.1871, -12.78344 ], [ -38.1873, -12.78357 ], [ -38.18747, -12.78351 ], [ -38.18794, -12.78348 ], [ -38.18843, -12.7838 ], [ -38.18909, -12.7843 ], [ -38.18951, -12.78461 ], [ -38.18985, -12.78489 ], [ -38.19019, -12.78519 ], [ -38.19025, -12.78572 ], [ -38.19106, -12.78647 ], [ -38.19163, -12.78715 ], [ -38.19223, -12.78786 ], [ -38.19268, -12.78866 ], [ -38.19349, -12.7898 ], [ -38.19405, -12.79063 ], [ -38.19432, -12.79104 ], [ -38.19506, -12.79191 ], [ -38.19569, -12.79274 ], [ -38.19656, -12.79381 ], [ -38.19684, -12.7943 ], [ -38.19718, -12.79521 ], [ -38.19724, -12.79554 ], [ -38.19717, -12.79568 ], [ -38.19749, -12.79594 ], [ -38.1977, -12.79584 ], [ -38.19844, -12.79652 ], [ -38.19884, -12.79722 ], [ -38.19942, -12.79796 ], [ -38.19948, -12.79805 ], [ -38.20012, -12.79892 ], [ -38.2002, -12.79904 ], [ -38.20063, -12.79973 ], [ -38.20109, -12.80046 ], [ -38.20158, -12.8011 ], [ -38.20207, -12.80192 ], [ -38.20248, -12.80258 ], [ -38.20264, -12.80284 ], [ -38.20297, -12.80325 ], [ -38.20334, -12.80373 ], [ -38.20377, -12.80437 ], [ -38.20401, -12.80469 ], [ -38.20405, -12.80474 ], [ -38.20427, -12.80503 ], [ -38.2044, -12.80531 ], [ -38.20462, -12.80578 ], [ -38.2054, -12.80683 ], [ -38.20588, -12.80766 ], [ -38.20602, -12.80796 ], [ -38.20671, -12.80893 ], [ -38.20719, -12.80959 ], [ -38.20741, -12.81008 ], [ -38.20791, -12.81102 ], [ -38.20823, -12.81157 ], [ -38.20877, -12.81229 ], [ -38.20931, -12.81295 ], [ -38.20978, -12.81338 ], [ -38.20983, -12.81342 ], [ -38.21036, -12.81409 ], [ -38.2106, -12.81457 ], [ -38.21089, -12.8148 ], [ -38.21122, -12.81488 ], [ -38.21154, -12.81502 ], [ -38.21183, -12.81534 ], [ -38.21221, -12.81565 ], [ -38.21247, -12.81594 ], [ -38.21261, -12.81625 ], [ -38.21289, -12.81662 ], [ -38.21322, -12.81699 ], [ -38.2135, -12.81731 ], [ -38.214, -12.81798 ], [ -38.21427, -12.81832 ], [ -38.21444, -12.81867 ], [ -38.21446, -12.81889 ], [ -38.21462, -12.81916 ], [ -38.21501, -12.81958 ], [ -38.21532, -12.81973 ], [ -38.21606, -12.82064 ], [ -38.21658, -12.82098 ], [ -38.21708, -12.82143 ], [ -38.21754, -12.82186 ], [ -38.21815, -12.82243 ], [ -38.21856, -12.82292 ], [ -38.21956, -12.82387 ], [ -38.21969, -12.82399 ], [ -38.2198, -12.82411 ], [ -38.22059, -12.82489 ], [ -38.22111, -12.82528 ], [ -38.2213, -12.82543 ], [ -38.22175, -12.82584 ], [ -38.22179, -12.82599 ], [ -38.2219, -12.82637 ], [ -38.22211, -12.82687 ], [ -38.22263, -12.82721 ], [ -38.22284, -12.82735 ], [ -38.22342, -12.8277 ], [ -38.22381, -12.82803 ], [ -38.22428, -12.82841 ], [ -38.22441, -12.82853 ], [ -38.22454, -12.82885 ], [ -38.22485, -12.82936 ], [ -38.22532, -12.82964 ], [ -38.22552, -12.82981 ], [ -38.22562, -12.82989 ], [ -38.22587, -12.83024 ], [ -38.22614, -12.83054 ], [ -38.22631, -12.83064 ], [ -38.22651, -12.83094 ], [ -38.22731, -12.83166 ], [ -38.22787, -12.83228 ], [ -38.22811, -12.83261 ], [ -38.22826, -12.83281 ], [ -38.22866, -12.8331 ], [ -38.22902, -12.83361 ], [ -38.22947, -12.83392 ], [ -38.22969, -12.83427 ], [ -38.2297, -12.83465 ], [ -38.22972, -12.83467 ], [ -38.22975, -12.83469 ], [ -38.23018, -12.83496 ], [ -38.23048, -12.83516 ], [ -38.23064, -12.83517 ], [ -38.23096, -12.83527 ], [ -38.23091, -12.83553 ], [ -38.23081, -12.83583 ], [ -38.231, -12.83608 ], [ -38.23102, -12.83609 ], [ -38.23151, -12.83624 ], [ -38.23172, -12.83624 ], [ -38.2319, -12.83624 ], [ -38.23204, -12.83599 ], [ -38.23239, -12.8361 ], [ -38.23258, -12.83627 ], [ -38.23302, -12.83665 ], [ -38.23327, -12.83702 ], [ -38.23328, -12.83703 ], [ -38.23335, -12.83713 ], [ -38.23337, -12.83717 ], [ -38.23369, -12.83767 ], [ -38.23369, -12.8377 ], [ -38.23378, -12.8381 ], [ -38.23357, -12.83833 ], [ -38.23335, -12.83838 ], [ -38.23328, -12.83853 ], [ -38.23352, -12.83869 ], [ -38.23385, -12.83902 ], [ -38.23388, -12.83905 ], [ -38.23422, -12.83946 ], [ -38.2343, -12.83947 ], [ -38.23454, -12.8395 ], [ -38.23468, -12.83962 ], [ -38.23474, -12.83979 ], [ -38.23479, -12.83993 ], [ -38.23511, -12.84035 ], [ -38.23546, -12.84063 ], [ -38.23563, -12.84094 ], [ -38.23563, -12.84095 ], [ -38.23557, -12.8411 ], [ -38.23546, -12.84138 ], [ -38.23552, -12.84163 ], [ -38.23553, -12.84167 ], [ -38.23567, -12.8419 ], [ -38.23616, -12.84241 ], [ -38.23657, -12.84282 ], [ -38.2366, -12.84285 ], [ -38.23663, -12.84288 ], [ -38.23686, -12.84325 ], [ -38.23697, -12.84343 ], [ -38.23706, -12.84383 ], [ -38.23699, -12.84406 ], [ -38.23709, -12.84427 ], [ -38.23734, -12.84439 ], [ -38.2376, -12.84448 ], [ -38.23762, -12.84448 ], [ -38.23792, -12.84455 ], [ -38.23793, -12.84455 ], [ -38.23813, -12.84464 ], [ -38.23836, -12.84489 ], [ -38.23837, -12.8449 ], [ -38.2386, -12.8451 ], [ -38.23861, -12.8451 ], [ -38.23862, -12.84512 ], [ -38.23873, -12.84526 ], [ -38.23918, -12.84585 ], [ -38.23919, -12.84586 ], [ -38.23943, -12.84612 ], [ -38.23944, -12.84613 ], [ -38.23945, -12.84614 ], [ -38.2395, -12.84619 ], [ -38.23961, -12.84632 ], [ -38.23994, -12.84674 ], [ -38.24022, -12.84711 ], [ -38.24043, -12.84735 ], [ -38.24067, -12.84773 ], [ -38.24091, -12.84804 ], [ -38.24119, -12.84824 ], [ -38.24145, -12.8485 ], [ -38.24169, -12.84886 ], [ -38.24179, -12.84911 ], [ -38.24186, -12.84931 ], [ -38.24224, -12.84996 ], [ -38.2425, -12.8502 ], [ -38.24267, -12.85041 ], [ -38.24279, -12.8509 ], [ -38.24303, -12.85151 ], [ -38.24304, -12.85152 ], [ -38.24338, -12.85199 ], [ -38.24369, -12.85248 ], [ -38.24399, -12.85265 ], [ -38.24435, -12.85307 ], [ -38.24471, -12.85337 ], [ -38.24473, -12.85339 ], [ -38.24495, -12.85344 ], [ -38.24505, -12.85346 ], [ -38.24576, -12.85393 ], [ -38.24602, -12.8541 ], [ -38.24612, -12.85438 ], [ -38.24616, -12.85449 ], [ -38.24634, -12.85477 ], [ -38.247, -12.85505 ], [ -38.24701, -12.85507 ], [ -38.24703, -12.85508 ], [ -38.24731, -12.85538 ], [ -38.24766, -12.85572 ], [ -38.24801, -12.85605 ], [ -38.24802, -12.85606 ], [ -38.24842, -12.85639 ], [ -38.24918, -12.8572 ], [ -38.24956, -12.85769 ], [ -38.24957, -12.8577 ], [ -38.25003, -12.85814 ], [ -38.25005, -12.85814 ], [ -38.25053, -12.85855 ], [ -38.2512, -12.85912 ], [ -38.25124, -12.85913 ], [ -38.25192, -12.85946 ], [ -38.25346, -12.86065 ], [ -38.25513, -12.86177 ], [ -38.25593, -12.86237 ], [ -38.25711, -12.86344 ], [ -38.25794, -12.86423 ], [ -38.25878, -12.86505 ], [ -38.2596, -12.86584 ], [ -38.26039, -12.8666 ], [ -38.26107, -12.86726 ], [ -38.26171, -12.8679 ], [ -38.26256, -12.86875 ], [ -38.26332, -12.86949 ], [ -38.26402, -12.87017 ], [ -38.26445, -12.87074 ], [ -38.26486, -12.87137 ], [ -38.26509, -12.87174 ], [ -38.26513, -12.87202 ], [ -38.2652, -12.87232 ], [ -38.26529, -12.87264 ], [ -38.26545, -12.87276 ], [ -38.2654, -12.87287 ], [ -38.26547, -12.8733 ], [ -38.26548, -12.87331 ], [ -38.26549, -12.87335 ], [ -38.26555, -12.87361 ], [ -38.26565, -12.87383 ], [ -38.26568, -12.87384 ], [ -38.26596, -12.8739 ], [ -38.26623, -12.87384 ], [ -38.2667, -12.87436 ], [ -38.26715, -12.87476 ], [ -38.26788, -12.87527 ], [ -38.26824, -12.87541 ], [ -38.26868, -12.87548 ], [ -38.26879, -12.87573 ], [ -38.26881, -12.87575 ], [ -38.26889, -12.87591 ], [ -38.26901, -12.87618 ], [ -38.26932, -12.87616 ], [ -38.26969, -12.87613 ], [ -38.26971, -12.87612 ], [ -38.26998, -12.87591 ], [ -38.27007, -12.87557 ], [ -38.27027, -12.87505 ], [ -38.27047, -12.87494 ], [ -38.2706, -12.87488 ], [ -38.27092, -12.87495 ], [ -38.2714, -12.87515 ], [ -38.27203, -12.87547 ], [ -38.27216, -12.87553 ], [ -38.27234, -12.87564 ], [ -38.27286, -12.87595 ], [ -38.27374, -12.87637 ], [ -38.27463, -12.87687 ], [ -38.27465, -12.87689 ], [ -38.27524, -12.87732 ], [ -38.27525, -12.87733 ], [ -38.27568, -12.87785 ], [ -38.27598, -12.87838 ], [ -38.2765, -12.87857 ], [ -38.27654, -12.87858 ], [ -38.27706, -12.87886 ], [ -38.27708, -12.87887 ], [ -38.2771, -12.8789 ], [ -38.27711, -12.87891 ], [ -38.27729, -12.87916 ], [ -38.27754, -12.87933 ], [ -38.27773, -12.87947 ], [ -38.27774, -12.87949 ], [ -38.27874, -12.88004 ], [ -38.27945, -12.88045 ], [ -38.27992, -12.88038 ], [ -38.28017, -12.88069 ], [ -38.28019, -12.8803 ], [ -38.28026, -12.87988 ], [ -38.28037, -12.87962 ], [ -38.28058, -12.87955 ], [ -38.28076, -12.87957 ], [ -38.28086, -12.87976 ], [ -38.28089, -12.87988 ], [ -38.28093, -12.88008 ], [ -38.28099, -12.88032 ], [ -38.28111, -12.88051 ], [ -38.28125, -12.88056 ], [ -38.28166, -12.88029 ], [ -38.28189, -12.88006 ], [ -38.2819, -12.88004 ], [ -38.28203, -12.87963 ], [ -38.28206, -12.87928 ], [ -38.28207, -12.87919 ], [ -38.28203, -12.879 ], [ -38.28168, -12.87858 ], [ -38.28129, -12.87834 ], [ -38.28081, -12.87823 ], [ -38.2803, -12.87842 ], [ -38.27984, -12.87861 ], [ -38.27945, -12.87847 ], [ -38.27918, -12.87809 ], [ -38.27876, -12.87755 ], [ -38.2781, -12.87699 ], [ -38.27759, -12.87657 ], [ -38.27688, -12.87641 ], [ -38.27612, -12.87622 ], [ -38.27561, -12.87601 ], [ -38.27541, -12.87573 ], [ -38.2752, -12.87535 ], [ -38.27522, -12.87498 ], [ -38.27531, -12.8747 ], [ -38.27543, -12.87448 ], [ -38.27575, -12.87434 ], [ -38.27625, -12.87432 ], [ -38.27666, -12.87425 ], [ -38.27675, -12.87422 ], [ -38.27708, -12.87412 ], [ -38.27756, -12.87379 ], [ -38.27776, -12.87339 ], [ -38.27787, -12.87294 ], [ -38.27789, -12.87259 ], [ -38.27785, -12.87213 ], [ -38.27793, -12.87142 ], [ -38.27803, -12.87102 ], [ -38.27823, -12.87073 ], [ -38.2785, -12.87057 ], [ -38.27883, -12.87054 ], [ -38.27912, -12.87056 ], [ -38.27958, -12.8707 ], [ -38.28004, -12.87077 ], [ -38.28068, -12.8707 ], [ -38.28121, -12.87047 ], [ -38.28165, -12.87009 ], [ -38.28219, -12.86975 ], [ -38.28282, -12.86947 ], [ -38.28339, -12.86923 ], [ -38.28405, -12.86921 ], [ -38.28446, -12.86925 ], [ -38.28469, -12.86941 ], [ -38.28477, -12.86972 ], [ -38.28495, -12.87008 ], [ -38.28523, -12.87038 ], [ -38.28591, -12.87063 ], [ -38.28685, -12.87079 ], [ -38.28794, -12.87084 ], [ -38.28815, -12.87088 ], [ -38.28851, -12.87095 ], [ -38.28892, -12.87095 ], [ -38.28894, -12.87095 ], [ -38.28949, -12.87078 ], [ -38.29007, -12.87052 ], [ -38.29029, -12.87046 ], [ -38.29039, -12.87047 ], [ -38.29051, -12.87048 ], [ -38.29063, -12.87048 ], [ -38.29096, -12.87029 ], [ -38.29123, -12.86991 ], [ -38.29127, -12.86973 ], [ -38.29132, -12.86954 ], [ -38.29126, -12.86909 ], [ -38.29095, -12.8685 ], [ -38.29059, -12.86784 ], [ -38.29044, -12.86742 ], [ -38.29037, -12.86693 ], [ -38.2903, -12.86664 ], [ -38.2901, -12.86624 ], [ -38.28989, -12.86573 ], [ -38.28945, -12.86472 ], [ -38.28931, -12.8643 ], [ -38.28932, -12.86423 ], [ -38.28933, -12.86414 ], [ -38.28935, -12.86401 ], [ -38.28944, -12.86371 ], [ -38.28953, -12.86357 ], [ -38.29018, -12.86258 ], [ -38.29034, -12.86231 ], [ -38.2904, -12.86222 ], [ -38.2904, -12.86221 ], [ -38.2904, -12.86221 ], [ -38.29054, -12.86175 ], [ -38.29059, -12.86154 ], [ -38.29065, -12.86128 ], [ -38.29056, -12.86065 ], [ -38.29032, -12.85978 ], [ -38.29011, -12.85891 ], [ -38.28981, -12.85836 ], [ -38.2894, -12.85782 ], [ -38.28932, -12.85775 ], [ -38.2888, -12.85727 ], [ -38.28866, -12.85668 ], [ -38.28875, -12.85614 ], [ -38.28914, -12.85573 ], [ -38.28965, -12.85543 ], [ -38.29024, -12.8553 ], [ -38.29088, -12.85526 ], [ -38.29148, -12.85535 ], [ -38.29164, -12.85541 ], [ -38.2918, -12.85548 ], [ -38.29187, -12.85551 ], [ -38.29205, -12.85558 ], [ -38.29279, -12.85614 ], [ -38.29366, -12.85692 ], [ -38.29401, -12.8575 ], [ -38.29425, -12.85762 ], [ -38.29435, -12.85767 ], [ -38.2949, -12.85797 ], [ -38.29559, -12.85806 ], [ -38.2961, -12.85815 ], [ -38.29676, -12.85841 ], [ -38.29778, -12.85881 ], [ -38.29838, -12.85913 ], [ -38.29864, -12.85927 ], [ -38.29881, -12.85937 ], [ -38.29917, -12.85942 ], [ -38.29923, -12.85942 ], [ -38.29951, -12.8594 ], [ -38.29986, -12.85937 ], [ -38.29993, -12.85937 ], [ -38.30022, -12.85936 ], [ -38.30042, -12.85935 ], [ -38.30083, -12.85932 ], [ -38.30182, -12.85921 ], [ -38.30243, -12.85909 ], [ -38.30275, -12.8589 ], [ -38.30296, -12.85843 ], [ -38.303, -12.85819 ], [ -38.30305, -12.8579 ], [ -38.30316, -12.85754 ], [ -38.30328, -12.85748 ], [ -38.30341, -12.85742 ], [ -38.30404, -12.85739 ], [ -38.30435, -12.8574 ], [ -38.30452, -12.8574 ], [ -38.30509, -12.85753 ], [ -38.30537, -12.85751 ], [ -38.30578, -12.85735 ], [ -38.30607, -12.85706 ], [ -38.30673, -12.8556 ], [ -38.30735, -12.85393 ], [ -38.30766, -12.85285 ], [ -38.30787, -12.85252 ], [ -38.30826, -12.85218 ], [ -38.30986, -12.85142 ], [ -38.31078, -12.85093 ], [ -38.3113, -12.85078 ], [ -38.31158, -12.85073 ], [ -38.31186, -12.85076 ], [ -38.31218, -12.85084 ], [ -38.3122, -12.85085 ], [ -38.31252, -12.85087 ], [ -38.31288, -12.85084 ], [ -38.31294, -12.85083 ], [ -38.31335, -12.85047 ], [ -38.31358, -12.85012 ], [ -38.31375, -12.84969 ], [ -38.31407, -12.84885 ], [ -38.3141, -12.84849 ], [ -38.31412, -12.84802 ], [ -38.31396, -12.84737 ], [ -38.31381, -12.84678 ], [ -38.31377, -12.84669 ], [ -38.3133, -12.84553 ], [ -38.31316, -12.84522 ], [ -38.31303, -12.8449 ], [ -38.31275, -12.84417 ], [ -38.31213, -12.84297 ], [ -38.31212, -12.84255 ], [ -38.31217, -12.84189 ], [ -38.31221, -12.84151 ], [ -38.31217, -12.84086 ], [ -38.31219, -12.84058 ], [ -38.31221, -12.84036 ], [ -38.31233, -12.8402 ], [ -38.31239, -12.84012 ], [ -38.31289, -12.83987 ], [ -38.31321, -12.83975 ], [ -38.31358, -12.83965 ], [ -38.31384, -12.83963 ], [ -38.31446, -12.83977 ], [ -38.31523, -12.84002 ], [ -38.31593, -12.84009 ], [ -38.31677, -12.83994 ], [ -38.31718, -12.8399 ], [ -38.31755, -12.8399 ], [ -38.31769, -12.83992 ], [ -38.31806, -12.83997 ], [ -38.31847, -12.83998 ], [ -38.31874, -12.83994 ], [ -38.31888, -12.83985 ], [ -38.319, -12.83966 ], [ -38.31903, -12.83961 ], [ -38.31915, -12.83939 ], [ -38.31931, -12.83911 ], [ -38.31961, -12.83866 ], [ -38.31996, -12.83831 ], [ -38.32007, -12.8381 ], [ -38.32012, -12.83793 ], [ -38.32012, -12.83774 ], [ -38.32002, -12.83746 ], [ -38.32, -12.83727 ], [ -38.32009, -12.83702 ], [ -38.32038, -12.83669 ], [ -38.32066, -12.83647 ], [ -38.32082, -12.83631 ], [ -38.32116, -12.83626 ], [ -38.32167, -12.83612 ], [ -38.32197, -12.83602 ], [ -38.32217, -12.83593 ], [ -38.32231, -12.8359 ], [ -38.32252, -12.83592 ], [ -38.323, -12.83602 ], [ -38.32343, -12.83599 ], [ -38.32369, -12.83604 ], [ -38.32389, -12.83611 ], [ -38.3241, -12.83616 ], [ -38.32425, -12.83614 ], [ -38.32431, -12.83614 ], [ -38.32437, -12.83613 ], [ -38.32439, -12.83613 ], [ -38.32508, -12.83606 ], [ -38.32577, -12.83596 ], [ -38.32632, -12.83605 ], [ -38.32665, -12.83591 ], [ -38.3269, -12.83563 ], [ -38.32712, -12.83492 ], [ -38.32712, -12.83426 ], [ -38.32732, -12.8336 ], [ -38.32765, -12.83318 ], [ -38.32787, -12.83282 ], [ -38.32796, -12.83242 ], [ -38.32796, -12.83198 ], [ -38.32775, -12.83153 ], [ -38.32748, -12.8312 ], [ -38.32718, -12.8309 ], [ -38.32702, -12.83059 ], [ -38.32669, -12.8302 ], [ -38.32646, -12.82963 ], [ -38.3263, -12.82918 ], [ -38.32632, -12.82864 ], [ -38.3266, -12.82792 ], [ -38.32705, -12.82746 ], [ -38.32726, -12.82683 ], [ -38.32732, -12.82641 ], [ -38.32725, -12.82582 ], [ -38.32697, -12.82495 ], [ -38.32631, -12.82371 ], [ -38.32603, -12.82288 ], [ -38.32597, -12.821 ], [ -38.326, -12.81982 ], [ -38.3262, -12.81905 ], [ -38.32649, -12.81844 ], [ -38.32709, -12.81813 ], [ -38.3274, -12.81809 ], [ -38.32805, -12.81801 ], [ -38.329, -12.81831 ], [ -38.32968, -12.81849 ], [ -38.33048, -12.81856 ], [ -38.33113, -12.81853 ], [ -38.33173, -12.81858 ], [ -38.33239, -12.81849 ], [ -38.33301, -12.81818 ], [ -38.33342, -12.81742 ], [ -38.33342, -12.817 ], [ -38.33303, -12.81655 ], [ -38.33243, -12.81576 ], [ -38.33208, -12.81494 ], [ -38.33199, -12.81406 ], [ -38.3321, -12.81364 ], [ -38.33219, -12.81307 ], [ -38.33228, -12.81233 ], [ -38.33187, -12.81196 ], [ -38.33141, -12.81155 ], [ -38.33098, -12.81086 ], [ -38.3307, -12.81016 ], [ -38.33049, -12.80928 ], [ -38.33042, -12.80881 ], [ -38.33031, -12.80805 ], [ -38.33026, -12.80754 ], [ -38.33002, -12.80736 ], [ -38.32973, -12.80731 ], [ -38.32908, -12.80733 ], [ -38.3285, -12.80719 ], [ -38.3282, -12.80691 ], [ -38.32783, -12.80613 ], [ -38.32752, -12.80538 ], [ -38.32727, -12.8046 ], [ -38.32712, -12.80401 ], [ -38.3271, -12.8039 ], [ -38.32696, -12.80342 ], [ -38.32697, -12.80234 ], [ -38.32718, -12.8013 ], [ -38.32752, -12.80032 ], [ -38.32764, -12.7998 ], [ -38.32771, -12.79884 ], [ -38.3278, -12.7986 ], [ -38.32799, -12.7985 ], [ -38.32829, -12.79852 ], [ -38.32871, -12.7986 ], [ -38.32906, -12.79871 ], [ -38.32952, -12.79871 ], [ -38.32977, -12.7986 ], [ -38.32979, -12.79831 ], [ -38.32972, -12.79787 ], [ -38.32961, -12.79762 ], [ -38.32936, -12.7973 ], [ -38.32894, -12.79688 ], [ -38.3282, -12.79632 ], [ -38.32785, -12.79593 ], [ -38.32778, -12.79556 ], [ -38.32792, -12.79519 ], [ -38.32854, -12.79444 ], [ -38.32947, -12.7935 ], [ -38.33106, -12.79233 ], [ -38.33148, -12.79176 ], [ -38.33151, -12.79166 ], [ -38.33166, -12.79106 ], [ -38.33184, -12.79017 ], [ -38.33184, -12.78922 ], [ -38.33237, -12.78776 ], [ -38.33276, -12.78656 ], [ -38.33285, -12.78559 ], [ -38.33309, -12.7853 ], [ -38.33333, -12.78491 ], [ -38.33339, -12.78478 ], [ -38.33352, -12.78442 ], [ -38.33352, -12.78442 ], [ -38.33352, -12.78442 ], [ -38.33421, -12.78296 ], [ -38.33471, -12.78142 ], [ -38.33539, -12.77974 ], [ -38.33614, -12.77821 ], [ -38.33771, -12.77567 ], [ -38.33928, -12.77378 ], [ -38.34049, -12.77232 ], [ -38.34117, -12.77064 ], [ -38.34142, -12.76875 ], [ -38.34145, -12.76679 ], [ -38.34142, -12.76579 ], [ -38.34156, -12.76522 ], [ -38.34165, -12.76478 ], [ -38.34157, -12.7646 ], [ -38.34155, -12.76444 ], [ -38.34164, -12.76434 ], [ -38.34182, -12.76432 ], [ -38.3422, -12.76441 ], [ -38.34242, -12.76438 ], [ -38.34254, -12.76431 ], [ -38.34258, -12.76417 ], [ -38.34262, -12.76408 ], [ -38.34265, -12.76394 ], [ -38.34267, -12.76376 ], [ -38.34267, -12.76358 ], [ -38.34255, -12.76338 ], [ -38.34252, -12.76321 ], [ -38.34258, -12.76306 ], [ -38.34277, -12.76301 ], [ -38.34294, -12.76304 ], [ -38.34314, -12.76321 ], [ -38.34329, -12.76325 ], [ -38.34343, -12.76326 ], [ -38.34352, -12.76324 ], [ -38.34361, -12.76314 ], [ -38.34366, -12.76307 ], [ -38.34365, -12.76283 ], [ -38.34362, -12.76271 ], [ -38.34354, -12.76262 ], [ -38.34341, -12.76254 ], [ -38.34323, -12.76242 ], [ -38.34306, -12.7622 ], [ -38.34294, -12.76186 ], [ -38.34313, -12.76153 ], [ -38.34333, -12.76142 ], [ -38.34348, -12.76137 ], [ -38.34362, -12.76137 ], [ -38.34371, -12.76141 ], [ -38.34376, -12.76146 ], [ -38.34373, -12.76162 ], [ -38.34361, -12.76176 ], [ -38.34358, -12.76189 ], [ -38.34364, -12.76199 ], [ -38.3438, -12.76203 ], [ -38.34393, -12.76203 ], [ -38.34405, -12.76189 ], [ -38.34416, -12.76179 ], [ -38.34443, -12.76162 ], [ -38.34466, -12.7615 ], [ -38.34496, -12.76135 ], [ -38.34532, -12.76126 ], [ -38.34559, -12.7612 ], [ -38.34576, -12.76109 ], [ -38.34578, -12.76101 ], [ -38.34568, -12.76086 ], [ -38.34548, -12.76072 ], [ -38.34534, -12.76048 ], [ -38.34523, -12.76005 ], [ -38.34523, -12.75976 ], [ -38.34541, -12.75952 ], [ -38.34575, -12.75928 ], [ -38.34595, -12.75893 ], [ -38.34607, -12.75851 ], [ -38.34604, -12.75819 ], [ -38.34606, -12.75791 ], [ -38.34613, -12.75774 ], [ -38.34634, -12.75744 ], [ -38.34646, -12.75717 ], [ -38.34648, -12.75681 ], [ -38.34644, -12.75659 ], [ -38.34633, -12.75644 ], [ -38.34615, -12.75633 ], [ -38.34592, -12.75623 ], [ -38.34578, -12.75611 ], [ -38.34573, -12.7559 ], [ -38.34572, -12.75536 ], [ -38.34568, -12.7548 ], [ -38.34571, -12.75451 ], [ -38.34576, -12.75427 ], [ -38.34596, -12.75407 ], [ -38.34617, -12.75376 ], [ -38.34636, -12.75357 ], [ -38.34665, -12.75314 ], [ -38.34688, -12.75269 ], [ -38.34693, -12.75244 ], [ -38.34695, -12.75233 ], [ -38.34698, -12.75167 ], [ -38.3471, -12.75103 ], [ -38.34727, -12.75038 ], [ -38.3474, -12.75026 ], [ -38.34765, -12.75011 ], [ -38.34778, -12.74994 ], [ -38.34791, -12.74964 ], [ -38.3479, -12.74936 ], [ -38.34791, -12.74909 ], [ -38.34787, -12.74855 ], [ -38.34786, -12.74835 ], [ -38.3478, -12.74819 ], [ -38.34766, -12.7479 ], [ -38.34755, -12.74764 ], [ -38.34743, -12.74705 ], [ -38.34744, -12.74689 ], [ -38.34753, -12.74674 ], [ -38.34776, -12.74662 ], [ -38.34793, -12.74646 ], [ -38.34803, -12.74627 ], [ -38.34806, -12.74607 ], [ -38.34806, -12.74592 ], [ -38.34799, -12.74551 ], [ -38.34804, -12.74497 ], [ -38.34801, -12.74468 ], [ -38.34801, -12.7445 ], [ -38.34803, -12.74435 ], [ -38.34811, -12.74426 ], [ -38.34819, -12.74424 ], [ -38.34835, -12.74432 ], [ -38.34855, -12.74451 ], [ -38.34871, -12.74471 ], [ -38.34873, -12.7448 ], [ -38.34876, -12.74487 ], [ -38.34884, -12.74491 ], [ -38.34893, -12.7449 ], [ -38.34897, -12.74489 ], [ -38.34902, -12.74484 ], [ -38.3491, -12.74468 ], [ -38.34909, -12.7445 ], [ -38.34914, -12.74435 ], [ -38.34923, -12.74424 ], [ -38.34938, -12.74405 ], [ -38.34943, -12.74393 ], [ -38.34943, -12.74378 ], [ -38.3494, -12.74369 ], [ -38.34928, -12.74357 ], [ -38.34913, -12.74349 ], [ -38.34885, -12.74346 ], [ -38.34864, -12.74337 ], [ -38.34845, -12.74329 ], [ -38.34824, -12.74313 ], [ -38.34815, -12.74303 ], [ -38.34811, -12.74293 ], [ -38.34808, -12.7428 ], [ -38.3481, -12.74244 ], [ -38.34806, -12.74226 ], [ -38.34799, -12.74215 ], [ -38.34786, -12.74203 ], [ -38.34776, -12.74192 ], [ -38.34764, -12.74177 ], [ -38.34749, -12.74155 ], [ -38.34744, -12.74146 ], [ -38.3474, -12.74137 ], [ -38.34707, -12.74106 ], [ -38.34689, -12.74083 ], [ -38.34675, -12.74047 ], [ -38.34649, -12.73976 ], [ -38.34641, -12.73943 ], [ -38.34641, -12.73903 ], [ -38.34647, -12.73878 ], [ -38.3466, -12.73856 ], [ -38.34677, -12.73831 ], [ -38.34688, -12.73809 ], [ -38.34693, -12.73797 ], [ -38.34704, -12.73767 ], [ -38.34711, -12.7375 ], [ -38.34721, -12.73719 ], [ -38.34727, -12.73702 ], [ -38.34734, -12.73682 ], [ -38.34762, -12.73647 ], [ -38.34775, -12.73638 ], [ -38.34789, -12.73636 ], [ -38.34797, -12.73641 ], [ -38.34811, -12.7366 ], [ -38.34818, -12.73686 ], [ -38.34821, -12.73706 ], [ -38.34829, -12.73723 ], [ -38.3484, -12.73729 ], [ -38.34855, -12.73731 ], [ -38.34873, -12.73721 ], [ -38.34878, -12.73708 ], [ -38.34883, -12.73695 ], [ -38.34887, -12.73677 ], [ -38.34887, -12.7365 ], [ -38.34889, -12.73626 ], [ -38.34893, -12.73611 ], [ -38.34894, -12.73598 ], [ -38.34899, -12.7358 ], [ -38.34911, -12.73535 ], [ -38.34916, -12.7352 ], [ -38.34925, -12.73498 ], [ -38.34939, -12.73476 ], [ -38.3496, -12.73453 ], [ -38.34983, -12.73436 ], [ -38.35002, -12.7342 ], [ -38.3502, -12.73401 ], [ -38.35035, -12.73382 ], [ -38.35056, -12.73359 ], [ -38.3507, -12.73333 ], [ -38.35082, -12.733 ], [ -38.35089, -12.73267 ], [ -38.35099, -12.73249 ], [ -38.35109, -12.73242 ], [ -38.3512, -12.73238 ], [ -38.35134, -12.73239 ], [ -38.3515, -12.73246 ], [ -38.35163, -12.73256 ], [ -38.35175, -12.73281 ], [ -38.35187, -12.73306 ], [ -38.35201, -12.73315 ], [ -38.35216, -12.73318 ], [ -38.35234, -12.7331 ], [ -38.35252, -12.7329 ], [ -38.35268, -12.73261 ], [ -38.35284, -12.73219 ], [ -38.35285, -12.73209 ], [ -38.35286, -12.73201 ], [ -38.35282, -12.73192 ], [ -38.35271, -12.73185 ], [ -38.35233, -12.73181 ], [ -38.35202, -12.73177 ], [ -38.35188, -12.73171 ], [ -38.35169, -12.73155 ], [ -38.35137, -12.73132 ], [ -38.35112, -12.73115 ], [ -38.35088, -12.73095 ], [ -38.35075, -12.73086 ], [ -38.35071, -12.7308 ], [ -38.35075, -12.73066 ], [ -38.35085, -12.73053 ], [ -38.35106, -12.73014 ], [ -38.35126, -12.72983 ], [ -38.35145, -12.72955 ], [ -38.35155, -12.72945 ], [ -38.35174, -12.72935 ], [ -38.35204, -12.7292 ], [ -38.35218, -12.72906 ], [ -38.35234, -12.72882 ], [ -38.35239, -12.72868 ], [ -38.35237, -12.72853 ], [ -38.35226, -12.72826 ], [ -38.35221, -12.72821 ], [ -38.3522, -12.72813 ], [ -38.35229, -12.72784 ], [ -38.3523, -12.72771 ], [ -38.35231, -12.72763 ], [ -38.35237, -12.72756 ], [ -38.35248, -12.72754 ], [ -38.35257, -12.72758 ], [ -38.35265, -12.72771 ], [ -38.3527, -12.72787 ], [ -38.35275, -12.72805 ], [ -38.35282, -12.7281 ], [ -38.35292, -12.72805 ], [ -38.35305, -12.72789 ], [ -38.35306, -12.72775 ], [ -38.35301, -12.72761 ], [ -38.35287, -12.72742 ], [ -38.35265, -12.7273 ], [ -38.35255, -12.72718 ], [ -38.35254, -12.72691 ], [ -38.3526, -12.72669 ], [ -38.35269, -12.72643 ], [ -38.35274, -12.72617 ], [ -38.35277, -12.72608 ], [ -38.35284, -12.72601 ], [ -38.35294, -12.72603 ], [ -38.35306, -12.72612 ], [ -38.35322, -12.72616 ], [ -38.35335, -12.72615 ], [ -38.35342, -12.72609 ], [ -38.35345, -12.72597 ], [ -38.35342, -12.72578 ], [ -38.35322, -12.72546 ], [ -38.35298, -12.72506 ], [ -38.35286, -12.72475 ], [ -38.35284, -12.72431 ], [ -38.35294, -12.72393 ], [ -38.35299, -12.72375 ], [ -38.35317, -12.72289 ], [ -38.35338, -12.72222 ], [ -38.35361, -12.72167 ], [ -38.35383, -12.72095 ], [ -38.35399, -12.72033 ], [ -38.35406, -12.71996 ], [ -38.3541, -12.71981 ], [ -38.35418, -12.71955 ], [ -38.35424, -12.71922 ], [ -38.35426, -12.71912 ], [ -38.3543, -12.71887 ], [ -38.35431, -12.7188 ], [ -38.35436, -12.71846 ], [ -38.35433, -12.71781 ], [ -38.35435, -12.71735 ], [ -38.35441, -12.71708 ], [ -38.35458, -12.71677 ], [ -38.35476, -12.71647 ], [ -38.35495, -12.71627 ], [ -38.35511, -12.71607 ], [ -38.35516, -12.7159 ], [ -38.3553, -12.71555 ], [ -38.35544, -12.71535 ], [ -38.35563, -12.71521 ], [ -38.35589, -12.71492 ], [ -38.35603, -12.71472 ], [ -38.35608, -12.71458 ], [ -38.35614, -12.7143 ], [ -38.35619, -12.71414 ], [ -38.35629, -12.71398 ], [ -38.35639, -12.71394 ], [ -38.35662, -12.7139 ], [ -38.35667, -12.71385 ], [ -38.3568, -12.71371 ], [ -38.35692, -12.71359 ], [ -38.35704, -12.71353 ], [ -38.35729, -12.71349 ], [ -38.35744, -12.71356 ], [ -38.3576, -12.71363 ], [ -38.35784, -12.71381 ], [ -38.35799, -12.7139 ], [ -38.3581, -12.71388 ], [ -38.35821, -12.71382 ], [ -38.35839, -12.71382 ], [ -38.35868, -12.71385 ], [ -38.35883, -12.71378 ], [ -38.35898, -12.71367 ], [ -38.35904, -12.71356 ], [ -38.35922, -12.71341 ], [ -38.35926, -12.71337 ], [ -38.35933, -12.71334 ], [ -38.35939, -12.71328 ], [ -38.35947, -12.71315 ], [ -38.35957, -12.71306 ], [ -38.35968, -12.71306 ], [ -38.35976, -12.7131 ], [ -38.35979, -12.71323 ], [ -38.35978, -12.71344 ], [ -38.35985, -12.71349 ], [ -38.35992, -12.7135 ], [ -38.35999, -12.71346 ], [ -38.36021, -12.71315 ], [ -38.36031, -12.7131 ], [ -38.36049, -12.71304 ], [ -38.36058, -12.71303 ], [ -38.36066, -12.71295 ], [ -38.36077, -12.71279 ], [ -38.36092, -12.71267 ], [ -38.36104, -12.71251 ], [ -38.36111, -12.71234 ], [ -38.36124, -12.71225 ], [ -38.36137, -12.71221 ], [ -38.36148, -12.71223 ], [ -38.36156, -12.71228 ], [ -38.36158, -12.71252 ], [ -38.36161, -12.71275 ], [ -38.36167, -12.71287 ], [ -38.36174, -12.713 ], [ -38.36181, -12.71305 ], [ -38.36188, -12.71303 ], [ -38.36192, -12.71296 ], [ -38.36198, -12.71281 ], [ -38.36207, -12.71268 ], [ -38.36218, -12.71249 ], [ -38.3622, -12.71235 ], [ -38.36216, -12.71227 ], [ -38.36194, -12.71213 ], [ -38.36179, -12.71199 ], [ -38.36169, -12.71186 ], [ -38.36164, -12.71176 ], [ -38.36166, -12.71164 ], [ -38.3617, -12.71158 ], [ -38.36179, -12.71155 ], [ -38.36198, -12.7116 ], [ -38.36214, -12.71165 ], [ -38.36229, -12.71176 ], [ -38.36246, -12.71184 ], [ -38.36268, -12.71193 ], [ -38.36289, -12.71209 ], [ -38.36315, -12.7122 ], [ -38.36338, -12.71215 ], [ -38.36351, -12.71205 ], [ -38.36354, -12.71196 ], [ -38.36345, -12.71179 ], [ -38.36333, -12.71157 ], [ -38.36334, -12.71147 ], [ -38.36342, -12.7114 ], [ -38.36359, -12.71139 ], [ -38.36376, -12.71143 ], [ -38.36398, -12.71155 ], [ -38.36414, -12.71169 ], [ -38.36423, -12.71173 ], [ -38.36432, -12.71167 ], [ -38.36441, -12.71158 ], [ -38.36451, -12.7115 ], [ -38.36467, -12.71145 ], [ -38.36478, -12.71138 ], [ -38.36484, -12.71131 ], [ -38.36491, -12.71119 ], [ -38.36499, -12.71113 ], [ -38.36517, -12.71099 ], [ -38.36517, -12.71094 ], [ -38.36508, -12.71082 ], [ -38.36506, -12.71068 ], [ -38.36508, -12.71061 ], [ -38.36515, -12.71058 ], [ -38.36526, -12.71059 ], [ -38.36543, -12.71067 ], [ -38.36554, -12.71067 ], [ -38.36563, -12.71063 ], [ -38.36571, -12.71053 ], [ -38.36573, -12.71031 ], [ -38.36568, -12.71 ], [ -38.36567, -12.70983 ], [ -38.36567, -12.70974 ], [ -38.36561, -12.70967 ], [ -38.36549, -12.70963 ], [ -38.36543, -12.70953 ], [ -38.36537, -12.70934 ], [ -38.36541, -12.7092 ], [ -38.36544, -12.70913 ], [ -38.36552, -12.70908 ], [ -38.36575, -12.70882 ], [ -38.36606, -12.70849 ], [ -38.36621, -12.70832 ], [ -38.36639, -12.70815 ], [ -38.36658, -12.70796 ], [ -38.36702, -12.70779 ], [ -38.36717, -12.70764 ], [ -38.36731, -12.70755 ], [ -38.36751, -12.70751 ], [ -38.36787, -12.70752 ], [ -38.36818, -12.70755 ], [ -38.3683, -12.70751 ], [ -38.3684, -12.70742 ], [ -38.36843, -12.70731 ], [ -38.36841, -12.70711 ], [ -38.36836, -12.70686 ], [ -38.36835, -12.70679 ], [ -38.36834, -12.70669 ], [ -38.36832, -12.70645 ], [ -38.36828, -12.70622 ], [ -38.36821, -12.70606 ], [ -38.36808, -12.70586 ], [ -38.36794, -12.70572 ], [ -38.36781, -12.70561 ], [ -38.36765, -12.70558 ], [ -38.36753, -12.70557 ], [ -38.36737, -12.70547 ], [ -38.36722, -12.70537 ], [ -38.36709, -12.70522 ], [ -38.36701, -12.70504 ], [ -38.36697, -12.70485 ], [ -38.36697, -12.7046 ], [ -38.367, -12.70406 ], [ -38.36702, -12.70335 ], [ -38.36704, -12.70301 ], [ -38.36705, -12.70287 ], [ -38.36708, -12.70223 ], [ -38.36713, -12.70185 ], [ -38.3672, -12.70142 ], [ -38.36724, -12.70129 ], [ -38.36733, -12.70115 ], [ -38.3675, -12.70088 ], [ -38.36775, -12.70051 ], [ -38.36793, -12.7003 ], [ -38.36831, -12.69994 ], [ -38.36845, -12.69974 ], [ -38.36854, -12.69954 ], [ -38.36863, -12.69921 ], [ -38.36877, -12.69878 ], [ -38.36887, -12.69825 ], [ -38.36889, -12.69776 ], [ -38.36888, -12.69751 ], [ -38.36885, -12.69733 ], [ -38.36876, -12.6971 ], [ -38.36853, -12.6968 ], [ -38.36828, -12.69654 ], [ -38.36824, -12.69638 ], [ -38.36823, -12.69622 ], [ -38.36824, -12.69603 ], [ -38.36831, -12.69572 ], [ -38.36849, -12.6953 ], [ -38.36857, -12.695 ], [ -38.36859, -12.69487 ], [ -38.36857, -12.69472 ], [ -38.36851, -12.6946 ], [ -38.36839, -12.6945 ], [ -38.36823, -12.69446 ], [ -38.36803, -12.69443 ], [ -38.36791, -12.69441 ], [ -38.36777, -12.69437 ], [ -38.36761, -12.69427 ], [ -38.36749, -12.69414 ], [ -38.36735, -12.69395 ], [ -38.36724, -12.69383 ], [ -38.36722, -12.69372 ], [ -38.36724, -12.69361 ], [ -38.36735, -12.69351 ], [ -38.36747, -12.69343 ], [ -38.36781, -12.69324 ], [ -38.36807, -12.69312 ], [ -38.36816, -12.693 ], [ -38.36824, -12.69285 ], [ -38.36826, -12.69267 ], [ -38.36841, -12.69245 ], [ -38.36864, -12.69212 ], [ -38.36881, -12.69186 ], [ -38.36892, -12.69169 ], [ -38.36893, -12.69153 ], [ -38.36889, -12.69135 ], [ -38.36879, -12.69114 ], [ -38.36868, -12.69094 ], [ -38.36866, -12.69077 ], [ -38.36866, -12.69058 ], [ -38.36865, -12.69039 ], [ -38.36866, -12.69008 ], [ -38.36868, -12.68993 ], [ -38.3688, -12.68969 ], [ -38.36889, -12.68946 ], [ -38.36905, -12.68907 ], [ -38.36912, -12.68895 ], [ -38.36921, -12.68893 ], [ -38.36932, -12.68896 ], [ -38.36951, -12.68904 ], [ -38.36966, -12.68905 ], [ -38.3698, -12.68904 ], [ -38.36989, -12.68897 ], [ -38.36993, -12.68888 ], [ -38.36994, -12.68879 ], [ -38.36993, -12.68868 ], [ -38.36991, -12.68852 ], [ -38.36995, -12.68835 ], [ -38.37006, -12.68823 ], [ -38.37025, -12.68808 ], [ -38.3705, -12.68793 ], [ -38.37056, -12.68784 ], [ -38.37059, -12.6877 ], [ -38.37058, -12.6875 ], [ -38.37059, -12.6873 ], [ -38.37061, -12.68725 ], [ -38.37059, -12.68713 ], [ -38.37063, -12.68698 ], [ -38.37069, -12.68678 ], [ -38.37072, -12.68668 ], [ -38.37075, -12.68656 ], [ -38.37082, -12.68645 ], [ -38.37095, -12.68634 ], [ -38.3711, -12.6862 ], [ -38.37125, -12.68605 ], [ -38.37126, -12.68594 ], [ -38.37122, -12.6858 ], [ -38.37116, -12.68573 ], [ -38.37107, -12.6856 ], [ -38.37105, -12.6855 ], [ -38.37107, -12.6853 ], [ -38.37108, -12.68514 ], [ -38.371, -12.68496 ], [ -38.37091, -12.68484 ], [ -38.37091, -12.68465 ], [ -38.37086, -12.68454 ], [ -38.37074, -12.68442 ], [ -38.37056, -12.68427 ], [ -38.37048, -12.68414 ], [ -38.37039, -12.68397 ], [ -38.37033, -12.68382 ], [ -38.37033, -12.6836 ], [ -38.37031, -12.68341 ], [ -38.3703, -12.68329 ], [ -38.37037, -12.68316 ], [ -38.37042, -12.68305 ], [ -38.37044, -12.68296 ], [ -38.37054, -12.68285 ], [ -38.37068, -12.68274 ], [ -38.37074, -12.68263 ], [ -38.37075, -12.68255 ], [ -38.37079, -12.68251 ], [ -38.37092, -12.68247 ], [ -38.37101, -12.68235 ], [ -38.37105, -12.68222 ], [ -38.3711, -12.6821 ], [ -38.37118, -12.68189 ], [ -38.37119, -12.6818 ], [ -38.37121, -12.68172 ], [ -38.37133, -12.68161 ], [ -38.37138, -12.68152 ], [ -38.3716, -12.68147 ], [ -38.37172, -12.68139 ], [ -38.37184, -12.68124 ], [ -38.37192, -12.68105 ], [ -38.372, -12.68086 ], [ -38.37205, -12.68073 ], [ -38.3721, -12.68062 ], [ -38.37215, -12.68055 ], [ -38.37217, -12.68049 ], [ -38.37217, -12.68042 ], [ -38.37214, -12.68036 ], [ -38.3721, -12.68035 ], [ -38.37207, -12.68036 ], [ -38.37204, -12.6804 ], [ -38.372, -12.68042 ], [ -38.37194, -12.68041 ], [ -38.37189, -12.68045 ], [ -38.37183, -12.68051 ], [ -38.37178, -12.68051 ], [ -38.37171, -12.68055 ], [ -38.37162, -12.68063 ], [ -38.37155, -12.68066 ], [ -38.37142, -12.68065 ], [ -38.37133, -12.68059 ], [ -38.37129, -12.68054 ], [ -38.37128, -12.68045 ], [ -38.37131, -12.6803 ], [ -38.37132, -12.68022 ], [ -38.37133, -12.68018 ], [ -38.37134, -12.68015 ], [ -38.37137, -12.68012 ], [ -38.37138, -12.68009 ], [ -38.37138, -12.68006 ], [ -38.37136, -12.67999 ], [ -38.37136, -12.67992 ], [ -38.37139, -12.67982 ], [ -38.3715, -12.67966 ], [ -38.37165, -12.6795 ], [ -38.37178, -12.67934 ], [ -38.37184, -12.67925 ], [ -38.372, -12.6791 ], [ -38.3722, -12.67897 ], [ -38.37243, -12.67882 ], [ -38.37253, -12.67875 ], [ -38.37261, -12.67869 ], [ -38.37294, -12.67844 ], [ -38.37319, -12.67831 ], [ -38.37342, -12.67811 ], [ -38.37378, -12.67785 ], [ -38.37398, -12.67772 ], [ -38.3742, -12.6776 ], [ -38.3743, -12.67749 ], [ -38.37448, -12.6774 ], [ -38.37458, -12.67738 ], [ -38.37481, -12.67737 ], [ -38.37506, -12.67738 ], [ -38.37524, -12.67737 ], [ -38.37539, -12.67734 ], [ -38.37557, -12.67724 ], [ -38.37576, -12.67711 ], [ -38.37571, -12.67704 ], [ -38.37502, -12.67602 ], [ -38.37311, -12.6734 ], [ -38.37231, -12.67243 ], [ -38.37224, -12.67233 ], [ -38.37164, -12.67162 ], [ -38.37134, -12.67127 ], [ -38.37119, -12.67112 ], [ -38.37118, -12.6711 ], [ -38.36991, -12.66968 ], [ -38.36757, -12.66704 ], [ -38.36486, -12.66402 ], [ -38.3635, -12.66251 ], [ -38.36332, -12.66231 ], [ -38.36279, -12.66172 ], [ -38.36167, -12.66046 ], [ -38.36055, -12.65922 ], [ -38.3599, -12.65845 ], [ -38.35941, -12.65786 ], [ -38.35843, -12.65594 ], [ -38.35647, -12.65189 ], [ -38.35378, -12.64636 ], [ -38.34991, -12.63872 ], [ -38.34778, -12.64024 ], [ -38.34614, -12.64133 ], [ -38.34258, -12.64361 ], [ -38.34087, -12.6446 ], [ -38.34055, -12.64477 ], [ -38.33985, -12.64474 ], [ -38.33958, -12.64456 ], [ -38.33942, -12.644 ], [ -38.33972, -12.64001 ], [ -38.33976, -12.63954 ], [ -38.34, -12.63701 ], [ -38.34007, -12.63604 ], [ -38.34007, -12.63601 ], [ -38.34009, -12.63484 ], [ -38.34009, -12.63407 ], [ -38.34009, -12.63396 ], [ -38.34, -12.63325 ], [ -38.33977, -12.63239 ], [ -38.3394, -12.6317 ], [ -38.33907, -12.63119 ], [ -38.33873, -12.6308 ], [ -38.33799, -12.63027 ], [ -38.33737, -12.62984 ], [ -38.33647, -12.62945 ], [ -38.33476, -12.62885 ], [ -38.33384, -12.62852 ], [ -38.33348, -12.62838 ], [ -38.32967, -12.627 ], [ -38.32564, -12.62573 ], [ -38.32552, -12.62569 ], [ -38.3251, -12.62554 ], [ -38.32424, -12.62522 ], [ -38.32386, -12.62512 ], [ -38.32369, -12.62508 ], [ -38.32352, -12.62504 ], [ -38.32242, -12.62476 ], [ -38.32226, -12.62472 ], [ -38.32221, -12.62471 ], [ -38.32201, -12.62467 ], [ -38.3217, -12.6246 ], [ -38.32135, -12.62452 ], [ -38.32098, -12.62444 ], [ -38.32052, -12.62433 ], [ -38.32032, -12.62429 ], [ -38.31984, -12.62418 ], [ -38.31881, -12.62395 ], [ -38.31863, -12.62391 ], [ -38.31728, -12.62361 ], [ -38.31691, -12.62352 ], [ -38.31669, -12.62347 ], [ -38.31656, -12.62345 ], [ -38.31536, -12.62318 ], [ -38.31377, -12.62283 ], [ -38.31268, -12.62237 ], [ -38.31217, -12.62205 ], [ -38.31171, -12.62175 ], [ -38.31124, -12.62146 ], [ -38.31064, -12.62094 ], [ -38.31053, -12.62085 ], [ -38.30804, -12.61871 ], [ -38.3077, -12.61919 ], [ -38.30768, -12.61941 ], [ -38.30771, -12.61971 ], [ -38.30771, -12.61972 ], [ -38.30772, -12.61988 ], [ -38.30791, -12.62025 ], [ -38.30794, -12.62032 ], [ -38.3088, -12.62114 ], [ -38.30883, -12.62117 ], [ -38.30891, -12.62124 ], [ -38.30964, -12.62188 ], [ -38.30997, -12.62225 ], [ -38.31021, -12.62271 ], [ -38.31033, -12.62288 ], [ -38.31037, -12.6232 ], [ -38.31041, -12.62352 ], [ -38.31044, -12.62366 ], [ -38.31046, -12.62375 ], [ -38.31047, -12.62381 ], [ -38.31047, -12.62417 ], [ -38.31019, -12.6246 ], [ -38.30964, -12.62498 ], [ -38.30932, -12.62512 ], [ -38.30902, -12.62532 ], [ -38.309, -12.62532 ], [ -38.30872, -12.62532 ], [ -38.3084, -12.62528 ], [ -38.30798, -12.62511 ], [ -38.30686, -12.62464 ], [ -38.3066, -12.62457 ], [ -38.30576, -12.62434 ], [ -38.30563, -12.6243 ], [ -38.30452, -12.62395 ], [ -38.30384, -12.6237 ], [ -38.30325, -12.62346 ], [ -38.30293, -12.62334 ], [ -38.30254, -12.62329 ], [ -38.30208, -12.62333 ], [ -38.30179, -12.62335 ], [ -38.3014, -12.6233 ], [ -38.30115, -12.62333 ], [ -38.30096, -12.62347 ], [ -38.30092, -12.62353 ], [ -38.30089, -12.62359 ], [ -38.30079, -12.62375 ], [ -38.30074, -12.62381 ], [ -38.30051, -12.62392 ], [ -38.30005, -12.62397 ], [ -38.2994, -12.62397 ], [ -38.29911, -12.62405 ], [ -38.29895, -12.62425 ], [ -38.29885, -12.6244 ], [ -38.29858, -12.62458 ], [ -38.29848, -12.62467 ], [ -38.29835, -12.62479 ], [ -38.29813, -12.62514 ], [ -38.29812, -12.62519 ], [ -38.29796, -12.62563 ], [ -38.29766, -12.62585 ], [ -38.29748, -12.62607 ], [ -38.29744, -12.62666 ], [ -38.29729, -12.62678 ], [ -38.29616, -12.62789 ], [ -38.29533, -12.6289 ], [ -38.29382, -12.63062 ], [ -38.29332, -12.63119 ], [ -38.29304, -12.63145 ], [ -38.29263, -12.63168 ], [ -38.29198, -12.63189 ], [ -38.291, -12.63217 ], [ -38.29033, -12.63258 ], [ -38.28959, -12.6331 ], [ -38.28918, -12.63345 ], [ -38.28895, -12.63365 ], [ -38.28892, -12.63367 ], [ -38.28843, -12.63408 ], [ -38.2883, -12.63418 ], [ -38.28816, -12.63431 ], [ -38.28773, -12.6347 ], [ -38.28722, -12.63493 ], [ -38.28701, -12.63506 ], [ -38.28678, -12.63508 ], [ -38.28626, -12.63489 ], [ -38.28538, -12.63435 ], [ -38.28478, -12.63388 ], [ -38.28317, -12.6312 ], [ -38.28286, -12.63061 ], [ -38.28256, -12.63024 ], [ -38.28216, -12.6301 ], [ -38.28161, -12.63006 ], [ -38.2815, -12.63017 ], [ -38.28093, -12.63069 ], [ -38.28083, -12.63078 ], [ -38.27925, -12.63224 ], [ -38.27674, -12.63454 ], [ -38.27603, -12.6352 ], [ -38.27566, -12.63538 ], [ -38.27532, -12.63543 ], [ -38.2748, -12.6355 ], [ -38.27475, -12.63551 ], [ -38.27394, -12.63562 ], [ -38.27387, -12.63595 ], [ -38.27385, -12.636 ], [ -38.27385, -12.63602 ], [ -38.27366, -12.63654 ], [ -38.27337, -12.63688 ], [ -38.2731, -12.63707 ], [ -38.27281, -12.63728 ], [ -38.27212, -12.63748 ], [ -38.27129, -12.63757 ], [ -38.26941, -12.63742 ], [ -38.26908, -12.63739 ], [ -38.26895, -12.63738 ], [ -38.26892, -12.63737 ], [ -38.26881, -12.63737 ], [ -38.2687, -12.63735 ], [ -38.26859, -12.63734 ], [ -38.26849, -12.63734 ], [ -38.26837, -12.63733 ], [ -38.26805, -12.6373 ], [ -38.26789, -12.63728 ], [ -38.26769, -12.63726 ], [ -38.26762, -12.63725 ], [ -38.26757, -12.63723 ], [ -38.26756, -12.63723 ], [ -38.26753, -12.63722 ], [ -38.2675, -12.63721 ], [ -38.26746, -12.6372 ], [ -38.26658, -12.63691 ], [ -38.26559, -12.63621 ], [ -38.26508, -12.63542 ], [ -38.26466, -12.63531 ], [ -38.26387, -12.63451 ], [ -38.26284, -12.63406 ], [ -38.26231, -12.63363 ], [ -38.26181, -12.63339 ], [ -38.26103, -12.63327 ], [ -38.26061, -12.63328 ], [ -38.26014, -12.63337 ], [ -38.25985, -12.63308 ], [ -38.25951, -12.63301 ], [ -38.25914, -12.63304 ], [ -38.25855, -12.63329 ], [ -38.25787, -12.63353 ], [ -38.25751, -12.63379 ], [ -38.25681, -12.63436 ], [ -38.25607, -12.63493 ], [ -38.25504, -12.63554 ], [ -38.25434, -12.63598 ], [ -38.25376, -12.63632 ], [ -38.25348, -12.63639 ], [ -38.25273, -12.63647 ], [ -38.25169, -12.63666 ], [ -38.25078, -12.63677 ], [ -38.25008, -12.63687 ], [ -38.24976, -12.63691 ], [ -38.2494, -12.6368 ], [ -38.24878, -12.63692 ], [ -38.24831, -12.63708 ], [ -38.24767, -12.63735 ], [ -38.24721, -12.63748 ], [ -38.24719, -12.63749 ], [ -38.24694, -12.63755 ], [ -38.24638, -12.63769 ], [ -38.24516, -12.63817 ], [ -38.24441, -12.6384 ], [ -38.2437, -12.63849 ], [ -38.24315, -12.63858 ], [ -38.24278, -12.63881 ], [ -38.24238, -12.63927 ], [ -38.24171, -12.64039 ], [ -38.24069, -12.64092 ], [ -38.23932, -12.64143 ], [ -38.23771, -12.64169 ], [ -38.23626, -12.6419 ], [ -38.2352, -12.64219 ], [ -38.2336, -12.64232 ], [ -38.23269, -12.64228 ], [ -38.23187, -12.6421 ], [ -38.23087, -12.64172 ], [ -38.22949, -12.64114 ], [ -38.22847, -12.6409 ], [ -38.22759, -12.64068 ], [ -38.2262, -12.64013 ], [ -38.22597, -12.64092 ], [ -38.22541, -12.64164 ], [ -38.22496, -12.6422 ], [ -38.2248, -12.6426 ], [ -38.22471, -12.64325 ], [ -38.22476, -12.64408 ], [ -38.22486, -12.64474 ], [ -38.22504, -12.6458 ], [ -38.22518, -12.64635 ], [ -38.22514, -12.64661 ], [ -38.21921, -12.64269 ], [ -38.21568, -12.63918 ], [ -38.21431, -12.63733 ], [ -38.2132, -12.63649 ], [ -38.21315, -12.63646 ], [ -38.21133, -12.63508 ], [ -38.20948, -12.63369 ], [ -38.20941, -12.63364 ], [ -38.20924, -12.6333 ], [ -38.20708, -12.62909 ], [ -38.20698, -12.62898 ], [ -38.20691, -12.62891 ], [ -38.20336, -12.6251 ], [ -38.20307, -12.62505 ], [ -38.2019, -12.62488 ], [ -38.19863, -12.62441 ], [ -38.19729, -12.6249 ], [ -38.19592, -12.62513 ], [ -38.19516, -12.62509 ], [ -38.19442, -12.62486 ], [ -38.19381, -12.62446 ], [ -38.19257, -12.62258 ], [ -38.1917, -12.62187 ], [ -38.19083, -12.62116 ], [ -38.18818, -12.62064 ], [ -38.18622, -12.61998 ], [ -38.18213, -12.61704 ], [ -38.18173, -12.61654 ], [ -38.18156, -12.61583 ], [ -38.18157, -12.61355 ], [ -38.18139, -12.61117 ], [ -38.18176, -12.60988 ], [ -38.1816, -12.60926 ], [ -38.18094, -12.60887 ], [ -38.18043, -12.60837 ], [ -38.18034, -12.60639 ], [ -38.1792, -12.60456 ], [ -38.17912, -12.60389 ], [ -38.18, -12.60202 ], [ -38.17883, -12.60068 ], [ -38.17762, -12.59803 ], [ -38.17726, -12.59757 ], [ -38.17663, -12.59726 ], [ -38.17608, -12.59708 ], [ -38.17041, -12.59726 ], [ -38.16832, -12.59796 ], [ -38.16758, -12.59802 ], [ -38.16408, -12.59803 ], [ -38.1625, -12.59744 ], [ -38.16199, -12.59757 ], [ -38.16102, -12.59821 ], [ -38.16035, -12.59831 ], [ -38.15975, -12.59828 ], [ -38.1578, -12.59722 ], [ -38.15702, -12.5971 ], [ -38.15558, -12.59737 ], [ -38.15343, -12.59752 ], [ -38.15199, -12.5983 ], [ -38.14984, -12.59913 ], [ -38.14934, -12.59949 ], [ -38.14739, -12.6004 ], [ -38.14684, -12.60109 ], [ -38.14667, -12.60161 ], [ -38.14675, -12.60305 ], [ -38.14652, -12.6037 ], [ -38.1452, -12.60533 ], [ -38.14347, -12.60627 ], [ -38.14289, -12.60646 ], [ -38.13958, -12.60626 ], [ -38.13876, -12.60622 ], [ -38.13816, -12.60605 ], [ -38.13639, -12.60465 ], [ -38.13572, -12.60412 ], [ -38.13499, -12.60329 ], [ -38.13491, -12.60321 ], [ -38.13421, -12.60281 ], [ -38.13325, -12.60257 ], [ -38.13219, -12.60251 ], [ -38.132, -12.6025 ], [ -38.13186, -12.60249 ], [ -38.13188, -12.60231 ], [ -38.13188, -12.60213 ], [ -38.13181, -12.60188 ], [ -38.1317, -12.60153 ], [ -38.13171, -12.60117 ], [ -38.13188, -12.60071 ], [ -38.13235, -12.60016 ], [ -38.13261, -12.59995 ], [ -38.13264, -12.59981 ], [ -38.13261, -12.59975 ], [ -38.13242, -12.59963 ], [ -38.13227, -12.59964 ], [ -38.13195, -12.59972 ], [ -38.13172, -12.59961 ], [ -38.1316, -12.59944 ], [ -38.13161, -12.59929 ], [ -38.13168, -12.59911 ], [ -38.13188, -12.59884 ], [ -38.13218, -12.5985 ], [ -38.13232, -12.59829 ], [ -38.13238, -12.59803 ], [ -38.13248, -12.59793 ], [ -38.13261, -12.59781 ], [ -38.13288, -12.59763 ], [ -38.13302, -12.5974 ], [ -38.13303, -12.59725 ], [ -38.13292, -12.59701 ], [ -38.13276, -12.5968 ], [ -38.13272, -12.59667 ], [ -38.13277, -12.59652 ], [ -38.13291, -12.59637 ], [ -38.13302, -12.59622 ], [ -38.13302, -12.59611 ], [ -38.13303, -12.59588 ], [ -38.1331, -12.59569 ], [ -38.13335, -12.59553 ], [ -38.1335, -12.59543 ], [ -38.13355, -12.5954 ], [ -38.13366, -12.59529 ], [ -38.1338, -12.59511 ], [ -38.13396, -12.595 ], [ -38.1341, -12.59498 ], [ -38.13426, -12.59491 ], [ -38.13451, -12.59463 ], [ -38.13463, -12.59433 ], [ -38.13478, -12.59393 ], [ -38.13494, -12.59359 ], [ -38.1351, -12.5933 ], [ -38.1351, -12.5931 ], [ -38.13508, -12.59281 ], [ -38.13511, -12.59261 ], [ -38.1352, -12.5925 ], [ -38.13584, -12.59226 ], [ -38.13601, -12.5921 ], [ -38.136, -12.592 ], [ -38.13593, -12.59187 ], [ -38.13579, -12.59171 ], [ -38.13579, -12.59154 ], [ -38.13595, -12.59137 ], [ -38.1361, -12.59114 ], [ -38.13616, -12.59096 ], [ -38.1363, -12.59083 ], [ -38.1364, -12.59065 ], [ -38.13644, -12.59027 ], [ -38.13644, -12.58997 ], [ -38.1363, -12.5897 ], [ -38.13606, -12.58954 ], [ -38.13588, -12.58946 ], [ -38.13564, -12.58932 ], [ -38.13552, -12.58921 ], [ -38.13551, -12.58908 ], [ -38.13556, -12.58898 ], [ -38.13581, -12.58886 ], [ -38.13606, -12.58872 ], [ -38.13613, -12.58864 ], [ -38.1362, -12.58855 ], [ -38.13634, -12.58832 ], [ -38.13649, -12.58792 ], [ -38.13649, -12.58782 ], [ -38.13649, -12.58772 ], [ -38.13641, -12.58749 ], [ -38.13617, -12.58725 ], [ -38.13595, -12.58725 ], [ -38.13579, -12.58733 ], [ -38.13551, -12.58741 ], [ -38.13538, -12.58738 ], [ -38.13529, -12.58721 ], [ -38.13537, -12.58698 ], [ -38.13547, -12.5867 ], [ -38.13567, -12.58647 ], [ -38.13597, -12.58629 ], [ -38.13617, -12.5862 ], [ -38.1365, -12.58613 ], [ -38.13663, -12.5861 ], [ -38.13674, -12.58598 ], [ -38.13687, -12.58565 ], [ -38.1369, -12.58564 ], [ -38.13703, -12.58559 ], [ -38.13715, -12.58556 ], [ -38.13726, -12.5856 ], [ -38.13737, -12.58563 ], [ -38.13752, -12.58563 ], [ -38.13766, -12.58558 ], [ -38.13776, -12.58537 ], [ -38.1379, -12.58508 ], [ -38.13796, -12.58484 ], [ -38.13796, -12.58471 ], [ -38.13776, -12.58462 ], [ -38.13738, -12.58456 ], [ -38.13718, -12.5845 ], [ -38.13679, -12.58426 ], [ -38.13658, -12.58395 ], [ -38.13639, -12.5833 ], [ -38.13623, -12.58271 ], [ -38.13614, -12.58235 ], [ -38.13618, -12.58196 ], [ -38.13631, -12.58159 ], [ -38.13669, -12.58085 ], [ -38.13679, -12.58062 ], [ -38.13687, -12.58026 ], [ -38.13695, -12.58 ], [ -38.1371, -12.57966 ], [ -38.13743, -12.57923 ], [ -38.13773, -12.57872 ], [ -38.13786, -12.57832 ], [ -38.13794, -12.57801 ], [ -38.13802, -12.57737 ], [ -38.13806, -12.57705 ], [ -38.13816, -12.57685 ], [ -38.13834, -12.57668 ], [ -38.13869, -12.57652 ], [ -38.13901, -12.57635 ], [ -38.13922, -12.57621 ], [ -38.13959, -12.57602 ], [ -38.14, -12.57585 ], [ -38.14032, -12.57586 ], [ -38.14062, -12.5758 ], [ -38.14081, -12.5756 ], [ -38.14092, -12.57555 ], [ -38.14114, -12.5757 ], [ -38.14141, -12.57585 ], [ -38.1416, -12.57584 ], [ -38.14177, -12.57573 ], [ -38.14185, -12.57559 ], [ -38.14202, -12.57544 ], [ -38.14225, -12.57544 ], [ -38.14259, -12.57546 ], [ -38.14273, -12.57545 ], [ -38.14289, -12.57538 ], [ -38.14306, -12.57542 ], [ -38.14355, -12.57567 ], [ -38.14383, -12.57575 ], [ -38.14403, -12.57575 ], [ -38.14435, -12.57562 ], [ -38.14457, -12.57549 ], [ -38.14463, -12.57535 ], [ -38.1446, -12.57509 ], [ -38.14461, -12.57491 ], [ -38.14467, -12.57484 ], [ -38.14481, -12.57473 ], [ -38.14504, -12.57472 ], [ -38.14519, -12.5746 ], [ -38.14524, -12.57448 ], [ -38.14511, -12.57426 ], [ -38.14486, -12.57404 ], [ -38.14452, -12.57386 ], [ -38.14437, -12.57373 ], [ -38.14428, -12.57359 ], [ -38.14429, -12.57336 ], [ -38.14442, -12.57332 ], [ -38.14453, -12.57336 ], [ -38.14487, -12.57372 ], [ -38.145, -12.57378 ], [ -38.14511, -12.57374 ], [ -38.14516, -12.57365 ], [ -38.14513, -12.57355 ], [ -38.14503, -12.57327 ], [ -38.14497, -12.57303 ], [ -38.14499, -12.57285 ], [ -38.14514, -12.57248 ], [ -38.14535, -12.57204 ], [ -38.14589, -12.57113 ], [ -38.14607, -12.57081 ], [ -38.14626, -12.57048 ], [ -38.14664, -12.57008 ], [ -38.14698, -12.56997 ], [ -38.14723, -12.56999 ], [ -38.14738, -12.57006 ], [ -38.14754, -12.57021 ], [ -38.14769, -12.57029 ], [ -38.14802, -12.57025 ], [ -38.14831, -12.57011 ], [ -38.14847, -12.56987 ], [ -38.14856, -12.56974 ], [ -38.14876, -12.56966 ], [ -38.1489, -12.56964 ], [ -38.14938, -12.56955 ], [ -38.14988, -12.56934 ], [ -38.15023, -12.56925 ], [ -38.15056, -12.56913 ], [ -38.15079, -12.56914 ], [ -38.15086, -12.56924 ], [ -38.1509, -12.56943 ], [ -38.1509, -12.56964 ], [ -38.15088, -12.56987 ], [ -38.15098, -12.57 ], [ -38.1511, -12.57004 ], [ -38.1513, -12.56999 ], [ -38.15145, -12.56989 ], [ -38.15179, -12.56964 ], [ -38.15198, -12.56972 ], [ -38.15227, -12.56985 ], [ -38.15239, -12.57003 ], [ -38.15241, -12.57015 ], [ -38.15236, -12.5703 ], [ -38.15217, -12.57049 ], [ -38.15194, -12.57071 ], [ -38.1516, -12.57105 ], [ -38.15161, -12.57116 ], [ -38.15169, -12.57124 ], [ -38.15195, -12.57135 ], [ -38.15212, -12.57138 ], [ -38.15229, -12.57142 ], [ -38.15253, -12.57143 ], [ -38.15307, -12.57139 ], [ -38.15353, -12.57126 ], [ -38.15381, -12.57113 ], [ -38.15423, -12.57093 ], [ -38.15457, -12.57069 ], [ -38.15562, -12.56972 ], [ -38.1564, -12.5689 ], [ -38.15684, -12.56818 ], [ -38.15723, -12.56764 ], [ -38.15744, -12.56754 ], [ -38.15758, -12.56756 ], [ -38.15783, -12.56766 ], [ -38.1581, -12.56775 ], [ -38.1585, -12.56776 ], [ -38.15927, -12.56779 ], [ -38.15962, -12.56778 ], [ -38.15984, -12.56782 ], [ -38.16016, -12.56787 ], [ -38.16048, -12.56797 ], [ -38.16077, -12.56797 ], [ -38.16095, -12.5679 ], [ -38.1611, -12.56774 ], [ -38.16133, -12.56736 ], [ -38.16135, -12.56732 ], [ -38.16144, -12.56685 ], [ -38.1614, -12.56642 ], [ -38.16139, -12.56629 ], [ -38.1612, -12.56574 ], [ -38.16115, -12.56555 ], [ -38.16124, -12.56524 ], [ -38.16145, -12.56497 ], [ -38.16154, -12.5648 ], [ -38.16168, -12.56475 ], [ -38.16186, -12.56457 ], [ -38.1619, -12.5644 ], [ -38.16197, -12.564 ], [ -38.16197, -12.56373 ], [ -38.16196, -12.56363 ], [ -38.16183, -12.56342 ], [ -38.16154, -12.56316 ], [ -38.16131, -12.56299 ], [ -38.16106, -12.5626 ], [ -38.16105, -12.56259 ], [ -38.16066, -12.56201 ], [ -38.16058, -12.56189 ], [ -38.16054, -12.56184 ], [ -38.16035, -12.56156 ], [ -38.15985, -12.56089 ], [ -38.15946, -12.56045 ], [ -38.15903, -12.56021 ], [ -38.15859, -12.55954 ], [ -38.15859, -12.55921 ], [ -38.15897, -12.55864 ], [ -38.15891, -12.55796 ], [ -38.15891, -12.55747 ], [ -38.15906, -12.55713 ], [ -38.15916, -12.55682 ], [ -38.1591, -12.55653 ], [ -38.15894, -12.55601 ], [ -38.15873, -12.5556 ], [ -38.15865, -12.55532 ], [ -38.15874, -12.55495 ], [ -38.15891, -12.55463 ], [ -38.15909, -12.55447 ], [ -38.15948, -12.55422 ], [ -38.1601, -12.55396 ], [ -38.16087, -12.55368 ], [ -38.1614, -12.5535 ], [ -38.16188, -12.55341 ], [ -38.16242, -12.55329 ], [ -38.1629, -12.55327 ], [ -38.1635, -12.55328 ], [ -38.16381, -12.5532 ], [ -38.16409, -12.55308 ], [ -38.16432, -12.55281 ], [ -38.16458, -12.55262 ], [ -38.16492, -12.55244 ], [ -38.16542, -12.55218 ], [ -38.16551, -12.552 ], [ -38.16553, -12.55178 ], [ -38.16541, -12.55154 ], [ -38.16526, -12.55112 ], [ -38.16524, -12.5507 ], [ -38.16538, -12.55056 ], [ -38.16568, -12.55049 ], [ -38.16599, -12.55039 ], [ -38.16621, -12.55021 ], [ -38.16645, -12.54989 ], [ -38.16658, -12.54976 ], [ -38.16682, -12.54958 ], [ -38.16724, -12.54946 ], [ -38.16767, -12.54925 ], [ -38.16809, -12.54901 ], [ -38.16839, -12.54861 ], [ -38.16851, -12.54807 ], [ -38.16852, -12.54787 ], [ -38.16839, -12.54751 ], [ -38.1683, -12.54737 ], [ -38.16817, -12.54731 ], [ -38.16809, -12.54738 ], [ -38.16786, -12.54746 ], [ -38.16766, -12.54741 ], [ -38.16749, -12.54733 ], [ -38.16732, -12.54716 ], [ -38.16714, -12.54686 ], [ -38.16708, -12.54653 ], [ -38.16714, -12.54629 ], [ -38.16728, -12.5459 ], [ -38.16737, -12.54561 ], [ -38.16746, -12.54533 ], [ -38.16765, -12.54498 ], [ -38.16772, -12.54483 ], [ -38.16771, -12.54472 ], [ -38.16766, -12.5446 ], [ -38.16742, -12.54447 ], [ -38.16739, -12.54439 ], [ -38.16742, -12.54423 ], [ -38.16748, -12.54407 ], [ -38.16747, -12.54384 ], [ -38.16731, -12.54351 ], [ -38.16694, -12.54299 ], [ -38.16694, -12.54281 ], [ -38.16701, -12.5427 ], [ -38.16706, -12.54266 ], [ -38.16712, -12.54262 ], [ -38.16718, -12.5424 ], [ -38.16731, -12.54216 ], [ -38.16759, -12.54205 ], [ -38.16776, -12.5421 ], [ -38.16795, -12.5422 ], [ -38.1681, -12.54237 ], [ -38.16819, -12.54256 ], [ -38.16823, -12.54277 ], [ -38.16832, -12.54305 ], [ -38.16854, -12.54325 ], [ -38.16874, -12.54332 ], [ -38.16909, -12.5433 ], [ -38.16942, -12.54326 ], [ -38.16971, -12.54326 ], [ -38.16999, -12.54323 ], [ -38.17016, -12.54307 ], [ -38.17031, -12.54277 ], [ -38.17037, -12.54259 ], [ -38.17055, -12.54254 ], [ -38.17068, -12.54261 ], [ -38.17089, -12.54286 ], [ -38.17111, -12.54322 ], [ -38.17141, -12.54371 ], [ -38.17156, -12.54368 ], [ -38.17172, -12.54365 ], [ -38.17182, -12.54353 ], [ -38.17189, -12.54333 ], [ -38.172, -12.54309 ], [ -38.17232, -12.54307 ], [ -38.17242, -12.54315 ], [ -38.17249, -12.54332 ], [ -38.17258, -12.54339 ], [ -38.1728, -12.5435 ], [ -38.1729, -12.54368 ], [ -38.17309, -12.54394 ], [ -38.17325, -12.54411 ], [ -38.17338, -12.54416 ], [ -38.17359, -12.5441 ], [ -38.17397, -12.54366 ], [ -38.17421, -12.54335 ], [ -38.17451, -12.54316 ], [ -38.17485, -12.54303 ], [ -38.17535, -12.54288 ], [ -38.1756, -12.54275 ], [ -38.17585, -12.54263 ], [ -38.17589, -12.54259 ], [ -38.17652, -12.54208 ], [ -38.1771, -12.54158 ], [ -38.17786, -12.54117 ], [ -38.17808, -12.54112 ], [ -38.17824, -12.54115 ], [ -38.17844, -12.54121 ], [ -38.17864, -12.54127 ], [ -38.17903, -12.54142 ], [ -38.17943, -12.54169 ], [ -38.18016, -12.54201 ], [ -38.18112, -12.54242 ], [ -38.18208, -12.54272 ], [ -38.18266, -12.54283 ], [ -38.18294, -12.54295 ], [ -38.18309, -12.54305 ], [ -38.1832, -12.54319 ], [ -38.18322, -12.54333 ], [ -38.18324, -12.54347 ], [ -38.18319, -12.54376 ], [ -38.18312, -12.5442 ], [ -38.18314, -12.54462 ], [ -38.18315, -12.5452 ], [ -38.18316, -12.54577 ], [ -38.18329, -12.54613 ], [ -38.18353, -12.5464 ], [ -38.18389, -12.54688 ], [ -38.1849, -12.54782 ], [ -38.18532, -12.54817 ], [ -38.18571, -12.54845 ], [ -38.18623, -12.54866 ], [ -38.18666, -12.54885 ], [ -38.18692, -12.54903 ], [ -38.18722, -12.54947 ], [ -38.1874, -12.54965 ], [ -38.18762, -12.54976 ], [ -38.1878, -12.54986 ], [ -38.18787, -12.54993 ], [ -38.18795, -12.55 ], [ -38.18802, -12.55014 ], [ -38.18815, -12.55039 ], [ -38.1883, -12.55066 ], [ -38.18853, -12.55091 ], [ -38.18857, -12.55107 ], [ -38.18855, -12.5512 ], [ -38.18842, -12.55132 ], [ -38.1884, -12.55155 ], [ -38.18847, -12.5519 ], [ -38.18854, -12.55214 ], [ -38.18861, -12.55253 ], [ -38.18865, -12.55292 ], [ -38.18869, -12.55346 ], [ -38.18877, -12.55363 ], [ -38.18888, -12.55369 ], [ -38.18928, -12.55383 ], [ -38.18943, -12.55393 ], [ -38.18945, -12.55409 ], [ -38.18944, -12.55423 ], [ -38.18923, -12.55433 ], [ -38.1886, -12.55447 ], [ -38.18853, -12.5546 ], [ -38.18851, -12.55467 ], [ -38.18852, -12.55479 ], [ -38.18862, -12.55493 ], [ -38.18872, -12.5551 ], [ -38.18882, -12.55533 ], [ -38.18887, -12.55559 ], [ -38.18896, -12.55569 ], [ -38.18907, -12.55577 ], [ -38.18925, -12.55585 ], [ -38.18938, -12.55593 ], [ -38.18942, -12.55601 ], [ -38.18943, -12.55614 ], [ -38.18941, -12.55642 ], [ -38.1894, -12.55661 ], [ -38.18944, -12.55696 ], [ -38.18951, -12.55709 ], [ -38.18966, -12.55723 ], [ -38.18989, -12.55735 ], [ -38.19016, -12.55753 ], [ -38.19043, -12.55765 ], [ -38.19076, -12.5579 ], [ -38.1911, -12.55826 ], [ -38.19123, -12.55842 ], [ -38.19125, -12.5585 ], [ -38.19126, -12.55864 ], [ -38.19129, -12.55886 ], [ -38.19142, -12.55903 ], [ -38.1916, -12.55919 ], [ -38.19183, -12.5594 ], [ -38.19222, -12.55969 ], [ -38.19247, -12.55981 ], [ -38.19263, -12.55989 ], [ -38.1928, -12.55997 ], [ -38.19308, -12.56009 ], [ -38.19329, -12.56015 ], [ -38.1934, -12.56024 ], [ -38.19353, -12.56049 ], [ -38.19359, -12.56069 ], [ -38.19362, -12.56079 ], [ -38.19363, -12.56091 ], [ -38.19361, -12.56105 ], [ -38.19353, -12.56133 ], [ -38.19358, -12.56174 ], [ -38.19369, -12.56214 ], [ -38.1939, -12.56239 ], [ -38.19435, -12.56293 ], [ -38.19475, -12.56355 ], [ -38.19483, -12.56368 ], [ -38.19486, -12.56378 ], [ -38.19487, -12.56388 ], [ -38.19482, -12.56435 ], [ -38.19485, -12.56451 ], [ -38.19494, -12.56465 ], [ -38.19506, -12.56473 ], [ -38.19516, -12.56476 ], [ -38.19527, -12.56478 ], [ -38.19543, -12.56478 ], [ -38.19552, -12.56469 ], [ -38.19555, -12.56454 ], [ -38.19553, -12.56412 ], [ -38.19558, -12.56394 ], [ -38.19565, -12.56388 ], [ -38.19574, -12.5639 ], [ -38.19593, -12.56398 ], [ -38.19614, -12.56418 ], [ -38.19643, -12.56444 ], [ -38.19671, -12.56453 ], [ -38.19699, -12.5646 ], [ -38.19718, -12.56469 ], [ -38.19751, -12.56496 ], [ -38.19783, -12.56517 ], [ -38.19853, -12.56566 ], [ -38.19918, -12.56615 ], [ -38.20007, -12.56668 ], [ -38.2003, -12.56679 ], [ -38.20043, -12.5668 ], [ -38.20052, -12.56679 ], [ -38.20057, -12.56672 ], [ -38.20058, -12.56656 ], [ -38.20067, -12.56627 ], [ -38.20087, -12.56616 ], [ -38.20132, -12.56596 ], [ -38.20156, -12.56593 ], [ -38.20175, -12.56596 ], [ -38.20197, -12.56607 ], [ -38.20221, -12.56627 ], [ -38.20231, -12.56644 ], [ -38.20238, -12.56665 ], [ -38.20248, -12.56683 ], [ -38.20256, -12.56693 ], [ -38.20266, -12.56693 ], [ -38.20276, -12.56694 ], [ -38.20327, -12.56705 ], [ -38.20353, -12.56709 ], [ -38.20391, -12.5671 ], [ -38.20422, -12.56716 ], [ -38.20444, -12.5672 ], [ -38.20465, -12.56724 ], [ -38.2048, -12.56728 ], [ -38.20495, -12.56732 ], [ -38.20555, -12.56744 ], [ -38.20575, -12.56752 ], [ -38.20593, -12.5676 ], [ -38.20601, -12.56774 ], [ -38.20611, -12.56797 ], [ -38.20616, -12.56812 ], [ -38.20613, -12.56826 ], [ -38.20608, -12.5684 ], [ -38.2059, -12.56872 ], [ -38.20584, -12.56892 ], [ -38.20582, -12.56901 ], [ -38.20583, -12.56912 ], [ -38.20589, -12.5692 ], [ -38.20599, -12.56928 ], [ -38.20617, -12.56932 ], [ -38.20638, -12.56933 ], [ -38.20673, -12.56933 ], [ -38.20706, -12.56927 ], [ -38.20723, -12.5692 ], [ -38.20758, -12.56904 ], [ -38.20779, -12.56898 ], [ -38.208, -12.56897 ], [ -38.20831, -12.56891 ], [ -38.20847, -12.56887 ], [ -38.20874, -12.56875 ], [ -38.20882, -12.56869 ], [ -38.2089, -12.56863 ], [ -38.20896, -12.56852 ], [ -38.20904, -12.56831 ], [ -38.20886, -12.56795 ], [ -38.20867, -12.56762 ], [ -38.20853, -12.56732 ], [ -38.20853, -12.56718 ], [ -38.20861, -12.56699 ], [ -38.20873, -12.56687 ], [ -38.20886, -12.56675 ], [ -38.20903, -12.56669 ], [ -38.20922, -12.56676 ], [ -38.20931, -12.56686 ], [ -38.20947, -12.56706 ], [ -38.20968, -12.56735 ], [ -38.20985, -12.5676 ], [ -38.21002, -12.56775 ], [ -38.21025, -12.56788 ], [ -38.21041, -12.56789 ], [ -38.21048, -12.56783 ], [ -38.21051, -12.56773 ], [ -38.21047, -12.56756 ], [ -38.21032, -12.56719 ], [ -38.21031, -12.56702 ], [ -38.21033, -12.56684 ], [ -38.21043, -12.56664 ], [ -38.21051, -12.56655 ], [ -38.21057, -12.56647 ], [ -38.21078, -12.56641 ], [ -38.21087, -12.56643 ], [ -38.21097, -12.56646 ], [ -38.21111, -12.56656 ], [ -38.21118, -12.56672 ], [ -38.21123, -12.56697 ], [ -38.21132, -12.56724 ], [ -38.21145, -12.56744 ], [ -38.21156, -12.56765 ], [ -38.21167, -12.56778 ], [ -38.2119, -12.56788 ], [ -38.21209, -12.56796 ], [ -38.21246, -12.56802 ], [ -38.21266, -12.56803 ], [ -38.21281, -12.56807 ], [ -38.21306, -12.56812 ], [ -38.21323, -12.56813 ], [ -38.21337, -12.56807 ], [ -38.21356, -12.56784 ], [ -38.21363, -12.56772 ], [ -38.21379, -12.56757 ], [ -38.21392, -12.56742 ], [ -38.2141, -12.5673 ], [ -38.21427, -12.56714 ], [ -38.21444, -12.56694 ], [ -38.21457, -12.56662 ], [ -38.21466, -12.56658 ], [ -38.21498, -12.56673 ], [ -38.21502, -12.56676 ], [ -38.21503, -12.56677 ], [ -38.21509, -12.5667 ], [ -38.21515, -12.56663 ], [ -38.21527, -12.56647 ], [ -38.2153, -12.56634 ], [ -38.21531, -12.56632 ], [ -38.21535, -12.56623 ], [ -38.21544, -12.56616 ], [ -38.21544, -12.56616 ], [ -38.21544, -12.56616 ], [ -38.21548, -12.56609 ], [ -38.21551, -12.56591 ], [ -38.21553, -12.5657 ], [ -38.21555, -12.56561 ], [ -38.21568, -12.56547 ], [ -38.21573, -12.56534 ], [ -38.21578, -12.56519 ], [ -38.21578, -12.56513 ], [ -38.21578, -12.56507 ], [ -38.21579, -12.56494 ], [ -38.21575, -12.56477 ], [ -38.21577, -12.56467 ], [ -38.21582, -12.56461 ], [ -38.21588, -12.56456 ], [ -38.21609, -12.56449 ], [ -38.2163, -12.56447 ], [ -38.21665, -12.56441 ], [ -38.21689, -12.5643 ], [ -38.21706, -12.56419 ], [ -38.21725, -12.56403 ], [ -38.21739, -12.56385 ], [ -38.21744, -12.56371 ], [ -38.21751, -12.56357 ], [ -38.21754, -12.56339 ], [ -38.21753, -12.56321 ], [ -38.21748, -12.56311 ], [ -38.2174, -12.56295 ], [ -38.21734, -12.56285 ], [ -38.21728, -12.56275 ], [ -38.21702, -12.56244 ], [ -38.21675, -12.56214 ], [ -38.21645, -12.56179 ], [ -38.21615, -12.56148 ], [ -38.21597, -12.56125 ], [ -38.21582, -12.56104 ], [ -38.21576, -12.56089 ], [ -38.21569, -12.56072 ], [ -38.21564, -12.56051 ], [ -38.21561, -12.56033 ], [ -38.21559, -12.5601 ], [ -38.21561, -12.55982 ], [ -38.21558, -12.55969 ], [ -38.21554, -12.55951 ], [ -38.21547, -12.55938 ], [ -38.21535, -12.55923 ], [ -38.21519, -12.55909 ], [ -38.2151, -12.55901 ], [ -38.21498, -12.55887 ], [ -38.21492, -12.5587 ], [ -38.2149, -12.55851 ], [ -38.21489, -12.55823 ], [ -38.21489, -12.55797 ], [ -38.21494, -12.55774 ], [ -38.21495, -12.5575 ], [ -38.2149, -12.55724 ], [ -38.21487, -12.55711 ], [ -38.21483, -12.55699 ], [ -38.21467, -12.55671 ], [ -38.21446, -12.55637 ], [ -38.21438, -12.5562 ], [ -38.21427, -12.55588 ], [ -38.21426, -12.55557 ], [ -38.21428, -12.55539 ], [ -38.21431, -12.55505 ], [ -38.21446, -12.55485 ], [ -38.21452, -12.55468 ], [ -38.21454, -12.55462 ], [ -38.21461, -12.55452 ], [ -38.21467, -12.55442 ], [ -38.21485, -12.55428 ], [ -38.21511, -12.55414 ], [ -38.21529, -12.55404 ], [ -38.21547, -12.55386 ], [ -38.21554, -12.55379 ], [ -38.21557, -12.55368 ], [ -38.21559, -12.55356 ], [ -38.21563, -12.55347 ], [ -38.21566, -12.55341 ], [ -38.21577, -12.55331 ], [ -38.21587, -12.5532 ], [ -38.2159, -12.55312 ], [ -38.21595, -12.55297 ], [ -38.21595, -12.55285 ], [ -38.21597, -12.55276 ], [ -38.21603, -12.55265 ], [ -38.21614, -12.55256 ], [ -38.21635, -12.55218 ], [ -38.21642, -12.55208 ], [ -38.21647, -12.55193 ], [ -38.21651, -12.55186 ], [ -38.21655, -12.55179 ], [ -38.21663, -12.55165 ], [ -38.21667, -12.5515 ], [ -38.21674, -12.55136 ], [ -38.21682, -12.55122 ], [ -38.21688, -12.55119 ], [ -38.21698, -12.55111 ], [ -38.21723, -12.55099 ], [ -38.21753, -12.55084 ], [ -38.2178, -12.55068 ], [ -38.21808, -12.5505 ], [ -38.21837, -12.5503 ], [ -38.21853, -12.5502 ], [ -38.21869, -12.55013 ], [ -38.21887, -12.55001 ], [ -38.21912, -12.54981 ], [ -38.21934, -12.54961 ], [ -38.2195, -12.54939 ], [ -38.21978, -12.54907 ], [ -38.2199, -12.54891 ], [ -38.22003, -12.54884 ], [ -38.22017, -12.54877 ], [ -38.22025, -12.5487 ], [ -38.22033, -12.54865 ], [ -38.22037, -12.54862 ], [ -38.22041, -12.54858 ], [ -38.22048, -12.54858 ], [ -38.22054, -12.54854 ], [ -38.22059, -12.54852 ], [ -38.22065, -12.54846 ], [ -38.22073, -12.54836 ], [ -38.22077, -12.5483 ], [ -38.2209, -12.54821 ], [ -38.221, -12.54811 ], [ -38.22122, -12.54799 ], [ -38.22138, -12.54782 ], [ -38.22151, -12.54765 ], [ -38.22165, -12.54742 ], [ -38.22175, -12.54727 ], [ -38.22189, -12.54708 ], [ -38.22218, -12.5468 ], [ -38.22242, -12.54653 ], [ -38.22252, -12.54637 ], [ -38.22263, -12.5462 ], [ -38.22282, -12.54586 ], [ -38.22291, -12.54558 ], [ -38.22295, -12.54537 ], [ -38.22296, -12.54494 ], [ -38.22291, -12.54462 ], [ -38.22289, -12.54432 ], [ -38.22279, -12.54402 ], [ -38.22271, -12.54382 ], [ -38.22265, -12.54362 ], [ -38.22251, -12.54336 ], [ -38.22239, -12.54312 ], [ -38.22227, -12.54292 ], [ -38.22219, -12.54286 ], [ -38.22208, -12.54279 ], [ -38.22194, -12.54276 ], [ -38.22174, -12.54274 ], [ -38.2216, -12.54263 ], [ -38.22149, -12.54253 ], [ -38.22149, -12.54236 ], [ -38.22157, -12.54223 ], [ -38.22163, -12.54212 ], [ -38.22172, -12.54204 ], [ -38.22181, -12.54199 ], [ -38.22184, -12.54191 ], [ -38.22191, -12.54177 ], [ -38.22197, -12.54167 ], [ -38.22203, -12.54162 ], [ -38.22209, -12.54157 ], [ -38.22211, -12.54157 ], [ -38.22214, -12.54156 ], [ -38.22227, -12.54156 ], [ -38.22245, -12.54157 ], [ -38.22259, -12.54164 ], [ -38.22279, -12.54175 ], [ -38.22297, -12.54188 ], [ -38.22309, -12.54195 ], [ -38.22314, -12.54197 ], [ -38.22323, -12.54197 ], [ -38.22333, -12.54192 ], [ -38.22341, -12.54181 ], [ -38.22346, -12.54176 ], [ -38.22351, -12.54172 ], [ -38.22356, -12.54153 ], [ -38.22351, -12.54141 ], [ -38.22346, -12.54131 ], [ -38.22345, -12.54127 ], [ -38.22344, -12.54117 ], [ -38.22344, -12.54116 ], [ -38.2235, -12.54105 ], [ -38.22347, -12.54098 ], [ -38.22344, -12.54089 ], [ -38.22341, -12.54081 ], [ -38.22339, -12.54075 ], [ -38.22339, -12.5407 ], [ -38.22338, -12.54064 ], [ -38.22339, -12.54056 ], [ -38.2234, -12.54042 ], [ -38.2234, -12.54034 ], [ -38.22336, -12.54026 ], [ -38.22329, -12.54013 ], [ -38.22317, -12.53996 ], [ -38.2231, -12.53981 ], [ -38.22307, -12.53968 ], [ -38.22307, -12.53959 ], [ -38.22309, -12.53953 ], [ -38.22313, -12.53948 ], [ -38.22319, -12.53946 ], [ -38.22324, -12.53945 ], [ -38.22332, -12.53946 ], [ -38.22345, -12.53956 ], [ -38.22354, -12.53963 ], [ -38.22368, -12.53974 ], [ -38.2238, -12.53984 ], [ -38.22387, -12.53988 ], [ -38.22395, -12.53991 ], [ -38.22404, -12.5399 ], [ -38.22415, -12.53988 ], [ -38.22428, -12.53983 ], [ -38.22442, -12.53973 ], [ -38.22455, -12.53957 ], [ -38.22459, -12.5395 ], [ -38.22461, -12.53944 ], [ -38.22456, -12.53937 ], [ -38.22443, -12.53922 ], [ -38.22437, -12.5391 ], [ -38.22436, -12.539 ], [ -38.22437, -12.53892 ], [ -38.22434, -12.53887 ], [ -38.22429, -12.53879 ], [ -38.22418, -12.53866 ], [ -38.22397, -12.53851 ], [ -38.22375, -12.5383 ], [ -38.22371, -12.53821 ], [ -38.22366, -12.53807 ], [ -38.22367, -12.53802 ], [ -38.22369, -12.5379 ], [ -38.22368, -12.53778 ], [ -38.22363, -12.53767 ], [ -38.22361, -12.53756 ], [ -38.2236, -12.53745 ], [ -38.22359, -12.53736 ], [ -38.22365, -12.53725 ], [ -38.22364, -12.53718 ], [ -38.22362, -12.53712 ], [ -38.22356, -12.53699 ], [ -38.22354, -12.53694 ], [ -38.22353, -12.53689 ], [ -38.22352, -12.53681 ], [ -38.22355, -12.5367 ], [ -38.22361, -12.53657 ], [ -38.22366, -12.53645 ], [ -38.22371, -12.53604 ], [ -38.22374, -12.53592 ], [ -38.22375, -12.53582 ], [ -38.22383, -12.53573 ], [ -38.22393, -12.53565 ], [ -38.22401, -12.5356 ], [ -38.22414, -12.53556 ], [ -38.22425, -12.53547 ], [ -38.22432, -12.53541 ], [ -38.22438, -12.53526 ], [ -38.22445, -12.53515 ], [ -38.22447, -12.53503 ], [ -38.22449, -12.53493 ], [ -38.22452, -12.53486 ], [ -38.22457, -12.53481 ], [ -38.22466, -12.53474 ], [ -38.2247, -12.53469 ], [ -38.2247, -12.53461 ], [ -38.22474, -12.53444 ], [ -38.22482, -12.53437 ], [ -38.22495, -12.53429 ], [ -38.22498, -12.53423 ], [ -38.22501, -12.53414 ], [ -38.22502, -12.53403 ], [ -38.22502, -12.53384 ], [ -38.22504, -12.53378 ], [ -38.22509, -12.53374 ], [ -38.22514, -12.5337 ], [ -38.22522, -12.53365 ], [ -38.2253, -12.53364 ], [ -38.22535, -12.5336 ], [ -38.22538, -12.53352 ], [ -38.22539, -12.5334 ], [ -38.22548, -12.53325 ], [ -38.22555, -12.53314 ], [ -38.22566, -12.53301 ], [ -38.22571, -12.53291 ], [ -38.22568, -12.53275 ], [ -38.22573, -12.53258 ], [ -38.22579, -12.53241 ], [ -38.2258, -12.5323 ], [ -38.22582, -12.53223 ], [ -38.22588, -12.53216 ], [ -38.22588, -12.53206 ], [ -38.22588, -12.53199 ], [ -38.22585, -12.53188 ], [ -38.22581, -12.5318 ], [ -38.22583, -12.53173 ], [ -38.22589, -12.53166 ], [ -38.22596, -12.5316 ], [ -38.22603, -12.53154 ], [ -38.22604, -12.53147 ], [ -38.22604, -12.53141 ], [ -38.22597, -12.53134 ], [ -38.22586, -12.53132 ], [ -38.22578, -12.53129 ], [ -38.22575, -12.53124 ], [ -38.22575, -12.53117 ], [ -38.22575, -12.53109 ], [ -38.22575, -12.53102 ], [ -38.22575, -12.53096 ], [ -38.22566, -12.53084 ], [ -38.22561, -12.53072 ], [ -38.22565, -12.53068 ], [ -38.22571, -12.53059 ], [ -38.22577, -12.53051 ], [ -38.22579, -12.53041 ], [ -38.22581, -12.53034 ], [ -38.22588, -12.53027 ], [ -38.22602, -12.53014 ], [ -38.22608, -12.53008 ], [ -38.22609, -12.53002 ], [ -38.2261, -12.52998 ], [ -38.22609, -12.52993 ], [ -38.22602, -12.52986 ], [ -38.22588, -12.52977 ], [ -38.22578, -12.52968 ], [ -38.22568, -12.52959 ], [ -38.22565, -12.52954 ], [ -38.22563, -12.5294 ], [ -38.22562, -12.52928 ], [ -38.22573, -12.52913 ], [ -38.22574, -12.52906 ], [ -38.22573, -12.52894 ], [ -38.22562, -12.52875 ], [ -38.22559, -12.52867 ], [ -38.22559, -12.52862 ], [ -38.22563, -12.52846 ], [ -38.22563, -12.52839 ], [ -38.22553, -12.52829 ], [ -38.22546, -12.52827 ], [ -38.22531, -12.52829 ], [ -38.22522, -12.5283 ], [ -38.22515, -12.52828 ], [ -38.2251, -12.52823 ], [ -38.22505, -12.52818 ], [ -38.22497, -12.52793 ], [ -38.22491, -12.52768 ], [ -38.22485, -12.52741 ], [ -38.22476, -12.52721 ], [ -38.22473, -12.52714 ], [ -38.22471, -12.52708 ], [ -38.22459, -12.52671 ], [ -38.22453, -12.52652 ], [ -38.22449, -12.5264 ], [ -38.22443, -12.52628 ], [ -38.22435, -12.52616 ], [ -38.22422, -12.52601 ], [ -38.22409, -12.52589 ], [ -38.22395, -12.52576 ], [ -38.22385, -12.52565 ], [ -38.22382, -12.52557 ], [ -38.22379, -12.52547 ], [ -38.2238, -12.52537 ], [ -38.22379, -12.52524 ], [ -38.22379, -12.52512 ], [ -38.22379, -12.52507 ], [ -38.22377, -12.52502 ], [ -38.22372, -12.52496 ], [ -38.22368, -12.52492 ], [ -38.22365, -12.52483 ], [ -38.22364, -12.52473 ], [ -38.22365, -12.52464 ], [ -38.22368, -12.5245 ], [ -38.2238, -12.52434 ], [ -38.22386, -12.52425 ], [ -38.22392, -12.52415 ], [ -38.22395, -12.52404 ], [ -38.22395, -12.52395 ], [ -38.22396, -12.52384 ], [ -38.22393, -12.52372 ], [ -38.22393, -12.52367 ], [ -38.22397, -12.5236 ], [ -38.22401, -12.52351 ], [ -38.22403, -12.52345 ], [ -38.22402, -12.5234 ], [ -38.22399, -12.52335 ], [ -38.22398, -12.52321 ], [ -38.22405, -12.5231 ], [ -38.22406, -12.52301 ], [ -38.22405, -12.52295 ], [ -38.22403, -12.52286 ], [ -38.22398, -12.52279 ], [ -38.22391, -12.52263 ], [ -38.22389, -12.52255 ], [ -38.22394, -12.52241 ], [ -38.22393, -12.52229 ], [ -38.22393, -12.52221 ], [ -38.22386, -12.52213 ], [ -38.22381, -12.52205 ], [ -38.22379, -12.52196 ], [ -38.22379, -12.52188 ], [ -38.22379, -12.5218 ], [ -38.22399, -12.52138 ], [ -38.22411, -12.52116 ], [ -38.22423, -12.52093 ], [ -38.22435, -12.52067 ], [ -38.22447, -12.52034 ], [ -38.22456, -12.52017 ], [ -38.22465, -12.52006 ], [ -38.22477, -12.51997 ], [ -38.22492, -12.51996 ], [ -38.22503, -12.51997 ], [ -38.22514, -12.52001 ], [ -38.22536, -12.52007 ], [ -38.22556, -12.52013 ], [ -38.22577, -12.52022 ], [ -38.22601, -12.52038 ], [ -38.2262, -12.5205 ], [ -38.2263, -12.52051 ], [ -38.22639, -12.52052 ], [ -38.22655, -12.52048 ], [ -38.22673, -12.5204 ], [ -38.22698, -12.52025 ], [ -38.22727, -12.52002 ], [ -38.22748, -12.51984 ], [ -38.22768, -12.51964 ], [ -38.22774, -12.51941 ], [ -38.22781, -12.51931 ], [ -38.22785, -12.51921 ], [ -38.22791, -12.51913 ], [ -38.228, -12.51902 ], [ -38.22801, -12.51894 ], [ -38.22806, -12.51886 ], [ -38.22814, -12.51884 ], [ -38.22821, -12.51881 ], [ -38.22828, -12.51872 ], [ -38.22842, -12.5187 ], [ -38.22852, -12.51873 ], [ -38.22858, -12.51869 ], [ -38.22861, -12.51863 ], [ -38.22872, -12.51854 ], [ -38.22879, -12.51851 ], [ -38.22892, -12.5185 ], [ -38.22909, -12.51853 ], [ -38.2292, -12.5185 ], [ -38.22926, -12.51844 ], [ -38.22931, -12.51832 ], [ -38.22939, -12.51826 ], [ -38.22962, -12.51823 ], [ -38.22978, -12.5182 ], [ -38.22984, -12.51816 ], [ -38.22995, -12.51802 ], [ -38.23003, -12.51798 ], [ -38.23014, -12.51799 ], [ -38.23027, -12.51805 ], [ -38.23049, -12.51812 ], [ -38.23074, -12.5182 ], [ -38.23115, -12.51838 ], [ -38.23139, -12.51848 ], [ -38.23164, -12.51854 ], [ -38.23192, -12.51856 ], [ -38.23225, -12.51851 ], [ -38.23279, -12.5184 ], [ -38.23297, -12.51837 ], [ -38.23328, -12.51831 ], [ -38.23352, -12.51827 ], [ -38.23367, -12.51828 ], [ -38.23388, -12.51827 ], [ -38.23433, -12.51824 ], [ -38.2346, -12.51822 ], [ -38.2348, -12.51818 ], [ -38.23504, -12.51811 ], [ -38.23524, -12.51803 ], [ -38.23534, -12.518 ], [ -38.23546, -12.51796 ], [ -38.23547, -12.51795 ], [ -38.23573, -12.51787 ], [ -38.23595, -12.5178 ], [ -38.23617, -12.51773 ], [ -38.23636, -12.51764 ], [ -38.23656, -12.51755 ], [ -38.2366, -12.51751 ], [ -38.23677, -12.51739 ], [ -38.23694, -12.51725 ], [ -38.23718, -12.51706 ], [ -38.23737, -12.51688 ], [ -38.23756, -12.51669 ], [ -38.23775, -12.51649 ], [ -38.23796, -12.51634 ], [ -38.23804, -12.5163 ], [ -38.23816, -12.51625 ], [ -38.23847, -12.51617 ], [ -38.23861, -12.51606 ], [ -38.23884, -12.51587 ], [ -38.23906, -12.51566 ], [ -38.23909, -12.51564 ], [ -38.23913, -12.51561 ], [ -38.23914, -12.5155 ], [ -38.23914, -12.51533 ], [ -38.23914, -12.51506 ], [ -38.23917, -12.51494 ], [ -38.23918, -12.51485 ], [ -38.2392, -12.51477 ], [ -38.23919, -12.51472 ], [ -38.23919, -12.51468 ], [ -38.23918, -12.51459 ], [ -38.23916, -12.51441 ], [ -38.23916, -12.51427 ], [ -38.23918, -12.51399 ], [ -38.23924, -12.5137 ], [ -38.23928, -12.51344 ], [ -38.23931, -12.5133 ], [ -38.23935, -12.51305 ], [ -38.23939, -12.5126 ], [ -38.23944, -12.5122 ], [ -38.23952, -12.51163 ], [ -38.23954, -12.51137 ], [ -38.23961, -12.51085 ], [ -38.23969, -12.51036 ], [ -38.23971, -12.50985 ], [ -38.23966, -12.50958 ], [ -38.23961, -12.50936 ], [ -38.23958, -12.50928 ], [ -38.23957, -12.50926 ], [ -38.23953, -12.50916 ], [ -38.23941, -12.5089 ], [ -38.23909, -12.50851 ], [ -38.23899, -12.50824 ], [ -38.23894, -12.50804 ], [ -38.23893, -12.50789 ], [ -38.23893, -12.50782 ], [ -38.23894, -12.50776 ], [ -38.239, -12.50752 ], [ -38.23905, -12.50734 ], [ -38.23931, -12.50699 ], [ -38.23955, -12.50672 ], [ -38.23974, -12.50653 ], [ -38.23977, -12.50647 ], [ -38.23978, -12.50643 ], [ -38.2398, -12.5063 ], [ -38.23979, -12.50614 ], [ -38.23979, -12.50611 ], [ -38.23979, -12.50607 ], [ -38.23974, -12.5059 ], [ -38.2396, -12.50558 ], [ -38.23959, -12.50545 ], [ -38.23964, -12.50519 ], [ -38.23969, -12.50501 ], [ -38.23981, -12.50479 ], [ -38.23993, -12.50461 ], [ -38.24011, -12.50444 ], [ -38.2402, -12.50437 ], [ -38.24056, -12.5042 ], [ -38.24088, -12.50406 ], [ -38.24116, -12.50392 ], [ -38.24138, -12.50381 ], [ -38.24157, -12.50377 ], [ -38.24183, -12.50363 ], [ -38.24202, -12.50349 ], [ -38.24216, -12.50329 ], [ -38.24228, -12.50307 ], [ -38.24244, -12.50291 ], [ -38.2426, -12.50277 ], [ -38.24282, -12.50252 ], [ -38.24297, -12.50228 ], [ -38.24305, -12.50206 ], [ -38.24313, -12.50159 ], [ -38.24323, -12.50132 ], [ -38.24346, -12.50081 ], [ -38.24378, -12.50058 ], [ -38.24427, -12.50023 ], [ -38.24469, -12.49993 ], [ -38.24489, -12.49979 ], [ -38.24499, -12.49972 ], [ -38.24581, -12.49914 ], [ -38.24634, -12.49877 ], [ -38.24784, -12.4977 ], [ -38.24777, -12.49763 ], [ -38.24765, -12.49749 ], [ -38.24745, -12.49726 ], [ -38.24728, -12.49704 ], [ -38.24714, -12.4968 ], [ -38.24704, -12.49654 ], [ -38.24695, -12.49626 ], [ -38.24691, -12.49599 ], [ -38.24685, -12.4957 ], [ -38.2468, -12.49543 ], [ -38.2468, -12.49515 ], [ -38.24678, -12.49488 ], [ -38.24671, -12.4946 ], [ -38.24665, -12.49433 ], [ -38.24661, -12.49405 ], [ -38.24657, -12.49376 ], [ -38.24651, -12.49349 ], [ -38.24639, -12.49324 ], [ -38.24622, -12.49301 ], [ -38.24607, -12.49278 ], [ -38.24592, -12.49253 ], [ -38.24584, -12.49227 ], [ -38.24575, -12.492 ], [ -38.24569, -12.49173 ], [ -38.2456, -12.49145 ], [ -38.24546, -12.49122 ], [ -38.2453, -12.49099 ], [ -38.24515, -12.49076 ], [ -38.24503, -12.4905 ], [ -38.24493, -12.49024 ], [ -38.24484, -12.48998 ], [ -38.24471, -12.48973 ], [ -38.24458, -12.48948 ], [ -38.24442, -12.48925 ], [ -38.24423, -12.48905 ], [ -38.24412, -12.48896 ], [ -38.24401, -12.48886 ], [ -38.24377, -12.4887 ], [ -38.24354, -12.48853 ], [ -38.24332, -12.48835 ], [ -38.24313, -12.48815 ], [ -38.24291, -12.48796 ], [ -38.2427, -12.48777 ], [ -38.24248, -12.48759 ], [ -38.24228, -12.48738 ], [ -38.24212, -12.48715 ], [ -38.24203, -12.48689 ], [ -38.24202, -12.48662 ], [ -38.2421, -12.48636 ], [ -38.24218, -12.48608 ], [ -38.24224, -12.48581 ], [ -38.24224, -12.48553 ], [ -38.24225, -12.48525 ], [ -38.24233, -12.48497 ], [ -38.24248, -12.48473 ], [ -38.24265, -12.4845 ], [ -38.2428, -12.48427 ], [ -38.24292, -12.48402 ], [ -38.24301, -12.48376 ], [ -38.2431, -12.4835 ], [ -38.24316, -12.48323 ], [ -38.2432, -12.48297 ], [ -38.24327, -12.48262 ], [ -38.24332, -12.48239 ], [ -38.24338, -12.4821 ], [ -38.24347, -12.48184 ], [ -38.24356, -12.48158 ], [ -38.24365, -12.48132 ], [ -38.24368, -12.48103 ], [ -38.24371, -12.48074 ], [ -38.24377, -12.48043 ], [ -38.24377, -12.48014 ], [ -38.24377, -12.47956 ], [ -38.24371, -12.47898 ], [ -38.24371, -12.47869 ], [ -38.24366, -12.4784 ], [ -38.24366, -12.47812 ], [ -38.24363, -12.47783 ], [ -38.24363, -12.47754 ], [ -38.2436, -12.47725 ], [ -38.2436, -12.47667 ], [ -38.24363, -12.47638 ], [ -38.24363, -12.47609 ], [ -38.2436, -12.47581 ], [ -38.24366, -12.47552 ], [ -38.24369, -12.47523 ], [ -38.24378, -12.47497 ], [ -38.24387, -12.47471 ], [ -38.24393, -12.47442 ], [ -38.24402, -12.47416 ], [ -38.24411, -12.4739 ], [ -38.2442, -12.47364 ], [ -38.24429, -12.47338 ], [ -38.24435, -12.47309 ], [ -38.24438, -12.4728 ], [ -38.24444, -12.47249 ], [ -38.24445, -12.47227 ], [ -38.24446, -12.47202 ], [ -38.24445, -12.47171 ], [ -38.2444, -12.47138 ], [ -38.24435, -12.47125 ], [ -38.24426, -12.47111 ], [ -38.24415, -12.47098 ], [ -38.24383, -12.47067 ], [ -38.24359, -12.47052 ], [ -38.24339, -12.47032 ], [ -38.24322, -12.47008 ], [ -38.24315, -12.47 ], [ -38.24309, -12.46992 ], [ -38.243, -12.46983 ], [ -38.24292, -12.46978 ], [ -38.24282, -12.46975 ], [ -38.24268, -12.46974 ], [ -38.24247, -12.46975 ], [ -38.24233, -12.46976 ], [ -38.24206, -12.46987 ], [ -38.2418, -12.46995 ], [ -38.24152, -12.47002 ], [ -38.24124, -12.47009 ], [ -38.24096, -12.47015 ], [ -38.24068, -12.47015 ], [ -38.2404, -12.47012 ], [ -38.24014, -12.47003 ], [ -38.23986, -12.46995 ], [ -38.23958, -12.46992 ], [ -38.23937, -12.46994 ], [ -38.23927, -12.46995 ], [ -38.23917, -12.46998 ], [ -38.23917, -12.46998 ], [ -38.23903, -12.47004 ], [ -38.2389, -12.47013 ], [ -38.2388, -12.47025 ], [ -38.23862, -12.47048 ], [ -38.23845, -12.47071 ], [ -38.23824, -12.47094 ], [ -38.23803, -12.47114 ], [ -38.23783, -12.47134 ], [ -38.23759, -12.47151 ], [ -38.23733, -12.47166 ], [ -38.23706, -12.4718 ], [ -38.2368, -12.47192 ], [ -38.23659, -12.47201 ], [ -38.23647, -12.47211 ], [ -38.23642, -12.47216 ], [ -38.23637, -12.4722 ], [ -38.23631, -12.47227 ], [ -38.23621, -12.47249 ], [ -38.23612, -12.47275 ], [ -38.23588, -12.47295 ], [ -38.23562, -12.4731 ], [ -38.23538, -12.47324 ], [ -38.23515, -12.47344 ], [ -38.23488, -12.47359 ], [ -38.23453, -12.47367 ], [ -38.23424, -12.47364 ], [ -38.23397, -12.47373 ], [ -38.23371, -12.47384 ], [ -38.23344, -12.47396 ], [ -38.23315, -12.47399 ], [ -38.23282, -12.47407 ], [ -38.23253, -12.4741 ], [ -38.23194, -12.4741 ], [ -38.23165, -12.47407 ], [ -38.23138, -12.47398 ], [ -38.23109, -12.47395 ], [ -38.2308, -12.47398 ], [ -38.23053, -12.47406 ], [ -38.23029, -12.47421 ], [ -38.23003, -12.47435 ], [ -38.22979, -12.4745 ], [ -38.22956, -12.47464 ], [ -38.22935, -12.47484 ], [ -38.22912, -12.47501 ], [ -38.22891, -12.47521 ], [ -38.22867, -12.47539 ], [ -38.22844, -12.47559 ], [ -38.22823, -12.47576 ], [ -38.2282, -12.47579 ], [ -38.22797, -12.47596 ], [ -38.2278, -12.47606 ], [ -38.22773, -12.47611 ], [ -38.22761, -12.47618 ], [ -38.2275, -12.47625 ], [ -38.22726, -12.47639 ], [ -38.22703, -12.47654 ], [ -38.22673, -12.47662 ], [ -38.22638, -12.47671 ], [ -38.22579, -12.47682 ], [ -38.2255, -12.47682 ], [ -38.22524, -12.47678 ], [ -38.22503, -12.47676 ], [ -38.22482, -12.4767 ], [ -38.22476, -12.47666 ], [ -38.2247, -12.47663 ], [ -38.22462, -12.47656 ], [ -38.22459, -12.47653 ], [ -38.22441, -12.4763 ], [ -38.22426, -12.47604 ], [ -38.22415, -12.47578 ], [ -38.22406, -12.47552 ], [ -38.22391, -12.47526 ], [ -38.22371, -12.47503 ], [ -38.2235, -12.47482 ], [ -38.2233, -12.47462 ], [ -38.22309, -12.47439 ], [ -38.22279, -12.47396 ], [ -38.22274, -12.4739 ], [ -38.22265, -12.47361 ], [ -38.22254, -12.47335 ], [ -38.22239, -12.47309 ], [ -38.22222, -12.47286 ], [ -38.22201, -12.47265 ], [ -38.22181, -12.47245 ], [ -38.2216, -12.47225 ], [ -38.22137, -12.47207 ], [ -38.22113, -12.4719 ], [ -38.2209, -12.47173 ], [ -38.22066, -12.47158 ], [ -38.2204, -12.47146 ], [ -38.22013, -12.47132 ], [ -38.21987, -12.47117 ], [ -38.21961, -12.47106 ], [ -38.21937, -12.47091 ], [ -38.21911, -12.4708 ], [ -38.21884, -12.47068 ], [ -38.21858, -12.47056 ], [ -38.21828, -12.47051 ], [ -38.21764, -12.47053 ], [ -38.21748, -12.47053 ], [ -38.21738, -12.47051 ], [ -38.21727, -12.47047 ], [ -38.21723, -12.47044 ], [ -38.21721, -12.47043 ], [ -38.21714, -12.47036 ], [ -38.21709, -12.4703 ], [ -38.21701, -12.47021 ], [ -38.2167, -12.46981 ], [ -38.21646, -12.46966 ], [ -38.21626, -12.46946 ], [ -38.21602, -12.46929 ], [ -38.21579, -12.46914 ], [ -38.21556, -12.469 ], [ -38.21532, -12.46882 ], [ -38.21509, -12.46862 ], [ -38.21491, -12.46839 ], [ -38.21468, -12.46821 ], [ -38.21444, -12.46807 ], [ -38.21421, -12.46792 ], [ -38.21397, -12.46778 ], [ -38.21387, -12.46774 ], [ -38.21359, -12.46761 ], [ -38.21344, -12.46749 ], [ -38.21326, -12.46733 ], [ -38.21305, -12.46706 ], [ -38.21294, -12.46689 ], [ -38.2129, -12.46676 ], [ -38.21289, -12.46672 ], [ -38.21288, -12.46665 ], [ -38.21292, -12.46634 ], [ -38.21299, -12.46585 ], [ -38.21304, -12.46544 ], [ -38.21304, -12.46483 ], [ -38.21298, -12.46454 ], [ -38.21292, -12.46425 ], [ -38.21288, -12.46412 ], [ -38.21284, -12.46399 ], [ -38.21278, -12.4637 ], [ -38.21271, -12.46348 ], [ -38.21269, -12.46344 ], [ -38.21272, -12.46315 ], [ -38.21287, -12.46292 ], [ -38.21311, -12.46275 ], [ -38.21334, -12.46261 ], [ -38.21358, -12.4624 ], [ -38.21381, -12.4622 ], [ -38.21396, -12.46197 ], [ -38.21396, -12.46186 ], [ -38.21396, -12.46168 ], [ -38.21393, -12.46139 ], [ -38.21376, -12.46116 ], [ -38.21355, -12.46093 ], [ -38.21341, -12.4607 ], [ -38.21332, -12.46044 ], [ -38.21323, -12.46018 ], [ -38.21311, -12.45992 ], [ -38.213, -12.45966 ], [ -38.21291, -12.45954 ], [ -38.21282, -12.45943 ], [ -38.21259, -12.45922 ], [ -38.21232, -12.45914 ], [ -38.21203, -12.45905 ], [ -38.21174, -12.45902 ], [ -38.21144, -12.45902 ], [ -38.21115, -12.45905 ], [ -38.21085, -12.45905 ], [ -38.2105, -12.45913 ], [ -38.21021, -12.45916 ], [ -38.20991, -12.45919 ], [ -38.20962, -12.45919 ], [ -38.20947, -12.45922 ], [ -38.20932, -12.45924 ], [ -38.20903, -12.45921 ], [ -38.20874, -12.45916 ], [ -38.20844, -12.4591 ], [ -38.20815, -12.45901 ], [ -38.20786, -12.45895 ], [ -38.20756, -12.45886 ], [ -38.20727, -12.45883 ], [ -38.20668, -12.45877 ], [ -38.20639, -12.45877 ], [ -38.2058, -12.45877 ], [ -38.20551, -12.45874 ], [ -38.20521, -12.45874 ], [ -38.20494, -12.45869 ], [ -38.20492, -12.45868 ], [ -38.2048, -12.45864 ], [ -38.20465, -12.4586 ], [ -38.20442, -12.45845 ], [ -38.2044, -12.45844 ], [ -38.20415, -12.45833 ], [ -38.20388, -12.45822 ], [ -38.2038, -12.45817 ], [ -38.20342, -12.45797 ], [ -38.20327, -12.45787 ], [ -38.20301, -12.45778 ], [ -38.20274, -12.45773 ], [ -38.20272, -12.45772 ], [ -38.20242, -12.45772 ], [ -38.2021, -12.45775 ], [ -38.2018, -12.45781 ], [ -38.20151, -12.45783 ], [ -38.20122, -12.45789 ], [ -38.20063, -12.45795 ], [ -38.20062, -12.45795 ], [ -38.20033, -12.45792 ], [ -38.20004, -12.45783 ], [ -38.19978, -12.45771 ], [ -38.19951, -12.4576 ], [ -38.19934, -12.45737 ], [ -38.19919, -12.45711 ], [ -38.19907, -12.45685 ], [ -38.19896, -12.45659 ], [ -38.19884, -12.45632 ], [ -38.19869, -12.45609 ], [ -38.19849, -12.45586 ], [ -38.19821, -12.45557 ], [ -38.19786, -12.45521 ], [ -38.19774, -12.45514 ], [ -38.19763, -12.45506 ], [ -38.19739, -12.45492 ], [ -38.19714, -12.45479 ], [ -38.19689, -12.45464 ], [ -38.19666, -12.4545 ], [ -38.19644, -12.45432 ], [ -38.19622, -12.45415 ], [ -38.196, -12.45396 ], [ -38.19576, -12.45379 ], [ -38.19556, -12.4536 ], [ -38.19534, -12.45343 ], [ -38.1951, -12.45328 ], [ -38.19485, -12.45316 ], [ -38.19459, -12.45306 ], [ -38.19431, -12.45305 ], [ -38.19403, -12.45306 ], [ -38.19377, -12.45315 ], [ -38.19352, -12.45326 ], [ -38.19328, -12.45343 ], [ -38.19309, -12.45365 ], [ -38.19288, -12.45385 ], [ -38.19269, -12.45405 ], [ -38.19247, -12.45423 ], [ -38.19222, -12.45436 ], [ -38.19194, -12.45441 ], [ -38.19166, -12.45445 ], [ -38.19138, -12.4545 ], [ -38.1911, -12.45458 ], [ -38.19098, -12.45462 ], [ -38.19084, -12.45467 ], [ -38.1906, -12.45481 ], [ -38.19041, -12.45501 ], [ -38.19023, -12.45524 ], [ -38.19004, -12.45545 ], [ -38.18986, -12.45568 ], [ -38.18972, -12.45591 ], [ -38.18957, -12.45615 ], [ -38.18942, -12.45638 ], [ -38.18927, -12.45661 ], [ -38.18913, -12.45684 ], [ -38.18893, -12.45706 ], [ -38.18873, -12.45726 ], [ -38.18854, -12.45748 ], [ -38.18836, -12.45769 ], [ -38.18821, -12.45794 ] ] ] ] } }
]
}
