{
"type": "FeatureCollection",
"name": "Macrozona Urbana",
"crs": { "type": "name", "properties": { "name": "urn:ogc:def:crs:EPSG::32724" } },
"features": [
{ "type": "Feature", "properties": { "Id": 1, "perímetro_ellip_m": 216953.8, "área_ellip_m²": 294068403.7, "perímetro_ellip_Km": 217.0, "área_ellip_Km²": 294.1, "Name": "Macrozona Urbana" }, "geometry": { "type": "MultiPolygon", "coordinates": [ [ [ [ 587164.78882999997586, 8595933.621850000694394 ], [ 587241.27457, 8595940.4825100004673 ], [ 587277.163309999974445, 8595905.66190000064671 ], [ 587329.977530000032857, 8595866.582629999145865 ], [ 587359.62558, 8595868.596990000456572 ], [ 587414.82675999996718, 8595918.921420000493526 ], [ 587415.885389999952167, 8595918.918230000883341 ], [ 587463.768380000023171, 8595999.769850000739098 ], [ 587470.12341, 8596000.8026 ], [ 587522.152600000030361, 8596052.188990000635386 ], [ 587622.094120000023395, 8596099.01397000066936 ], [ 587745.159269999945536, 8596122.78376 ], [ 587884.77405, 8596095.206410000100732 ], [ 587977.469030000036582, 8596117.559429999440908 ], [ 588081.014500000048429, 8596212.30198 ], [ 588070.36205, 8596204.789960000663996 ], [ 588185.3996, 8596295.085109999403358 ], [ 588235.470059999963269, 8596389.085759999230504 ], [ 588338.568990000057966, 8596492.502800000831485 ], [ 588464.043489999952726, 8596559.150690000504255 ], [ 588599.09424, 8596605.025650000199676 ], [ 588738.785980000044219, 8596603.784409999847412 ], [ 588877.601479999953881, 8596572.147220000624657 ], [ 589027.940090000047348, 8596522.400839999318123 ], [ 589181.59901, 8596475.93078999966383 ], [ 589285.722339999978431, 8596454.256929999217391 ], [ 589333.70447, 8596468.344399999827147 ], [ 589391.525860000052489, 8596556.073650000616908 ], [ 589459.827180000022054, 8596584.462899999693036 ], [ 589531.163369999965653, 8596558.82993 ], [ 589659.989229999948293, 8596510.783150000497699 ], [ 589738.623239999986254, 8596545.178770000115037 ], [ 589802.80802, 8596536.690390000119805 ], [ 589881.839079999946989, 8596529.968560000881553 ], [ 589936.78125, 8596531.362779999151826 ], [ 589991.756719999946654, 8596543.674380000680685 ], [ 590043.54625000001397, 8596540.399280000478029 ], [ 590040.402200000011362, 8596538.849099999293685 ], [ 590034.114120000042021, 8596535.748759999871254 ], [ 590112.59797, 8596535.512620000168681 ], [ 590148.747949999989942, 8596551.000329999253154 ], [ 590184.916970000020228, 8596572.726660000160336 ], [ 590217.909190000034869, 8596581.985440000891685 ], [ 590261.922759999986738, 8596602.12878 ], [ 590316.924950000015087, 8596622.23931 ], [ 590139.152540000039153, 8596795.136169999837875 ], [ 590331.45140999997966, 8596945.121729999780655 ], [ 590498.237970000016503, 8597029.986670000478625 ], [ 590666.208390000043437, 8597169.16486999951303 ], [ 590842.931160000036471, 8597353.790680000558496 ], [ 590813.292400000034831, 8597480.220119999721646 ], [ 591536.322870000032708, 8598322.040330000221729 ], [ 591610.01058, 8598162.143950000405312 ], [ 591699.540180000010878, 8597984.653000000864267 ], [ 591762.99855000001844, 8597945.858869999647141 ], [ 591828.255140000022948, 8597917.587130000814795 ], [ 591875.99997, 8597938.499299999326468 ], [ 591958.222839999943972, 8597974.529990000650287 ], [ 591975.573349999962375, 8597978.381459999829531 ], [ 591998.707470000023022, 8597974.529990000650287 ], [ 592005.45502, 8597955.272129999473691 ], [ 592014.130439999978989, 8597920.608009999617934 ], [ 592033.409160000039265, 8597898.461389999836683 ], [ 592064.25477, 8597889.795360000804067 ], [ 592104.739739999989979, 8597887.869559999555349 ], [ 592189.565090000047348, 8597890.75832 ], [ 592279.657009999966249, 8597879.916330000385642 ], [ 592329.781339999986812, 8597873.175979999825358 ], [ 592347.13185, 8597870.287340000271797 ], [ 592360.626949999947101, 8597863.547110000625253 ], [ 592360.626949999947101, 8597851.029479999095201 ], [ 592351.951529999962077, 8597839.474819999188185 ], [ 592306.646880000014789, 8597814.439559999853373 ], [ 592254.59502, 8597778.812599999830127 ], [ 592205.43461999995634, 8597719.113229999318719 ], [ 592188.083779999986291, 8597682.523299999535084 ], [ 592170.584969999967143, 8597607.128110000863671 ], [ 592155.162000000011176, 8597557.05772 ], [ 592121.42458, 8597515.653370000422001 ], [ 592087.687159999972209, 8597493.50675000064075 ], [ 592070.33632, 8597455.953989999368787 ], [ 592099.243370000040159, 8597368.080569999292493 ], [ 592110.810599999967963, 8597307.418360000476241 ], [ 592101.17124000005424, 8597221.720890000462532 ], [ 592101.17124000005424, 8597172.09345000050962 ], [ 592111.774530000053346, 8597094.099050000309944 ], [ 592132.980789999943227, 8597000.698519999161363 ], [ 592161.89853, 8596911.149569999426603 ], [ 592220.698280000011437, 8596851.450200000777841 ], [ 592254.529549999977462, 8596787.392470000311732 ], [ 592257.421360000036657, 8596759.46858000010252 ], [ 592258.38529, 8596739.24788000062108 ], [ 592248.745940000051633, 8596718.06422 ], [ 592241.034450000035577, 8596703.620799999684095 ], [ 592241.034450000035577, 8596694.954770000651479 ], [ 592258.38529, 8596680.511469999328256 ], [ 592273.80793, 8596657.402009999379516 ], [ 592283.447290000040084, 8596628.515280000865459 ], [ 592288.26697, 8596592.8882 ], [ 592311.401090000057593, 8596575.55614 ], [ 592330.726570000057109, 8596498.886870000511408 ], [ 592329.762630000011995, 8596469.0373 ], [ 592339.401990000042133, 8596434.373180000111461 ], [ 592358.680369999958202, 8596403.560529999434948 ], [ 592386.634180000051856, 8596381.414030000567436 ], [ 592402.91053, 8596360.545460000634193 ], [ 592413.153769999975339, 8596349.934420000761747 ], [ 592446.159050000016578, 8596324.164930000901222 ], [ 592489.407570000039414, 8596286.647360000759363 ], [ 592530.379519999958575, 8596257.088220000267029 ], [ 592539.137439999962226, 8596249.62366 ], [ 592539.137439999962226, 8596242.80227000080049 ], [ 592537.240630000014789, 8596237.117809999734163 ], [ 592523.962629999965429, 8596231.43334 ], [ 592495.130400000023656, 8596231.054320000112057 ], [ 592457.572640000027604, 8596239.770530000329018 ], [ 592395.35569, 8596245.455 ], [ 592368.42027, 8596244.697100000455976 ], [ 592356.280219999956898, 8596238.254720000550151 ], [ 592344.89902999997139, 8596210.211270000785589 ], [ 592339.588029999984428, 8596176.104459999129176 ], [ 592336.55293999996502, 8596144.271479999646544 ], [ 592324.035419999971054, 8596108.982149999588728 ], [ 592339.815350000048056, 8596116.73446 ], [ 592361.328119999961928, 8596128.985670000314713 ], [ 592373.286620000028051, 8596135.261509999632835 ], [ 592386.230489999987185, 8596139.320839999243617 ], [ 592396.708050000015646, 8596140.302640000358224 ], [ 592408.17131, 8596139.560429999604821 ], [ 592418.277770000044256, 8596135.494109999388456 ], [ 592423.576439999975264, 8596130.074939999729395 ], [ 592428.12863000005018, 8596123.038830000907183 ], [ 592431.67481, 8596117.524870000779629 ], [ 592432.461250000051223, 8596111.02733 ], [ 592431.867379999952391, 8596102.561389999464154 ], [ 592428.31558000005316, 8596089.567870000377297 ], [ 592424.173549999948591, 8596080.118510000407696 ], [ 592417.862470000050962, 8596068.246339999139309 ], [ 592406.623589999973774, 8596055.648900000378489 ], [ 592393.019650000031106, 8596043.052169999107718 ], [ 592386.315279999980703, 8596033.603669999167323 ], [ 592383.553689999971539, 8596027.107209999114275 ], [ 592383.768030000035651, 8596018.932280000299215 ], [ 592388.101849999977276, 8596010.858589999377728 ], [ 592396.772299999953248, 8596003.964910000562668 ], [ 592407.218280000030063, 8596001.79593 ], [ 592416.87644999998156, 8596002.186829999089241 ], [ 592425.155920000048354, 8596005.925130000337958 ], [ 592435.99910000001546, 8596013.600470000877976 ], [ 592444.278919999953359, 8596018.52018 ], [ 592448.615190000040457, 8596018.518869999796152 ], [ 592452.359730000025593, 8596017.139490000903606 ], [ 592455.906399999978021, 8596013.200680000707507 ], [ 592457.480650000041351, 8596004.733999999240041 ], [ 592460.43296, 8595990.75409 ], [ 592463.97562000004109, 8595973.623779999092221 ], [ 592466.60595, 8595959.315260000526905 ], [ 592471.135980000020936, 8595948.288189999759197 ], [ 592478.22722, 8595933.519449999555945 ], [ 592485.320659999968484, 8595925.444839999079704 ], [ 592491.626760000013746, 8595921.505200000479817 ], [ 592500.101840000017546, 8595920.3213 ], [ 592511.139620000030845, 8595920.317959999665618 ], [ 592520.60152000002563, 8595922.87466000020504 ], [ 592528.88087, 8595926.219210000708699 ], [ 592538.146150000044145, 8595930.941710000857711 ], [ 592544.65252, 8595936.846370000392199 ], [ 592549.780069999978878, 8595946.295439999550581 ], [ 592553.725530000054277, 8595957.516850000247359 ], [ 592556.20050000003539, 8595967.090859999880195 ], [ 592558.175290000042878, 8595979.49419 ], [ 592558.574750000028871, 8595996.820149999111891 ], [ 592557.005929999984801, 8596023.203570000827312 ], [ 592555.235519999987446, 8596034.820550000295043 ], [ 592552.477629999979399, 8596039.940439999103546 ], [ 592548.931029999977909, 8596044.076160000637174 ], [ 592543.018769999966025, 8596046.834359999746084 ], [ 592528.368080000043847, 8596052.83741999976337 ], [ 592521.27362, 8596057.564880000427365 ], [ 592515.165099999983795, 8596063.079539999365807 ], [ 592512.407209999975748, 8596068.19943 ], [ 592510.63561, 8596075.878599999472499 ], [ 592511.033219999982975, 8596087.101089999079704 ], [ 592513.014210000052117, 8596100.81038000062108 ], [ 592514.790290000033565, 8596107.89780000038445 ], [ 592518.734560000011697, 8596115.181399999186397 ], [ 592525.634609999950044, 8596119.904619999229908 ], [ 592532.731449999962933, 8596123.052699999883771 ], [ 592537.856129999971017, 8596123.051139999181032 ], [ 592544.35994, 8596121.080269999802113 ], [ 592549.287400000030175, 8596120.685019999742508 ], [ 592556.382100000046194, 8596117.335799999535084 ], [ 592565.644989999942482, 8596113.5921 ], [ 592572.740160000044852, 8596111.817959999665618 ], [ 592581.017299999948591, 8596107.877720000222325 ], [ 592589.491419999976642, 8596103.543589999899268 ], [ 592598.16264, 8596098.618729999288917 ], [ 592605.526139999972656, 8596096.65687 ], [ 592614.001810000045225, 8596097.441880000755191 ], [ 592618.535900000017136, 8596099.80316000059247 ], [ 592622.676800000015646, 8596105.511630000546575 ], [ 592624.058970000012778, 8596113.583659999072552 ], [ 592623.273539999965578, 8596123.428269999101758 ], [ 592622.291549999965355, 8596135.044919999316335 ], [ 592624.06863999995403, 8596145.479410000145435 ], [ 592628.437939999974333, 8596154.588109999895096 ], [ 592635.535859999945387, 8596161.87084 ], [ 592645.39197, 8596164.427340000867844 ], [ 592651.107670000055805, 8596163.441190000623465 ], [ 592657.8075, 8596157.926270000636578 ], [ 592663.717070000013337, 8596146.308119999244809 ], [ 592669.625389999942854, 8596129.964670000597835 ], [ 592672.775039999978617, 8596116.772280000150204 ], [ 592674.178070000023581, 8596105.445129999890924 ], [ 592673.38584, 8596092.8445999994874 ], [ 592670.818659999989904, 8596076.89746000058949 ], [ 592667.464030000031926, 8596064.10080000013113 ], [ 592661.536500000045635, 8596047.269500000402331 ], [ 592653.645269999979064, 8596024.432919999584556 ], [ 592652.26245000003837, 8596014.195149999111891 ], [ 592652.260419999947771, 8596007.501010000705719 ], [ 592655.60878, 8595999.624460000544786 ], [ 592659.94415, 8595996.079159999266267 ], [ 592667.631049999967217, 8595995.683080000802875 ], [ 592677.881309999967925, 8595998.633290000259876 ], [ 592686.16102, 8596002.568509999662638 ], [ 592693.061239999951795, 8596007.88239 ], [ 592700.9478100000415, 8596015.952369999140501 ], [ 592706.86234, 8596020.675890000537038 ], [ 592714.747899999958463, 8596025.398809999227524 ], [ 592722.43718, 8596032.287520000711083 ], [ 592729.14084, 8596039.373449999839067 ], [ 592733.576710000052117, 8596045.139539999887347 ], [ 592741.46453, 8596057.344170000404119 ], [ 592748.366670000017621, 8596068.958429999649525 ], [ 592754.284899999969639, 8596085.88897000066936 ], [ 592758.033560000010766, 8596098.09485 ], [ 592759.811779999989085, 8596111.679579999297857 ], [ 592760.414759999956004, 8596124.038070000708103 ], [ 592759.23566, 8596135.654780000448227 ], [ 592760.026640000054613, 8596144.12067 ], [ 592766.92812000005506, 8596153.569189999252558 ], [ 592775.405279999948107, 8596158.685680000111461 ], [ 592784.67015000001993, 8596162.030009999871254 ], [ 592794.32814, 8596161.83017 ], [ 592804.774179999949411, 8596159.8581000007689 ], [ 592812.262789999949746, 8596155.524350000545382 ], [ 592817.385679999948479, 8596149.616159999743104 ], [ 592823.984489999944344, 8596134.19479 ], [ 592829.105880000046454, 8596123.364460000768304 ], [ 592838.36728, 8596115.289279999211431 ], [ 592847.432649999973364, 8596110.16739 ], [ 592858.66711000003852, 8596108.785819999873638 ], [ 592874.238860000041313, 8596110.159259999170899 ], [ 592883.306499999947846, 8596113.109829999506474 ], [ 592891.783479999983683, 8596118.226399999111891 ], [ 592896.515630000038072, 8596123.737770000472665 ], [ 592898.291289999964647, 8596129.446949999779463 ], [ 592897.307569999946281, 8596135.353879999369383 ], [ 592893.170969999977387, 8596143.821340000256896 ], [ 592889.233370000030845, 8596153.31752 ], [ 592884.898769999970682, 8596158.831639999523759 ], [ 592876.228980000014417, 8596167.891140000894666 ], [ 592863.61777999997139, 8596179.70823 ], [ 592855.318179999943823, 8596188.495489999651909 ], [ 592846.45207, 8596200.705280000343919 ], [ 592840.541779999970458, 8596209.96076999977231 ], [ 592834.04209, 8596225.516829999163747 ], [ 592833.058429999975488, 8596231.620680000633001 ], [ 592834.439879999961704, 8596237.329980000853539 ], [ 592840.79446, 8596251.640249999240041 ], [ 592846.710240000043996, 8596260.498409999534488 ], [ 592854.399059999966994, 8596266.402720000594854 ], [ 592866.817990000010468, 8596270.533590000122786 ], [ 592877.264330000034533, 8596270.136679999530315 ], [ 592888.30073999997694, 8596265.604940000921488 ], [ 592901.306789999944158, 8596255.953460000455379 ], [ 592911.554069999954663, 8596249.059299999848008 ], [ 592919.712109999964014, 8596245.270840000361204 ], [ 592934.099500000011176, 8596241.525580000132322 ], [ 592953.02038999996148, 8596237.582110000774264 ], [ 592972.926250000018626, 8596232.456930000334978 ], [ 592981.991919999942183, 8596228.319539999589324 ], [ 592987.717369999969378, 8596222.968779999762774 ], [ 592990.672129999962635, 8596216.470580000430346 ], [ 592991.06406, 8596208.988749999552965 ], [ 592990.469769999966957, 8596199.144570000469685 ], [ 592989.481860000058077, 8596191.269330000504851 ], [ 592989.699780000024475, 8596185.044339999556541 ], [ 592993.047430000035092, 8596174.80521 ], [ 592994.227719999966212, 8596167.126220000907779 ], [ 592993.437039999989793, 8596159.644750000908971 ], [ 592991.464159999974072, 8596153.541799999773502 ], [ 592984.1677, 8596141.533900000154972 ], [ 592975.276150000048801, 8596130.239429999142885 ], [ 592959.896380000049248, 8596111.933520000427961 ], [ 592953.585850000032224, 8596101.303489999845624 ], [ 592950.832309999968857, 8596090.571520000696182 ], [ 592951.22418000001926, 8596082.892780000343919 ], [ 592952.405249999952503, 8596077.773360000923276 ], [ 592957.330919999978505, 8596071.471480000764132 ], [ 592966.986339999944903, 8596062.805430000647902 ], [ 592978.219909999985248, 8596057.87988 ], [ 592990.045139999943785, 8596054.726059999316931 ], [ 593006.404220000025816, 8596052.555360000580549 ], [ 593033.80078000004869, 8596049.396819999441504 ], [ 593047.094730000011623, 8596048.386639999225736 ], [ 593060.497680000029504, 8596048.185660000890493 ], [ 593081.588970000040717, 8596051.723249999806285 ], [ 593097.1616, 8596056.05009 ], [ 593106.624229999957606, 8596061.560019999742508 ], [ 593112.736509999958798, 8596068.449300000444055 ], [ 593116.286880000028759, 8596076.717509999871254 ], [ 593117.274779999977909, 8596084.592669999226928 ], [ 593115.50396, 8596094.831410000100732 ], [ 593111.762639999971725, 8596106.84265 ], [ 593102.924510000040755, 8596123.123579999431968 ], [ 593091.694769999943674, 8596140.649979999288917 ], [ 593079.282230000011623, 8596156.995410000905395 ], [ 593060.34326, 8596177.92282 ], [ 593044.975010000052862, 8596197.025629999116063 ], [ 593040.429050000035204, 8596205.412380000576377 ], [ 593040.627759999944828, 8596210.728290000930429 ], [ 593044.964810000034049, 8596213.286550000309944 ], [ 593054.032510000048205, 8596216.434030000120401 ], [ 593062.902439999976195, 8596216.825090000405908 ], [ 593074.925500000012107, 8596216.033859999850392 ], [ 593088.722059999941848, 8596213.273280000314116 ], [ 593104.883920000051148, 8596211.29947 ], [ 593125.432829999946989, 8596210.216029999777675 ], [ 593147.96366, 8596212.578199999406934 ], [ 593163.182630000053905, 8596216.521889999508858 ], [ 593181.16945000004489, 8596223.820849999785423 ], [ 593197.473379999981262, 8596229.531980000436306 ], [ 593209.925150000024587, 8596232.292099999263883 ], [ 593225.537699999986216, 8596230.707970000803471 ], [ 593235.615929999970831, 8596227.546299999579787 ], [ 593242.729030000045896, 8596221.62163 ], [ 593248.656700000050478, 8596217.474120000377297 ], [ 593253.39859, 8596213.326959999278188 ], [ 593258.349060000036843, 8596208.699459999799728 ], [ 593274.327000000048429, 8596195.077849999070168 ], [ 593286.07426000002306, 8596181.45761 ], [ 593377.886840000050142, 8596176.551300000399351 ], [ 593381.647140000015497, 8596207.775909999385476 ], [ 593383.89054000005126, 8596220.78990999981761 ], [ 593389.596849999972619, 8596241.123789999634027 ], [ 593394.69327000004705, 8596263.236139999702573 ], [ 593400.19548, 8596281.129680000245571 ], [ 593406.105130000039935, 8596301.463349999859929 ], [ 593411.812610000022687, 8596324.440689999610186 ], [ 593415.49286, 8596340.26805 ], [ 593419.776259999955073, 8596367.31296999938786 ], [ 593424.673289999947883, 8596403.712060000747442 ], [ 593428.08947, 8596428.25368 ], [ 593429.073669999954291, 8596453.291920000687242 ], [ 593429.7290600000415, 8596467.924520000815392 ], [ 593429.408719999948516, 8596485.48412000015378 ], [ 593425.83672000002116, 8596514.425780000165105 ], [ 593424.213239999953657, 8596530.306260000914335 ], [ 593418.686149999964982, 8596553.070240000262856 ], [ 593413.810019999975339, 8596575.83402 ], [ 593403.077679999987595, 8596609.980650000274181 ], [ 593389.74682, 8596661.550000000745058 ], [ 593380.31695, 8596696.346550000831485 ], [ 593374.787690000026487, 8596711.956639999523759 ], [ 593369.257940000039525, 8596725.940940000116825 ], [ 593360.79984, 8596744.80363 ], [ 593342.89214999997057, 8596779.628249999135733 ], [ 593331.9671, 8596801.470450000837445 ], [ 593322.085379999945872, 8596829.551869999617338 ], [ 593318.968770000035875, 8596851.39157 ], [ 593313.25341, 8596886.2314 ], [ 593313.25798, 8596901.310489999130368 ], [ 593309.09872, 8596917.950850000604987 ], [ 593306.913900000043213, 8596926.833140000700951 ], [ 593302.99945, 8596935.637569999322295 ], [ 593297.127390000037849, 8596945.746799999848008 ], [ 593292.888329999987036, 8596960.420210000127554 ], [ 593288.324030000017956, 8596977.70211 ], [ 593285.062539999955334, 8596985.854380000382662 ], [ 593279.515520000015385, 8596992.703020000830293 ], [ 593237.616490000043996, 8597049.157600000500679 ], [ 593137.47453999996651, 8597113.560559999197721 ], [ 593031.354260000050999, 8597206.398189999163151 ], [ 592978.843929999973625, 8597303.562359999865294 ], [ 592976.755699999979697, 8597365.313890000805259 ], [ 593007.663739999989048, 8597436.001420000568032 ], [ 593067.527720000012778, 8597400.870479999110103 ], [ 593124.23718000005465, 8597486.812060000374913 ], [ 593254.124790000030771, 8597700.758209999650717 ], [ 593303.261399999959394, 8597744.545360000804067 ], [ 593371.12627, 8597739.674210000783205 ], [ 593436.316149999969639, 8597720.288310000672936 ], [ 593566.48095, 8597807.754480000585318 ], [ 593651.140619999961928, 8597984.894060000777245 ], [ 593570.173889999976382, 8598062.739129999652505 ], [ 593504.344359999988228, 8598172.78673000074923 ], [ 593436.12464000005275, 8598260.034819999709725 ], [ 593277.934589999960735, 8598336.538079999387264 ], [ 593201.92249999998603, 8598503.928360000252724 ], [ 593134.599610000033863, 8598701.290170000866055 ], [ 593151.48843999998644, 8598838.256519999355078 ], [ 593186.500819999957457, 8598890.973910000175238 ], [ 593272.823800000012852, 8599042.344189999625087 ], [ 593352.757439999957569, 8599185.058539999648929 ], [ 593297.403580000041984, 8599211.270919999107718 ], [ 593298.85890999995172, 8599293.0619099996984 ], [ 593333.230349999968894, 8599390.354900000616908 ], [ 593399.975209999945946, 8599542.401939999312162 ], [ 593434.83233, 8599579.819989999756217 ], [ 593486.2463, 8599621.261490000411868 ], [ 593530.85572, 8599632.252210000529885 ], [ 593639.417520000017248, 8599641.013730000704527 ], [ 594428.057019999949262, 8599261.59698 ], [ 594454.07967, 8599294.869920000433922 ], [ 594592.358050000038929, 8599276.770889999344945 ], [ 594617.202550000045449, 8599259.728800000622869 ], [ 594650.87609000003431, 8599299.972789999097586 ], [ 594631.78073, 8599345.965919999405742 ], [ 594746.100390000035986, 8599378.890909999608994 ], [ 594858.539959999965504, 8599446.021180000156164 ], [ 594933.36176, 8599511.69548000022769 ], [ 594967.96206000004895, 8599569.127280000597239 ], [ 595015.139560000039637, 8599624.019579999148846 ], [ 594888.48555999994278, 8599729.416980000212789 ], [ 594862.026410000049509, 8599838.262849999591708 ], [ 594807.335659999982454, 8599937.375180000439286 ], [ 594740.581129999947734, 8600127.229550000280142 ], [ 594729.281459999969229, 8600341.243680000305176 ], [ 594704.881760000018403, 8600394.036979999393225 ], [ 594582.752480000024661, 8600485.540009999647737 ], [ 594527.11497, 8600557.996379999443889 ], [ 594528.7725700000301, 8600616.792780000716448 ], [ 594520.421770000015385, 8600725.856680000200868 ], [ 594505.65316999994684, 8600821.833079999312758 ], [ 594505.687069999985397, 8600823.426079999655485 ], [ 594524.26957, 8600904.055779999122024 ], [ 594508.35997, 8600973.354480000212789 ], [ 594451.256470000022091, 8601101.367680000141263 ], [ 594439.741670000017621, 8601203.66258000023663 ], [ 594458.49237, 8601245.32837999984622 ], [ 594512.67507, 8601322.53338 ], [ 594552.032570000039414, 8601357.80418 ], [ 594606.646620000014082, 8601388.516650000587106 ], [ 594839.478630000026897, 8601717.409760000184178 ], [ 595169.0085, 8601941.974850000813603 ], [ 595575.99187999998685, 8602166.299990000203252 ], [ 596030.092180000036024, 8602535.656129999086261 ], [ 596401.263720000046305, 8602890.545159999281168 ], [ 596734.75162, 8603239.30540999956429 ], [ 597221.740059999981895, 8603950.456380000337958 ], [ 597477.523490000050515, 8604402.942709999158978 ], [ 597547.92712, 8604579.54679 ], [ 597583.934660000028089, 8604580.871920000761747 ], [ 597637.391659999964759, 8604589.885919999331236 ], [ 597663.093660000013188, 8604593.051920000463724 ], [ 597709.554660000023432, 8604588.63992 ], [ 597795.468650000053458, 8604547.67392 ], [ 597844.673650000011548, 8604510.231920000165701 ], [ 597905.936650000046939, 8604478.816919999197125 ], [ 598112.865650000050664, 8604350.470920000225306 ], [ 598141.518649999983609, 8604342.407919999212027 ], [ 598174.70464999997057, 8604334.6409200001508 ], [ 598336.472650000010617, 8604287.074920000508428 ], [ 598432.726649999967776, 8604279.670919999480247 ], [ 598477.089649999979883, 8604277.659919999539852 ], [ 598534.878649999969639, 8604279.561920000240207 ], [ 598565.38965000002645, 8604272.409919999539852 ], [ 598638.819649999961257, 8604245.34391999989748 ], [ 598661.009650000021793, 8604245.766920000314713 ], [ 598761.64665, 8604281.36191999912262 ], [ 598889.73361, 8604311.173410000279546 ], [ 598935.369489999953657, 8604327.92626 ], [ 599022.360650000046007, 8604371.211920000612736 ], [ 599094.22965, 8604393.63992 ], [ 599204.003649999969639, 8604454.970920000225306 ], [ 599277.49465, 8604510.115919999778271 ], [ 599319.699649999965914, 8604560.318919999524951 ], [ 599448.995650000055321, 8604672.529920000582933 ], [ 599525.059649999951944, 8604708.64991999976337 ], [ 599591.488649999955669, 8604724.233920000493526 ], [ 599709.56565, 8604731.112919999286532 ], [ 599799.813650000025518, 8604729.235920000821352 ], [ 599862.906650000018999, 8604707.807919999584556 ], [ 599971.878649999969639, 8604617.790920000523329 ], [ 600094.142650000052527, 8604619.971920000389218 ], [ 600222.046650000032969, 8604661.766920000314713 ], [ 600255.243649999960326, 8604656.577919999137521 ], [ 600281.491649999981746, 8604642.096920000389218 ], [ 600313.551650000037625, 8604617.725919999182224 ], [ 600374.389639999950305, 8604523.226919999346137 ], [ 600428.38564, 8604491.07592000067234 ], [ 600462.93964, 8604490.558919999748468 ], [ 600566.464640000020154, 8604527.547919999808073 ], [ 600579.567640000022948, 8604532.511919999495149 ], [ 600602.12364, 8604534.77491999976337 ], [ 600648.585639999946579, 8604535.211920000612736 ], [ 600728.989640000043437, 8604518.919919999316335 ], [ 600758.343639999977313, 8604521.826920000836253 ], [ 600787.046639999956824, 8604531.146919999271631 ], [ 600816.044639999978244, 8604539.728919999673963 ], [ 600839.505639999988489, 8604554.513919999822974 ], [ 600851.97664, 8604570.142920000478625 ], [ 600857.546639999956824, 8604588.445919999852777 ], [ 600857.168640000047162, 8604622.403920000419021 ], [ 600854.203639999963343, 8604639.726919999346137 ], [ 600847.593639999977313, 8604660.996920000761747 ], [ 600829.335639999946579, 8604704.141920000314713 ], [ 600763.73464000003878, 8604780.172919999808073 ], [ 600639.377639999962412, 8604844.715919999405742 ], [ 600592.55964, 8604877.689920000731945 ], [ 600559.91764, 8604904.456919999793172 ], [ 600535.81964, 8604952.429919999092817 ], [ 600476.92663999996148, 8605196.43091999925673 ], [ 600482.599640000029467, 8605247.869920000433922 ], [ 600520.506640000035986, 8605296.120920000597835 ], [ 600552.329640000010841, 8605320.939920000731945 ], [ 600591.23664000001736, 8605334.511919999495149 ], [ 600643.889639999950305, 8605394.846920000389218 ], [ 600657.413640000042506, 8605463.70992000028491 ], [ 600638.49364, 8605627.31092 ], [ 600581.540640000021085, 8605849.240919999778271 ], [ 600575.256640000035986, 8605908.849920000880957 ], [ 600488.36965, 8606082.677920000627637 ], [ 600457.669650000054389, 8606120.208920000120997 ], [ 600395.90865, 8606165.904920000582933 ], [ 600367.09664999996312, 8606205.970920000225306 ], [ 600355.779650000040419, 8606240.963919999077916 ], [ 600366.246550000039861, 8606322.37366 ], [ 600384.548650000011548, 8606380.642920000478625 ], [ 600454.41582, 8606537.382920000702143 ], [ 600512.350650000036694, 8606630.271919999271631 ], [ 600556.029650000040419, 8606678.049920000135899 ], [ 600667.333639999968, 8606878.095920000225306 ], [ 600672.94964, 8606939.814920000731945 ], [ 600638.898649999988265, 8607033.54691999964416 ], [ 600573.919650000054389, 8607104.706919999793172 ], [ 600535.906650000018999, 8607130.080919999629259 ], [ 600482.069649999961257, 8607205.926920000463724 ], [ 600468.3726500000339, 8607250.573920000344515 ], [ 600465.259650000021793, 8607285.056919999420643 ], [ 600487.556650000042282, 8607300.14991999976337 ], [ 600507.88965000002645, 8607310.409919999539852 ], [ 600551.97164999996312, 8607317.113919999450445 ], [ 600611.522650000057183, 8607319.06092 ], [ 600684.241649999981746, 8607324.544919999316335 ], [ 600740.991640000022016, 8607325.089919999241829 ], [ 600788.34664, 8607333.294919999316335 ], [ 600949.386640000040643, 8607361.164920000359416 ], [ 601086.86164000001736, 8607352.413920000195503 ], [ 601322.345639999955893, 8607434.09391999989748 ], [ 601343.964640000020154, 8607437.748919999226928 ], [ 601378.94363999995403, 8607430.329919999465346 ], [ 601485.228639999986626, 8607362.462920000776649 ], [ 601542.536639999947511, 8607272.460920000448823 ], [ 601555.116640000022016, 8607227.262919999659061 ], [ 601557.474640000029467, 8607175.565920000895858 ], [ 601592.938639999949373, 8607139.566919999197125 ], [ 601665.76564, 8607083.35592 ], [ 601697.84664, 8607071.962920000776649 ], [ 601740.704640000010841, 8607070.811920000240207 ], [ 601780.414639999973588, 8607070.20792 ], [ 601849.040640000021085, 8607054.43492 ], [ 601924.21164, 8607078.145919999107718 ], [ 601965.24964000005275, 8607075.338919999077916 ], [ 602011.675640000030398, 8607063.342919999733567 ], [ 602012.250050000031479, 8607080.637180000543594 ], [ 602014.219019999960437, 8607109.707900000736117 ], [ 602031.37390999996569, 8607155.454290000721812 ], [ 602045.92958, 8607177.287799999117851 ], [ 602069.32262, 8607193.922839999198914 ], [ 602092.64295, 8607218.123190000653267 ], [ 602118.996960000018589, 8607278.026329999789596 ], [ 602191.379390000016429, 8607338.34501999989152 ], [ 602217.46314, 8607413.009780000895262 ], [ 602220.795339999953285, 8607491.730559999123216 ], [ 602240.224670000025071, 8607530.058189999312162 ], [ 602180.93906, 8607601.078430000692606 ], [ 602150.28628999995999, 8607625.928020000457764 ], [ 602109.156629999983124, 8607669.650410000234842 ], [ 602102.78538999997545, 8607718.404209999367595 ], [ 602103.006999999983236, 8607748.393340000882745 ], [ 602107.360650000046007, 8607773.196599999442697 ], [ 602104.550769999972545, 8607785.74192 ], [ 602095.115660000010394, 8607809.522239999845624 ], [ 602096.463540000026114, 8607815.39511 ], [ 602102.721509999944828, 8607825.60042 ], [ 602111.814000000013039, 8607830.38484999909997 ], [ 602122.712730000028387, 8607866.506170000880957 ], [ 602150.311340000014752, 8607917.20335 ], [ 602241.236879999982193, 8608162.19998 ], [ 602002.941400000010617, 8608308.145269999280572 ], [ 602211.374839999945834, 8608524.505179999396205 ], [ 602190.614640000043437, 8608556.953880000859499 ], [ 602159.185539999976754, 8608583.873479999601841 ], [ 602113.12864, 8608601.842879999428988 ], [ 602081.038040000014007, 8608596.84978000074625 ], [ 602046.876500000013039, 8608569.690950000658631 ], [ 601952.356039999984205, 8608633.805180000141263 ], [ 601915.623170000035316, 8608640.088500000536442 ], [ 601863.533189999987371, 8608656.051559999585152 ], [ 601814.852109999977984, 8608686.21875 ], [ 601778.074340000050142, 8608727.628280000761151 ], [ 601750.201740000047721, 8608823.70768 ], [ 601734.46193, 8608861.327849999070168 ], [ 601759.208229999989271, 8609021.030449999496341 ], [ 601758.469539999961853, 8609143.941780000925064 ], [ 601704.427239999989979, 8609297.661080000922084 ], [ 601739.061839999980293, 8609558.355779999867082 ], [ 601762.17304000002332, 8609575.054880000650883 ], [ 601794.564679999952205, 8609600.173970000818372 ], [ 602213.419639999978244, 8609562.339919999241829 ], [ 602457.80964, 8609545.14991999976337 ], [ 602455.419639999978244, 8609613.189920000731945 ], [ 602448.899639999959618, 8609641.579919999465346 ], [ 602431.679639999987558, 8609683.14991999976337 ], [ 602413.96964000002481, 8609785.679919999092817 ], [ 602422.30964, 8609852.359920000657439 ], [ 602412.909639999968931, 8609922.80992 ], [ 602552.489640000043437, 8609981.439920000731945 ], [ 602644.619640000048093, 8610044.21992 ], [ 602746.99964000005275, 8610090.829919999465346 ], [ 602748.759639999945648, 8610119.70992000028491 ], [ 602743.99964000005275, 8610135.569919999688864 ], [ 602720.18964, 8610164.14991999976337 ], [ 602658.222270000027493, 8610229.948009999468923 ], [ 602745.008539999951608, 8610380.919080000370741 ], [ 602782.808940000017174, 8610488.837579999119043 ], [ 602819.41504, 8610539.25378 ], [ 602966.924639999982901, 8610664.63188000023365 ], [ 602947.267239999957383, 8610715.298979999497533 ], [ 602927.553339999984019, 8610752.100279999896884 ], [ 602889.652140000020154, 8610791.292479999363422 ], [ 602850.269839999964461, 8610955.768379999324679 ], [ 602824.9216, 8610994.149010000750422 ], [ 602888.2269, 8610981.974999999627471 ], [ 602944.22777999995742, 8610989.279379999265075 ], [ 603029.446499999961816, 8611003.888310000300407 ], [ 603050.142400000011548, 8611006.323130000382662 ], [ 603070.838420000043698, 8611008.75794 ], [ 603134.143750000046566, 8611003.888369999825954 ], [ 603197.449110000045039, 8611008.75801 ], [ 603223.051540000014938, 8611015.158639999106526 ], [ 603234.29189, 8611017.96875 ], [ 603270.159409999963827, 8611026.935660000890493 ], [ 603304.581230000010692, 8611035.541009999811649 ], [ 603367.886599999968894, 8611047.715050000697374 ], [ 603465.2794, 8611062.323969999328256 ], [ 603550.498159999959171, 8611072.063300000503659 ], [ 603633.28199000004679, 8611069.628499999642372 ], [ 603737.979369999957271, 8611081.802549999207258 ], [ 603775.504599999985658, 8611079.8275700006634 ], [ 603787.280389999970794, 8611079.207760000601411 ], [ 603830.502560000051744, 8611076.932889999821782 ], [ 603898.677559999981895, 8611052.584780000150204 ], [ 603915.72129000001587, 8611013.627639999613166 ], [ 603910.851630000048317, 8610979.540090000256896 ], [ 603896.242680000024848, 8610945.452609999105334 ], [ 603857.285550000029616, 8610894.321340000256896 ], [ 603842.217549999943003, 8610871.719350000843406 ], [ 603803.719520000042394, 8610813.972249999642372 ], [ 603767.197219999972731, 8610757.971370000392199 ], [ 603720.935629999963567, 8610682.491949999704957 ], [ 603699.022209999966435, 8610611.882209999486804 ], [ 603650.775370000046678, 8610536.222549999132752 ], [ 603591.890080000041053, 8610443.879480000585318 ], [ 603528.584769999957643, 8610368.40004999935627 ], [ 603487.192769999965094, 8610292.92062 ], [ 603467.71427, 8610200.39745 ], [ 603479.88835999998264, 8610154.135810000821948 ], [ 603511.540960000013001, 8610144.39657000079751 ], [ 603569.97667, 8610141.961729999631643 ], [ 603674.674, 8610134.657330000773072 ], [ 603689.24406000005547, 8610135.240219999104738 ], [ 603857.285559999989346, 8610141.961689999327064 ], [ 603950.559280000044964, 8610153.028200000524521 ], [ 604000.939999999944121, 8610159.005540000274777 ], [ 604053.03235, 8610159.00548000074923 ], [ 604066.680139999953099, 8610159.00548000074923 ], [ 604115.376520000048913, 8610134.657299999147654 ], [ 604144.594389999983832, 8610081.091259999200702 ], [ 604149.464049999951385, 8610034.829639999195933 ], [ 604105.637319999979809, 8609922.8278299998492 ], [ 604096.23086000001058, 8609905.358810000121593 ], [ 604054.506049999967217, 8609827.869869999587536 ], [ 604003.374829999986105, 8609735.346659999340773 ], [ 603952.243550000013784, 8609630.649390000849962 ], [ 603881.633799999952316, 8609484.560140000656247 ], [ 603811.023939999984577, 8609360.384250000119209 ], [ 603686.848140000016429, 8609209.425419999286532 ], [ 603638.151659999974072, 8609131.511059999465942 ], [ 603589.455319999950007, 8609034.118300000205636 ], [ 603540.75882999994792, 8608861.246020000427961 ], [ 603504.236509999958798, 8608744.37462 ], [ 603504.236589999985881, 8608695.67815 ], [ 603507.459069999982603, 8608683.432879999279976 ], [ 603511.69172, 8608667.348619999364018 ], [ 603516.410660000052303, 8608649.416610000655055 ], [ 603552.932950000045821, 8608615.329040000215173 ], [ 603596.759700000053272, 8608605.589770000427961 ], [ 603662.499930000049062, 8608600.720170000568032 ], [ 603703.891859999974258, 8608593.415750000625849 ], [ 603757.457859999965876, 8608581.241650000214577 ], [ 603798.849870000034571, 8608564.197809999808669 ], [ 603886.503419999964535, 8608508.19699 ], [ 603947.373950000037439, 8608466.80506999976933 ], [ 604008.244429999962449, 8608425.413119999691844 ], [ 604091.028339999960735, 8608376.716649999842048 ], [ 604136.183150000055321, 8608358.358710000291467 ], [ 604147.329449999961071, 8608353.827099999412894 ], [ 604152.00937999994494, 8608351.924440000206232 ], [ 604160.328880000044592, 8608348.363469999283552 ], [ 604164.418399999965914, 8608346.613040000200272 ], [ 604241.987210000050254, 8608313.411259999498725 ], [ 604270.002029999974184, 8608297.5768 ], [ 604297.98808000003919, 8608281.758670000359416 ], [ 604349.119399999966845, 8608242.801480000838637 ], [ 604463.55597999994643, 8608155.147959999740124 ], [ 604636.428229999961331, 8608072.364029999822378 ], [ 604687.55940999998711, 8608035.841760000213981 ], [ 604731.386180000030436, 8608023.667579999193549 ], [ 604819.039789999951608, 8608021.232799999415874 ], [ 604913.997760000056587, 8608013.928349999710917 ], [ 604972.4335199999623, 8608009.058669999241829 ], [ 605006.521029999945313, 8607972.536410000175238 ], [ 605016.260260000010021, 8607931.144430000334978 ], [ 604994.3469, 8607901.926570000126958 ], [ 604935.911190000013448, 8607853.230189999565482 ], [ 604918.867429999983869, 8607814.273089999333024 ], [ 604916.432630000053905, 8607760.706949999555945 ], [ 604943.215639999951236, 8607724.184720000252128 ], [ 604996.781730000046082, 8607702.271229999139905 ], [ 605111.218239999958314, 8607668.183790000155568 ], [ 605184.262940000044182, 8607626.791880000382662 ], [ 605198.871810000040568, 8607570.791009999811649 ], [ 605179.39327, 8607502.615979999303818 ], [ 605150.175460000056773, 8607429.57132999971509 ], [ 605162.349490000051446, 8607376.00531000085175 ], [ 605166.25454, 8607365.754669999703765 ], [ 605181.828119999961928, 8607324.874059999361634 ], [ 605194.002160000032745, 8607283.482060000300407 ], [ 605242.69857, 8607246.959739999845624 ], [ 605293.708570000017062, 8607228.574500000104308 ], [ 605335.552829999942333, 8607213.492650000378489 ], [ 605326.884700000053272, 8607190.786639999598265 ], [ 605298.227829999988899, 8607146.205520000308752 ], [ 605259.61549, 8607098.431520000100136 ], [ 605226.037170000025071, 8607039.621610000729561 ], [ 605196.101050000055693, 8606977.039100000634789 ], [ 605147.477139999973588, 8606907.005070000886917 ], [ 605072.87876, 8606833.412699999287724 ], [ 605039.154759999946691, 8606770.732750000432134 ], [ 604964.955960000050254, 8606716.020530000329018 ], [ 604912.584430000046268, 8606642.292360000312328 ], [ 604860.312329999986105, 8606579.702579999342561 ], [ 604812.3853100000415, 8606537.59633 ], [ 604760.403799999970943, 8606493.673830000683665 ], [ 604715.611140000051819, 8606416.45168000087142 ], [ 604674.68316999997478, 8606379.7650700006634 ], [ 604622.460139999981038, 8606317.25117 ], [ 604573.95195999997668, 8606258.39831 ], [ 604514.094619999988936, 8606173.652489999309182 ], [ 604450.696050000027753, 8606092.766720000654459 ], [ 604394.745009999955073, 8606030.242459999397397 ], [ 604342.444840000011027, 8605960.292190000414848 ], [ 604282.770950000034645, 8605890.42335999943316 ], [ 604223.116909999982454, 8605816.903370000422001 ], [ 604171.088239999953657, 8605754.597090000286698 ], [ 604131.292690000031143, 8605677.925850000232458 ], [ 604078.367059999960475, 8605588.476849999278784 ], [ 604046.561190000036731, 8605476.03078000061214 ], [ 604031.789880000054836, 8605413.643869999796152 ], [ 604029.199819999979809, 8605402.704840000718832 ], [ 604020.90156999998726, 8605330.173420000821352 ], [ 604003.705210000043735, 8605294.427160000428557 ], [ 603993.644289999967441, 8605238.134600000455976 ], [ 603985.440900000045076, 8605187.278379999101162 ], [ 603985.451140000019222, 8605186.57039999961853 ], [ 603986.042570000048727, 8605145.589379999786615 ], [ 603986.200530000030994, 8605134.645069999620318 ], [ 604015.582580000045709, 8605074.60788 ], [ 604014.50688, 8604986.251839999109507 ], [ 604006.23155999998562, 8604921.228420000523329 ], [ 603997.76833, 8604858.3744099996984 ], [ 603997.193199999979697, 8604857.485090000554919 ], [ 603972.868879999965429, 8604819.876369999721646 ], [ 603941.34105000004638, 8604806.606370000168681 ], [ 603934.416089999955148, 8604788.738779999315739 ], [ 603919.494549999944866, 8604750.238900000229478 ], [ 603887.924879999947734, 8604732.468299999833107 ], [ 603807.602199999964796, 8604684.313720000907779 ], [ 603793.654570000013337, 8604675.951990000903606 ], [ 603784.629990000044927, 8604660.819499999284744 ], [ 603751.085319999954663, 8604604.571660000830889 ], [ 603726.531899999943562, 8604553.602739999070764 ], [ 603692.152179999975488, 8604460.873870000243187 ], [ 603670.332139999954961, 8604365.667619999498129 ], [ 603662.030009999987669, 8604290.688489999622107 ], [ 603660.773769999970682, 8604208.422369999811053 ], [ 603659.57262, 8604159.067940000444651 ], [ 603647.54879000002984, 8604083.557779999449849 ], [ 603652.925320000038482, 8604027.240229999646544 ], [ 603666.670629999949597, 8603947.221899999305606 ], [ 603694.815249999985099, 8603876.256340000778437 ], [ 603736.10835, 8603804.8588200006634 ], [ 603737.57915, 8603795.541060000658035 ], [ 603737.754429999971762, 8603794.431110000237823 ], [ 603745.385280000045896, 8603746.08631999976933 ], [ 603741.853299999958836, 8603690.988910000771284 ], [ 603740.995370000018738, 8603604.354410000145435 ], [ 603742.276270000031218, 8603506.311829999089241 ], [ 603729.240819999948144, 8603460.620750000700355 ], [ 603681.174009999958798, 8603345.70992000028491 ], [ 603647.738830000045709, 8603288.707800000905991 ], [ 603611.033900000038557, 8603226.738849999383092 ], [ 603571.309389999951236, 8603157.232610000297427 ], [ 603522.622319999965839, 8603082.5022 ], [ 603469.388069999986328, 8603022.870699999853969 ], [ 603436.52839, 8602987.746549999341369 ], [ 603376.372160000028089, 8602923.444609999656677 ], [ 603313.317109999945387, 8602888.737309999763966 ], [ 603228.778109999955632, 8602858.634770000353456 ], [ 603131.301970000029542, 8602835.799559999257326 ], [ 603026.232150000054389, 8602813.818809999153018 ], [ 602988.505409999983385, 8602796.601239999756217 ], [ 602956.676420000032522, 8602782.075360000133514 ], [ 602912.25777000002563, 8602759.961939999833703 ], [ 602759.474380000028759, 8602671.225150000303984 ], [ 602705.37983, 8602634.712540000677109 ], [ 602586.955680000013672, 8602521.800629999488592 ], [ 602538.934819999965839, 8602476.014490000903606 ], [ 602387.057380000012927, 8602342.663909999653697 ], [ 602320.27333, 8602284.026030000299215 ], [ 602184.872680000029504, 8602122.591029999777675 ], [ 602146.445010000024922, 8602050.477530000731349 ], [ 602127.653260000050068, 8602015.212789999321103 ], [ 602109.67689, 8601979.10312999971211 ], [ 602085.946579999988899, 8601931.43538000062108 ], [ 602073.97941999998875, 8601868.94391000084579 ], [ 602064.025709999958053, 8601803.738089999184012 ], [ 602062.901300000026822, 8601749.247060000896454 ], [ 602054.51066000002902, 8601690.258989999070764 ], [ 602030.570049999980256, 8601629.069329999387264 ], [ 602000.919110000017099, 8601585.79043 ], [ 601989.0164400000358, 8601568.41725 ], [ 601979.054, 8601558.262490000575781 ], [ 601930.583940000040457, 8601508.85700000077486 ], [ 601888.508359999977984, 8601482.166179999709129 ], [ 601842.540419999975711, 8601442.174890000373125 ], [ 601802.022089999984019, 8601410.14432 ], [ 601800.219479999970645, 8601408.365070000290871 ], [ 601742.51272, 8601353.220939999446273 ], [ 601683.393840000033379, 8601332.897509999573231 ], [ 601651.272940000053495, 8601329.25313 ], [ 601574.553730000043288, 8601320.5487399995327 ], [ 601504.5723, 8601301.979949999600649 ], [ 601430.992409999947995, 8601265.666980000212789 ], [ 601372.334099999978207, 8601230.238019999116659 ], [ 601322.176469999947585, 8601197.918279999867082 ], [ 601258.244870000053197, 8601149.069919999688864 ], [ 601249.887009999947622, 8601142.40986 ], [ 601198.271440000040457, 8601101.279239999130368 ], [ 601167.50867000001017, 8601068.420439999550581 ], [ 601132.066669999971054, 8601008.791659999638796 ], [ 601116.79611, 8600974.7105 ], [ 601107.230609999969602, 8600953.361870000138879 ], [ 601067.249930000049062, 8600927.408350000157952 ], [ 601019.60855, 8600919.35489 ], [ 601004.106120000011288, 8600916.734230000525713 ], [ 600935.240379999973811, 8600910.681290000677109 ], [ 600859.801530000055209, 8600875.266529999673367 ], [ 600802.900870000012219, 8600849.676680000498891 ], [ 600764.942099999985658, 8600832.605569999665022 ], [ 600741.371479999972507, 8600816.238530000671744 ], [ 600686.885449999943376, 8600778.404330000281334 ], [ 600598.256240000016987, 8600713.189980000257492 ], [ 600545.806800000020303, 8600667.075379999354482 ], [ 600497.48751, 8600599.404160000383854 ], [ 600406.443409999948926, 8600496.313740000128746 ], [ 600362.118789999978617, 8600441.023229999467731 ], [ 600341.41573, 8600413.257829999551177 ], [ 600320.91654, 8600385.76554 ], [ 600243.524869999964722, 8600300.43389 ], [ 600175.55663, 8600205.100299999117851 ], [ 600058.532589999958873, 8600083.126550000160933 ], [ 599987.029300000052899, 8600009.140459999442101 ], [ 599866.599279999965802, 8599882.058560000732541 ], [ 599813.050720000057481, 8599830.975509999319911 ], [ 599763.1708599999547, 8599783.391839999705553 ], [ 599693.63003999995999, 8599702.504200000315905 ], [ 599639.527759999968112, 8599623.197280000895262 ], [ 599609.530950000043958, 8599564.134390000253916 ], [ 599606.49757, 8599558.161809999495745 ], [ 599572.98433, 8599487.667150000110269 ], [ 599563.098160000052303, 8599471.221130000427365 ], [ 599542.276120000053197, 8599436.582779999822378 ], [ 599515.185000000055879, 8599391.515380000695586 ], [ 599465.47328000003472, 8599308.647019999101758 ], [ 599418.483370000030845, 8599248.018650000914931 ], [ 599350.744309999980032, 8599152.95333999954164 ], [ 599299.395460000028834, 8599089.986560000106692 ], [ 599259.218929999973625, 8599024.768640000373125 ], [ 599211.491930000018328, 8598977.68745999969542 ], [ 599177.21846, 8598915.446760000661016 ], [ 599171.254079999984242, 8598879.804870000109076 ], [ 599168.117549999966286, 8598861.061349999159575 ], [ 599142.429929999983869, 8598791.980550000444055 ], [ 599103.850100000039674, 8598726.929850000888109 ], [ 599027.000630000024103, 8598664.661499999463558 ], [ 599024.289050000021234, 8598661.993960000574589 ], [ 598947.633260000031441, 8598601.629559999331832 ], [ 598899.016320000053383, 8598566.18114 ], [ 598849.44999, 8598511.898979999125004 ], [ 598806.681570000015199, 8598458.881950000301003 ], [ 598784.985630000010133, 8598430.936240000650287 ], [ 598775.941420000046492, 8598419.286769999191165 ], [ 598743.517220000037923, 8598377.52242000028491 ], [ 598674.92374999995809, 8598332.896290000528097 ], [ 598609.223359999945387, 8598321.62091 ], [ 598497.428790000034496, 8598265.40649 ], [ 598416.245970000047237, 8598198.606820000335574 ], [ 598335.970259999972768, 8598131.862849999219179 ], [ 598287.161470000050031, 8598086.345909999683499 ], [ 598198.83129, 8597994.011080000549555 ], [ 598145.585420000017621, 8597965.53964 ], [ 598137.47936, 8597965.567269999533892 ], [ 598107.017510000034235, 8597956.026890000328422 ], [ 598042.232730000047013, 8597935.736950000748038 ], [ 597885.408219999982975, 8597808.237919999286532 ], [ 597819.867409999947995, 8597766.620650000870228 ], [ 597816.263810000033118, 8597763.06389999948442 ], [ 597781.240660000010394, 8597723.926170000806451 ], [ 597776.227240000036545, 8597718.323799999430776 ], [ 597670.472519999952056, 8597608.240359999239445 ], [ 597568.803010000032373, 8597534.511089999228716 ], [ 597458.504429999971762, 8597433.642200000584126 ], [ 597443.252070000045933, 8597419.693609999492764 ], [ 597386.139489999972284, 8597350.064680000767112 ], [ 597243.433949999976903, 8597229.802850000560284 ], [ 597180.92992000002414, 8597131.714959999546409 ], [ 597127.35043, 8597054.91482999920845 ], [ 597064.777830000035465, 8596978.446380000561476 ], [ 597019.920180000015534, 8596923.6265699993819 ], [ 596979.413569999975152, 8596890.804400000721216 ], [ 596925.213789999950677, 8596846.886490000411868 ], [ 596854.718179999967106, 8596775.532789999619126 ], [ 596778.825300000025891, 8596705.987500000745058 ], [ 596709.341739999945275, 8596621.01485 ], [ 596637.866219999967143, 8596526.396490000188351 ], [ 596576.306469999952242, 8596434.42901 ], [ 596494.538659999961965, 8596339.022730000317097 ], [ 596380.60705, 8596207.857289999723434 ], [ 596304.632570000016131, 8596109.685019999742508 ], [ 596139.003170000039972, 8595934.803990000858903 ], [ 596112.703439999953844, 8595908.379920000210404 ], [ 596037.974569999962114, 8595833.297110000625253 ], [ 595913.401689999969676, 8595714.826859999448061 ], [ 595716.51197, 8595495.853989999741316 ], [ 595654.953809999977238, 8595422.617809999734163 ], [ 595547.339099999982864, 8595277.23886 ], [ 595422.378140000044368, 8595159.68798 ], [ 595420.563650000025518, 8595157.981070000678301 ], [ 595372.80666, 8595113.055600000545382 ], [ 595362.0352300000377, 8595102.92276999913156 ], [ 595224.2463, 8595077.590949999168515 ], [ 595220.79452, 8595076.64635 ], [ 595175.6668, 8595064.296089999377728 ], [ 595095.342790000024252, 8595009.329870000481606 ], [ 595029.493189999950118, 8594895.15548999980092 ], [ 595045.085100000025705, 8594832.870169999077916 ], [ 595054.168659999966621, 8594790.325340000912547 ], [ 594995.017029999988154, 8594668.242170000448823 ], [ 594922.50144999998156, 8594573.214059999212623 ], [ 594916.588450000039302, 8594562.944660000503063 ], [ 594881.638720000046305, 8594502.245389999821782 ], [ 594837.440440000034869, 8594418.838430000469089 ], [ 594760.404280000017025, 8594312.238800000399351 ], [ 594721.900239999988116, 8594264.19747 ], [ 594662.377549999975599, 8594197.839150000363588 ], [ 594593.30504, 8594107.392529999837279 ], [ 594513.988310000044294, 8594012.36606 ], [ 594476.489760000025854, 8593925.109030000865459 ], [ 594356.931570000015199, 8593767.619659999385476 ], [ 594287.676220000023022, 8593691.541959999129176 ], [ 594192.81519, 8593604.565060000866652 ], [ 594081.42663999996148, 8593433.245319999754429 ], [ 594006.89506, 8593346.258980000391603 ], [ 593853.558210000046529, 8593159.472349999472499 ], [ 593595.611260000034235, 8592847.90185 ], [ 593438.773230000049807, 8592672.581790000200272 ], [ 593214.485809999983758, 8592424.130610000342131 ], [ 592964.652119999984279, 8592191.826409999281168 ], [ 592729.958570000017062, 8591912.025399999693036 ], [ 592518.193760000052862, 8591680.989390000700951 ], [ 592310.912400000030175, 8591430.670339999720454 ], [ 592239.77064, 8591344.049639999866486 ], [ 592136.237839999957941, 8591217.988840000703931 ], [ 592029.997209999943152, 8591077.237870000302792 ], [ 592014.436800000024959, 8591057.146430000662804 ], [ 591943.9695, 8590966.158859999850392 ], [ 591899.239610000047833, 8590908.403160000219941 ], [ 591894.038180000032298, 8590902.418169999495149 ], [ 591747.008559999987483, 8590733.240170000120997 ], [ 591659.999919999972917, 8590637.407409999519587 ], [ 591596.616829999955371, 8590559.12622999958694 ], [ 591518.425919999950565, 8590462.929439999163151 ], [ 591437.936310000019148, 8590358.898879999294877 ], [ 591394.970609999960288, 8590312.10812 ], [ 591391.074509999947622, 8590307.865229999646544 ], [ 591372.228950000018813, 8590287.341749999672174 ], [ 591357.244100000010803, 8590265.964989999309182 ], [ 591295.325079999980517, 8590177.63315000012517 ], [ 591245.435979999951087, 8590107.120960000902414 ], [ 591191.02332000003662, 8590035.658169999718666 ], [ 591088.442939999978989, 8589913.465029999613762 ], [ 591008.03527, 8589810.41545999981463 ], [ 590851.41735, 8589636.169439999386668 ], [ 590774.404620000044815, 8589536.866730000823736 ], [ 590753.750140000018291, 8589513.037249999120831 ], [ 590700.887059999979101, 8589452.04751 ], [ 590637.22866999998223, 8589371.831809999421239 ], [ 590563.755849999957718, 8589284.698349999263883 ], [ 590462.670569999958389, 8589168.620810000225902 ], [ 590400.441899999976158, 8589092.475950000807643 ], [ 590397.106129999971017, 8589088.394269999116659 ], [ 590386.491460000048392, 8589071.925219999626279 ], [ 590335.916409999947064, 8588993.456809999421239 ], [ 590294.866410000016913, 8588929.766450000926852 ], [ 590274.48962, 8588878.835230000317097 ], [ 590260.83418, 8588844.703880000859499 ], [ 590211.005649999948218, 8588773.319979999214411 ], [ 590149.763870000024326, 8588676.475770000368357 ], [ 590123.514519999967888, 8588634.966590000316501 ], [ 590010.199509999947622, 8588484.622269999235868 ], [ 589957.097270000027493, 8588399.650469999760389 ], [ 589913.904089999967255, 8588330.740399999544024 ], [ 589869.78070999996271, 8588290.578439999371767 ], [ 589824.53070999996271, 8588266.169430000707507 ], [ 589784.95681, 8588200.105319999158382 ], [ 589738.342689999961294, 8588120.273539999499917 ], [ 589689.822150000021793, 8588079.63686 ], [ 589645.280969999963418, 8588042.699240000918508 ], [ 589621.68802, 8587999.226630000397563 ], [ 589617.175840000039898, 8587992.534360000863671 ], [ 589601.538979999953881, 8587961.464710000902414 ], [ 589575.5588, 8587909.843340000137687 ], [ 589547.387050000019372, 8587884.982610000297427 ], [ 589520.033739999984391, 8587860.844100000336766 ], [ 589514.882409999961965, 8587757.886579999700189 ], [ 589493.01847, 8587746.051069999113679 ], [ 589462.02333, 8587729.272530000656843 ], [ 589449.087739999988116, 8587722.270150000229478 ], [ 589393.198639999958687, 8587659.850279999896884 ], [ 589389.105789999943227, 8587655.279200000688434 ], [ 589343.926229999982752, 8587635.330380000174046 ], [ 589241.531399999978021, 8587652.638359999284148 ], [ 589169.460560000035912, 8587627.182420000433922 ], [ 589081.511150000034831, 8587567.116229999810457 ], [ 588996.849509999970905, 8587440.708149999380112 ], [ 588970.987130000023171, 8587408.602760000154376 ], [ 588926.69048, 8587353.613239999860525 ], [ 588890.125609999988228, 8587274.879419999197125 ], [ 588867.302060000016354, 8587225.733810000121593 ], [ 588820.813379999948665, 8587168.974360000342131 ], [ 588786.300500000012107, 8587131.290610000491142 ], [ 588762.616580000030808, 8587110.202579999342561 ], [ 588734.685030000051484, 8587085.332620000466704 ], [ 588666.411919999984093, 8587072.601929999887943 ], [ 588642.850880000041798, 8587064.51571 ], [ 588616.231269999989308, 8587055.379610000178218 ], [ 588557.930969999986701, 8587031.625010000541806 ], [ 588546.419329999946058, 8587026.934529999271035 ], [ 588521.313319999957457, 8586999.861150000244379 ], [ 588468.249979999964125, 8586956.106019999831915 ], [ 588441.405810000025667, 8586930.986530000343919 ], [ 588422.794299999950454, 8586899.347149999812245 ], [ 588412.14289000001736, 8586864.95566999912262 ], [ 588383.352399999974295, 8586831.96452 ], [ 588372.88055, 8586808.229110000655055 ], [ 588353.342820000019856, 8586761.901979999616742 ], [ 588338.966430000029504, 8586748.980830000713468 ], [ 588327.153120000031777, 8586738.363169999793172 ], [ 588320.958650000044145, 8586737.853660000488162 ], [ 588300.102900000056252, 8586736.138159999623895 ], [ 588297.8678, 8586734.572289999574423 ], [ 588267.85494, 8586713.546350000426173 ], [ 588236.496090000029653, 8586678.53149 ], [ 588230.249519999953918, 8586674.249479999765754 ], [ 588208.923270000028424, 8586659.630219999700785 ], [ 588189.830620000022464, 8586666.643950000405312 ], [ 588139.791669999947771, 8586670.073559999465942 ], [ 588086.3898, 8586635.249329999089241 ], [ 588013.722670000046492, 8586579.385600000619888 ], [ 587968.205489999963902, 8586545.939370000734925 ], [ 587931.998110000044107, 8586515.167120000347495 ], [ 587894.229010000010021, 8586481.601420000195503 ], [ 587887.32733, 8586422.929290000349283 ], [ 587799.213899999973364, 8586340.910739999264479 ], [ 587737.926970000029542, 8586265.608039999380708 ], [ 587672.2521499999566, 8586186.926060000434518 ], [ 587622.774229999980889, 8586099.209429999813437 ], [ 587534.902099999948405, 8585973.08746 ], [ 587473.968439999967813, 8585881.192730000242591 ], [ 587444.012179999961518, 8585836.015189999714494 ], [ 587364.043380000046454, 8585740.39604 ], [ 587294.893679999979213, 8585648.832769999280572 ], [ 587200.437709999969229, 8585530.413760000839829 ], [ 587169.261900000041351, 8585476.17225999943912 ], [ 587132.113469999982044, 8585375.562890000641346 ], [ 587125.277970000053756, 8585339.20130000077188 ], [ 587132.717040000017732, 8585323.725050000473857 ], [ 587098.387590000056662, 8585295.402680000290275 ], [ 587075.982070000027306, 8585306.619319999590516 ], [ 586995.27122, 8585231.188100000843406 ], [ 586951.952470000018366, 8585154.266839999705553 ], [ 586888.36445, 8585072.07170999981463 ], [ 586881.385359999956563, 8585063.050480000674725 ], [ 586812.416530000045896, 8584966.369599999859929 ], [ 586803.159289999981411, 8584953.392650000751019 ], [ 586756.226080000051297, 8584877.60066 ], [ 586706.173410000046715, 8584796.78957 ], [ 586652.965360000031069, 8584726.43940999917686 ], [ 586599.32574, 8584635.14109 ], [ 586554.637089999974705, 8584563.06219 ], [ 586536.629240000038408, 8584534.016780000180006 ], [ 586501.16446, 8584488.239909999072552 ], [ 586460.588450000039302, 8584435.865259999409318 ], [ 586414.346660000039265, 8584365.553300000727177 ], [ 586387.942649999982677, 8584329.996479999274015 ], [ 586383.566890000016429, 8584324.103830000385642 ], [ 586359.766019999980927, 8584292.052379999309778 ], [ 586345.162510000052862, 8584260.738469999283552 ], [ 586321.460040000034496, 8584209.913569999858737 ], [ 586236.00000999995973, 8584093.374500000849366 ], [ 586183.372489999979734, 8584001.943760000169277 ], [ 586168.952960000024177, 8583969.218019999563694 ], [ 586092.876599999959581, 8583862.013960000127554 ], [ 586041.014429999981076, 8583789.250569999217987 ], [ 586017.142680000048131, 8583734.886819999665022 ], [ 585962.652559999958612, 8583630.67829000018537 ], [ 585926.942099999985658, 8583570.759400000795722 ], [ 585868.77531000005547, 8583491.149420000612736 ], [ 585810.015830000047572, 8583417.747199999168515 ], [ 585758.238739999942482, 8583370.919789999723434 ], [ 585752.748759999987669, 8583365.954600000753999 ], [ 585695.74745999998413, 8583292.534840000793338 ], [ 585669.401590000023134, 8583238.773739999160171 ], [ 585637.394850000040606, 8583213.411080000922084 ], [ 585601.261889999965206, 8583205.491229999810457 ], [ 585567.090719999978319, 8583189.910059999674559 ], [ 585535.83294, 8583154.140319999307394 ], [ 585493.931650000042282, 8583120.244860000908375 ], [ 585465.790550000034273, 8583088.153890000656247 ], [ 585450.7694, 8583054.184040000662208 ], [ 585419.611069999984466, 8583013.203959999606013 ], [ 585384.100830000010319, 8582972.530519999563694 ], [ 585353.609960000030696, 8582936.832250000908971 ], [ 585299.371610000031069, 8582862.99970000050962 ], [ 585269.994519999949262, 8582826.028550000861287 ], [ 585251.20304000005126, 8582786.551599999889731 ], [ 585248.569980000029318, 8582763.034700000658631 ], [ 585230.903760000015609, 8582733.284029999747872 ], [ 585188.38714, 8582687.005599999800324 ], [ 585154.692670000018552, 8582669.790139999240637 ], [ 585074.612010000040755, 8582569.448769999668002 ], [ 585018.425799999968149, 8582531.884700000286102 ], [ 584964.059159999946132, 8582483.1678 ], [ 584913.736589999985881, 8582435.776520000770688 ], [ 584847.044100000057369, 8582372.96868 ], [ 584801.972839999943972, 8582318.66173000074923 ], [ 584693.116690000053495, 8582213.56330999918282 ], [ 584679.675139999948442, 8582199.959170000627637 ], [ 584667.370650000055321, 8582187.505750000476837 ], [ 584581.796209999942221, 8582100.89585000090301 ], [ 584525.23445999994874, 8582058.141790000721812 ], [ 584503.881739999982528, 8582042.001499999314547 ], [ 584454.793150000041351, 8581996.369200000539422 ], [ 584450.450010000029579, 8581980.309410000219941 ], [ 584438.95249000005424, 8581937.795509999617934 ], [ 584415.80874, 8581882.937049999833107 ], [ 584359.074279999942519, 8581844.872649999335408 ], [ 584336.809149999986403, 8581829.934520000591874 ], [ 584273.753400000045076, 8581791.187270000576973 ], [ 584231.498849999974482, 8581755.48340000025928 ], [ 584179.98141, 8581713.379529999569058 ], [ 584165.610089999972843, 8581700.429919999092817 ], [ 584151.160829999949783, 8581664.57897000014782 ], [ 584117.58126, 8581607.959909999743104 ], [ 584066.409899999969639, 8581577.166470000520349 ], [ 584045.13182, 8581558.999099999666214 ], [ 584033.933650000020862, 8581549.437829999253154 ], [ 584006.993430000031367, 8581511.157490000128746 ], [ 583977.602369999978691, 8581477.832930000498891 ], [ 583958.876580000040121, 8581466.755060000345111 ], [ 583936.962440000032075, 8581434.023840000852942 ], [ 583849.774880000040866, 8581355.161410000175238 ], [ 583788.494889999972656, 8581286.664119999855757 ], [ 583762.478469999972731, 8581250.272639999166131 ], [ 583746.558949999976903, 8581228.004540000110865 ], [ 583703.467150000040419, 8581195.964139999821782 ], [ 583663.32048, 8581139.93867 ], [ 583615.23754999996163, 8581105.439719999209046 ], [ 583590.811009999946691, 8581066.527760000899434 ], [ 583590.044920000014827, 8581024.44073 ], [ 583587.54695999994874, 8581022.592299999669194 ], [ 583584.425980000058189, 8581020.745950000360608 ], [ 583537.605360000045039, 8580991.194110000506043 ], [ 583505.135050000040792, 8580968.402179999276996 ], [ 583487.128230000031181, 8580967.442409999668598 ], [ 583452.829539999947883, 8580956.417430000379682 ], [ 583457.714030000031926, 8580927.309450000524521 ], [ 583468.815240000025369, 8580894.466490000486374 ], [ 583447.543139999965206, 8580867.304239999502897 ], [ 583445.670180000015534, 8580866.072599999606609 ], [ 583392.231939999968745, 8580849.615459999069571 ], [ 583369.803410000051372, 8580849.691570000723004 ], [ 583350.496159999980591, 8580849.75705000013113 ], [ 583335.01561, 8580877.044099999591708 ], [ 583297.606359999976121, 8580864.792859999462962 ], [ 583276.363770000054501, 8580846.459510000422597 ], [ 583228.552879999973811, 8580805.19615999981761 ], [ 583200.943929999950342, 8580764.365480000153184 ], [ 583199.788300000014715, 8580762.65646000020206 ], [ 583192.256569999968633, 8580751.517850000411272 ], [ 583191.001240000012331, 8580747.810019999742508 ], [ 583155.99812, 8580691.655920000746846 ], [ 583155.362760000047274, 8580689.183359999209642 ], [ 583145.77925999998115, 8580644.63074 ], [ 583168.71129, 8580619.154969999566674 ], [ 583192.36343999998644, 8580613.504039999097586 ], [ 583199.341810000012629, 8580596.660380000248551 ], [ 583173.742689999984577, 8580579.416009999811649 ], [ 583138.093329999945126, 8580542.39573 ], [ 583134.33771, 8580539.93099999986589 ], [ 583097.992390000028536, 8580494.282360000535846 ], [ 583089.047099999967031, 8580493.128000000491738 ], [ 583062.957049999968149, 8580489.761439999565482 ], [ 583047.736520000034943, 8580476.891580000519753 ], [ 583040.868430000031367, 8580457.678980000317097 ], [ 583035.397099999943748, 8580442.373749999329448 ], [ 583000.481909999973141, 8580396.354459999129176 ], [ 582962.140039999969304, 8580365.097209999337792 ], [ 582944.550640000030398, 8580330.998910000547767 ], [ 582944.548730000038631, 8580330.463640000671148 ], [ 582950.967070000013337, 8580313.72102 ], [ 582962.821420000051148, 8580282.798730000853539 ], [ 582955.838110000011511, 8580254.267179999500513 ], [ 582954.86757999996189, 8580250.30191 ], [ 582939.239769999985583, 8580224.888229999691248 ], [ 582886.547080000047572, 8580168.328099999576807 ], [ 582841.242949999985285, 8580123.951339999213815 ], [ 582837.900129999965429, 8580120.394670000299811 ], [ 582834.542720000026748, 8580116.823559999465942 ], [ 582809.626960000023246, 8580076.305290000513196 ], [ 582798.135439999983646, 8580056.536219999194145 ], [ 582787.422009999980219, 8580011.393279999494553 ], [ 582795.517770000034943, 8579986.711880000308156 ], [ 582784.531489999964833, 8579963.178980000317097 ], [ 582756.933459999971092, 8579949.503879999741912 ], [ 582729.436070000054315, 8579940.49070000089705 ], [ 582727.265290000010282, 8579940.237670000642538 ], [ 582693.973359999945387, 8579932.943980000913143 ], [ 582693.16038999997545, 8579932.410110000520945 ], [ 582671.022020000033081, 8579923.153640000149608 ], [ 582646.145080000045709, 8579895.599390000104904 ], [ 582645.057019999949262, 8579894.258099999278784 ], [ 582619.838989999960177, 8579872.042579999193549 ], [ 582619.027759999968112, 8579871.509139999747276 ], [ 582617.936630000011064, 8579869.897679999470711 ], [ 582605.955010000034235, 8579854.596349999308586 ], [ 582557.114859999972396, 8579789.398560000583529 ], [ 582555.689110000035726, 8579787.838190000504255 ], [ 582529.62474, 8579759.31410999968648 ], [ 582528.808809999958612, 8579758.508850000798702 ], [ 582527.718469999963418, 8579757.164139999076724 ], [ 582522.565629999968223, 8579751.20524 ], [ 582510.28034000005573, 8579736.99822000041604 ], [ 582473.925709999981336, 8579690.741730000823736 ], [ 582443.678319999948144, 8579650.378040000796318 ], [ 582421.39523000002373, 8579623.504300000146031 ], [ 582394.824230000027455, 8579581.599090000614524 ], [ 582368.498020000057295, 8579547.286909999325871 ], [ 582338.413610000046901, 8579525.57022999972105 ], [ 582310.44973, 8579496.28603 ], [ 582284.179950000019744, 8579457.117620000615716 ], [ 582273.376079999958165, 8579429.682560000568628 ], [ 582264.706179999979213, 8579407.666330000385642 ], [ 582224.009270000038669, 8579335.594380000606179 ], [ 582195.210180000052787, 8579309.3910499997437 ], [ 582176.71262, 8579285.808369999751449 ], [ 582164.270879999967292, 8579232.091830000281334 ], [ 582137.101490000030026, 8579163.930670000612736 ], [ 582136.649510000017472, 8579163.04005 ], [ 582099.488499999977648, 8579111.15447000041604 ], [ 582065.18585, 8579057.738889999687672 ], [ 582033.246339999954216, 8579039.110980000346899 ], [ 581994.198530000052415, 8578991.930970000103116 ], [ 581955.027200000011362, 8578959.052500000223517 ], [ 581952.774869999964722, 8578956.829630000516772 ], [ 581928.242790000047535, 8578951.993370000272989 ], [ 581917.900509999948554, 8578949.954460000619292 ], [ 581840.819249999942258, 8578897.709899999201298 ], [ 581812.510299999965355, 8578878.52245 ], [ 581801.581690000020899, 8578848.140259999781847 ], [ 581796.98202, 8578835.352949999272823 ], [ 581777.824679999961518, 8578805.238250000402331 ], [ 581706.13766, 8578773.933590000495315 ], [ 581704.323850000044331, 8578771.704220000654459 ], [ 581702.519169999985024, 8578770.368529999628663 ], [ 581671.632089999970049, 8578737.717739999294281 ], [ 581633.252480000024661, 8578700.427470000460744 ], [ 581595.866350000025705, 8578664.42035000026226 ], [ 581594.514940000022762, 8578663.086650000885129 ], [ 581550.841860000044107, 8578626.654689999297261 ], [ 581468.301899999962188, 8578536.657169999554753 ], [ 581427.26499000005424, 8578483.264639999717474 ], [ 581425.91218999994453, 8578481.484910000115633 ], [ 581375.914360000053421, 8578433.47584000043571 ], [ 581374.11699, 8578433.035819999873638 ], [ 581321.245390000054613, 8578387.818709999322891 ], [ 581248.302539999946021, 8578325.612730000168085 ], [ 581244.706400000024587, 8578324.286650000140071 ], [ 581170.053869999945164, 8578287.513690000399947 ], [ 581002.82068, 8578156.459519999101758 ], [ 580821.028790000011213, 8578033.519959999248385 ], [ 580733.71716, 8577966.963500000536442 ], [ 580605.880909999948926, 8577849.12504000030458 ], [ 580516.088989999960177, 8577762.92471 ], [ 580423.85488, 8577672.168579999357462 ], [ 580334.391580000054091, 8577584.726889999583364 ], [ 580249.233789999969304, 8577500.68076 ], [ 580175.32571, 8577427.73728 ], [ 580104.790350000024773, 8577357.488190000876784 ], [ 580012.38162, 8577263.817059999331832 ], [ 579930.27596, 8577182.783399999141693 ], [ 579854.16238999995403, 8577107.66543 ], [ 579806.78183, 8577044.596100000664592 ], [ 579762.79405999998562, 8576974.93597000092268 ], [ 579737.051190000027418, 8576934.168609999120235 ], [ 579732.456819999963045, 8576903.403349999338388 ], [ 579725.15807, 8576869.524730000644922 ], [ 579715.16113000002224, 8576834.316950000822544 ], [ 579698.058369999984279, 8576821.884239999577403 ], [ 579703.464400000055321, 8576808.76736 ], [ 579695.22372, 8576761.954980000853539 ], [ 579694.319660000037402, 8576760.17368 ], [ 579692.96077, 8576756.609570000320673 ], [ 579687.025570000056177, 8576727.633339999243617 ], [ 579675.718190000043251, 8576703.136369999498129 ], [ 579673.02148999995552, 8576702.25323 ], [ 579642.468480000039563, 8576695.219520000740886 ], [ 579613.209140000049956, 8576702.24227000027895 ], [ 579561.831179999979213, 8576644.424149999395013 ], [ 579512.745039999950677, 8576600.427249999716878 ], [ 579433.945829999982379, 8576544.122360000386834 ], [ 579393.93749000004027, 8576529.091140000149608 ], [ 579346.323010000050999, 8576521.669269999489188 ], [ 579334.105499999946915, 8576493.606550000607967 ], [ 579332.305109999957494, 8576492.274480000138283 ], [ 579323.262570000020787, 8576473.681099999696016 ], [ 579310.593149999971502, 8576444.727719999849796 ], [ 579277.342249999986961, 8576446.775340000167489 ], [ 579236.49980999995023, 8576450.483039999380708 ], [ 579235.15445000003092, 8576450.933660000562668 ], [ 579205.604249999974854, 8576474.677449999377131 ], [ 579195.85352, 8576511.736719999462366 ], [ 579174.576310000033118, 8576569.91935 ], [ 579152.131380000035278, 8576581.365399999544024 ], [ 579138.558689999976195, 8576588.286839999258518 ], [ 579103.253690000041388, 8576581.250329999253154 ], [ 579051.55981, 8576558.439829999580979 ], [ 578983.256780000054277, 8576524.254440000280738 ], [ 578969.077249999972992, 8576517.157619999721646 ], [ 578949.989670000039041, 8576505.503590000793338 ], [ 578893.258200000040233, 8576470.86565 ], [ 578797.140340000041761, 8576424.377909999340773 ], [ 578701.10566, 8576369.295910000801086 ], [ 578698.835680000018328, 8576367.993979999795556 ], [ 578634.36176, 8576319.631869999691844 ], [ 578633.120239999960177, 8576318.700519999489188 ], [ 578586.4041000000434, 8576261.312750000506639 ], [ 578553.247259999974631, 8576203.032160000875592 ], [ 578497.087840000051074, 8576181.83788999915123 ], [ 578493.05212, 8576180.963169999420643 ], [ 578436.397690000012517, 8576149.850980000570416 ], [ 578434.27015, 8576148.682679999619722 ], [ 578432.463190000038594, 8576146.458070000633597 ], [ 578431.077180000022054, 8576144.530559999868274 ], [ 578411.640340000041761, 8576117.499509999528527 ], [ 578384.505200000014156, 8576097.958510000258684 ], [ 578363.0899699999718, 8576082.536630000919104 ], [ 578362.81461, 8576081.230189999565482 ], [ 578253.850259999977425, 8576020.28387999907136 ], [ 578176.41744, 8575975.454350000247359 ], [ 578125.474769999971613, 8575983.60513 ], [ 578098.8454, 8575949.042899999767542 ], [ 578096.571080000023358, 8575992.077299999073148 ], [ 578088.875989999971353, 8576038.247740000486374 ], [ 578077.333409999962896, 8576067.104170000180602 ], [ 578054.248260000022128, 8576074.79923 ], [ 578035.010559999966063, 8576072.875539999455214 ], [ 578023.46794, 8576051.71404 ], [ 578020.646850000019185, 8576039.019330000504851 ], [ 578015.772890000022016, 8576017.086260000243783 ], [ 578010.001629999955185, 8575990.153529999777675 ], [ 577996.535219999961555, 8575968.99210000038147 ], [ 577981.145050000050105, 8575963.22078 ], [ 577936.898419999983162, 8575994.001129999756813 ], [ 577911.88944000005722, 8576019.01005999930203 ], [ 577911.065079999971204, 8576021.58610999956727 ], [ 577896.499350000056438, 8576067.104250000789762 ], [ 577893.473099999944679, 8576104.931190000846982 ], [ 577892.65177, 8576115.198370000347495 ], [ 577896.499339999980293, 8576136.35984 ], [ 577934.974679999984801, 8576182.530160000547767 ], [ 577977.297570000053383, 8576209.462920000776649 ], [ 578029.239210000028834, 8576221.005550000816584 ], [ 578085.028530000010505, 8576199.844070000573993 ], [ 578135.04640999995172, 8576178.68272 ], [ 578177.369270000024699, 8576194.072820000350475 ], [ 578206.225820000050589, 8576236.395649999380112 ], [ 578252.39622, 8576296.03247999958694 ], [ 578323.575579999946058, 8576357.592930000275373 ], [ 578379.364739999989979, 8576403.763390000909567 ], [ 578456.315429999958724, 8576421.077209999784827 ], [ 578539.037409999989904, 8576442.238730000331998 ], [ 578594.826639999984764, 8576465.323930000886321 ], [ 578615.988050000043586, 8576496.104129999876022 ], [ 578639.073270000051707, 8576538.426999999210238 ], [ 578637.149450000026263, 8576578.826139999553561 ], [ 578627.530619999975897, 8576609.606370000168681 ], [ 578614.06432, 8576634.615350000560284 ], [ 578579.436519999988377, 8576650.005529999732971 ], [ 578525.57103, 8576651.929239999502897 ], [ 578481.32441, 8576659.624350000172853 ], [ 578471.392660000012256, 8576662.934939999133348 ], [ 578435.154029999976046, 8576675.014510000124574 ], [ 578383.212350000045262, 8576711.566050000488758 ], [ 578362.05085, 8576755.812659999355674 ], [ 578350.508279999950901, 8576805.830579999834299 ], [ 578348.584559999988414, 8576844.305880000814795 ], [ 578352.432090000016615, 8576894.323820000514388 ], [ 578344.73699, 8576973.198270000517368 ], [ 578333.19435, 8577017.44493000023067 ], [ 578312.03289000003133, 8577050.148900000378489 ], [ 578283.176469999947585, 8577067.462840000167489 ], [ 578246.624880000017583, 8577071.310389999300241 ], [ 578215.844599999953061, 8577069.386630000546575 ], [ 578165.826699999975972, 8577053.996510000899434 ], [ 578115.80871000001207, 8577046.301419999450445 ], [ 578046.553169999970123, 8577053.996449999511242 ], [ 577988.840130000025965, 8577079.00548000074923 ], [ 577940.74601, 8577121.328309999778867 ], [ 577883.033000000054017, 8577159.803680000826716 ], [ 577813.777389999944717, 8577190.583909999579191 ], [ 577752.216830000048503, 8577217.51664 ], [ 577681.037540000048466, 8577219.440439999103546 ], [ 577636.79085, 8577215.592909999191761 ], [ 577611.781899999943562, 8577198.278999999165535 ], [ 577602.1631, 8577163.651179999113083 ], [ 577582.92539999994915, 8577123.252110000699759 ], [ 577552.14512, 8577090.548030000180006 ], [ 577479.042000000015832, 8577063.615350000560284 ], [ 577377.08238000003621, 8577046.301449999213219 ], [ 577257.808839999954216, 8577040.530120000243187 ], [ 577235.878350000013597, 8577036.418230000883341 ], [ 577196.248269999981858, 8577028.987500000745058 ], [ 577151.966290000011213, 8577028.987530000507832 ], [ 577150.07785999996122, 8577028.987560000270605 ], [ 577090.44114, 8577048.225129999220371 ], [ 577026.95681, 8577077.081690000370145 ], [ 577003.871659999946132, 8577082.853029999881983 ], [ 576992.361120000015944, 8577082.247209999710321 ], [ 576979.079279999947175, 8577081.548070000484586 ], [ 576966.48375000001397, 8577081.243620000779629 ], [ 576930.76853, 8577102.09069 ], [ 576901.912050000042655, 8577144.413559999316931 ], [ 576897.102629999979399, 8577164.61314 ], [ 576892.29319, 8577184.812610000371933 ], [ 576898.064529999974184, 8577234.830600000917912 ], [ 576932.692309999954887, 8577300.238569999113679 ], [ 576971.16761999996379, 8577373.341730000451207 ], [ 576988.48147, 8577419.51217 ], [ 576996.1766, 8577473.377590000629425 ], [ 577003.871649999986403, 8577506.081679999828339 ], [ 577025.033090000040829, 8577550.328220000490546 ], [ 577048.118280000053346, 8577606.117520000785589 ], [ 577096.21245, 8577717.695939999073744 ], [ 577111.60262000001967, 8577763.866319999098778 ], [ 577110.655550000024959, 8577771.916950000450015 ], [ 577109.409819999942556, 8577782.505200000479817 ], [ 577107.75506, 8577796.570420000702143 ], [ 577098.136240000021644, 8577829.274420000612736 ], [ 577088.145679999957792, 8577844.736120000481606 ], [ 577017.338059999980032, 8577954.31921000033617 ], [ 577000.213819999946281, 8577984.271500000730157 ], [ 576994.092719999956898, 8577994.97812999971211 ], [ 576993.721340000047348, 8577995.62768 ], [ 576993.546760000055656, 8577996.064670000225306 ], [ 576978.862669999944046, 8578046.66003 ], [ 576973.72982, 8578069.757829999551177 ], [ 576967.320120000047609, 8578098.601709999144077 ], [ 576976.938970000017434, 8578167.85733 ], [ 577003.871670000022277, 8578264.0457300003618 ], [ 577026.956849999958649, 8578360.233999999240041 ], [ 577059.660890000057407, 8578421.79452 ], [ 577103.907510000048205, 8578481.431350000202656 ], [ 577112.22858, 8578489.018209999427199 ], [ 577169.315560000017285, 8578541.068050000816584 ], [ 577184.705659999977797, 8578606.476159999147058 ], [ 577175.08687999995891, 8578666.1129 ], [ 577132.764059999957681, 8578712.283260000869632 ], [ 577076.974799999967217, 8578744.987339999526739 ], [ 577013.490499999956228, 8578760.377520000562072 ], [ 576944.234930000035092, 8578764.224980000406504 ], [ 576878.826819999958389, 8578754.606219999492168 ], [ 576861.705519999959506, 8578747.650650000199676 ], [ 576844.584219999960624, 8578740.695070000365376 ], [ 576844.579269999987446, 8578740.693059999495745 ], [ 576837.50956000003498, 8578747.723230000585318 ], [ 576813.241909999982454, 8578923.508500000461936 ], [ 576166.974380000028759, 8579147.451489999890327 ], [ 576079.052110000047833, 8579177.918099999427795 ], [ 576011.94308999995701, 8579201.885940000414848 ], [ 575567.87609000003431, 8579360.480960000306368 ], [ 574462.717369999969378, 8579718.691600000485778 ], [ 574462.732919999980368, 8579718.730210000649095 ], [ 574514.517680000048131, 8579847.298860000446439 ], [ 574528.945790000027046, 8579881.926640000194311 ], [ 574543.374040000024252, 8579916.55442 ], [ 574560.299439999973401, 8579960.98367 ], [ 574560.371599999954924, 8579960.956180000677705 ], [ 575005.421530000050552, 8579796.33237 ], [ 575892.845779999974184, 8579490.662730000913143 ], [ 576048.35517, 8579437.098160000517964 ], [ 576088.387209999957122, 8579595.752380000427365 ], [ 576088.565550000057556, 8579642.464509999379516 ], [ 576134.5538, 8579690.505790000781417 ], [ 576166.156459999969229, 8579738.49993 ], [ 576196.468130000052042, 8579805.501350000500679 ], [ 576211.10702, 8579880.021789999678731 ], [ 576216.38908, 8579974.953500000759959 ], [ 576183.3565, 8580197.700260000303388 ], [ 576176.937640000018291, 8580249.044290000572801 ], [ 576137.742680000024848, 8580295.78762000054121 ], [ 576097.632280000019819, 8580385.585659999400377 ], [ 576087.260069999960251, 8580499.651289999485016 ], [ 576018.859150000032969, 8580710.004000000655651 ], [ 575953.43348, 8580766.656509999185801 ], [ 575854.211149999988265, 8580795.07969 ], [ 575854.844980000052601, 8580874.414279999211431 ], [ 575837.372089999960735, 8580992.12586 ], [ 575970.923410000046715, 8580997.072890000417829 ], [ 576130.70504000002984, 8581186.628159999847412 ], [ 576233.82605000003241, 8581371.774989999830723 ], [ 576246.04125, 8581481.72795999981463 ], [ 576268.88882, 8581599.665020000189543 ], [ 576250.301809999975376, 8581622.525070000439882 ], [ 576177.54125, 8581613.264629999175668 ], [ 576076.999380000052042, 8581625.170910000801086 ], [ 576017.46800999995321, 8581696.608549999073148 ], [ 575984.907660000026226, 8581747.706310000270605 ], [ 575955.186070000054315, 8581901.60592 ], [ 575553.01859999995213, 8581823.289100000634789 ], [ 575442.951710000052117, 8581907.955930000171065 ], [ 575370.984900000039488, 8582009.55614 ], [ 575370.984900000039488, 8582238.15658999979496 ], [ 575669.43550000002142, 8582672.074130000546575 ], [ 575930.03128, 8582883.343399999663234 ], [ 576472.779480000026524, 8583132.265149999409914 ], [ 576497.066529999952763, 8583418.935680000111461 ], [ 576473.453130000038072, 8583585.759400000795722 ], [ 576561.097790000028908, 8583699.584820000454783 ], [ 576599.47878, 8583734.425310000777245 ], [ 576559.13277000002563, 8583806.263390000909567 ], [ 576497.55980000004638, 8584004.462300000712276 ], [ 576482.775400000042282, 8584052.052200000733137 ], [ 576487.009420000016689, 8584146.682730000466108 ], [ 576643.446770000038669, 8584185.318749999627471 ], [ 576824.743039999972098, 8584230.59698 ], [ 576954.265069999964908, 8584344.711370000615716 ], [ 577356.42069000005722, 8584671.3004 ], [ 577575.518019999959506, 8584726.02592 ], [ 577587.951770000043325, 8584876.47804999910295 ], [ 577542.742979999980889, 8585003.234190000221133 ], [ 577543.407460000016727, 8585144.955860000103712 ], [ 577620.80617999995593, 8585278.755459999665618 ], [ 577689.570919999969192, 8585445.331380000337958 ], [ 577641.209610000019893, 8585572.856760000810027 ], [ 577643.770419999957085, 8585632.228150000795722 ], [ 577652.519160000025295, 8585689.6386300008744 ], [ 577664.417359999963082, 8585763.94391000084579 ], [ 577847.04709, 8585833.515769999474287 ], [ 577758.01347, 8586014.275119999423623 ], [ 577742.271109999972396, 8586071.778920000419021 ], [ 577692.39469999994617, 8586122.755470000207424 ], [ 577617.685900000040419, 8586281.824680000543594 ], [ 577508.671669999952428, 8586431.788599999621511 ], [ 577498.869610000052489, 8586515.788620000705123 ], [ 577538.76804, 8586650.55409000068903 ], [ 577494.873709999956191, 8586780.210589999333024 ], [ 577457.45265999995172, 8586900.825419999659061 ], [ 577476.484339999966323, 8587008.269829999655485 ], [ 577535.567449999973178, 8587074.251070000231266 ], [ 577586.02367000002414, 8587163.079089999198914 ], [ 577641.169329999946058, 8587303.778359999880195 ], [ 577686.577230000053532, 8587373.541869999840856 ], [ 577786.096789999981411, 8587449.722920000553131 ], [ 577929.332459999946877, 8587549.928530000150204 ], [ 577956.926029999973252, 8587534.569849999621511 ], [ 578047.630159999942407, 8587696.545399999246001 ], [ 578040.636749999946915, 8587705.798769999295473 ], [ 578060.910090000019409, 8587721.245559999719262 ], [ 578065.11144999996759, 8587722.21714000031352 ], [ 578079.82756, 8587725.620309999212623 ], [ 578089.995450000045821, 8587725.795239999890327 ], [ 578109.4769, 8587726.449489999562502 ], [ 578104.581460000015795, 8587759.346270000562072 ], [ 578088.769040000042878, 8587803.423720000311732 ], [ 578030.891670000040904, 8587900.745130000635982 ], [ 578010.80131, 8587957.067290000617504 ], [ 577989.598759999964386, 8587983.973759999498725 ], [ 577919.060090000042692, 8588079.803910000249743 ], [ 577779.207979999948293, 8588172.583189999684691 ], [ 577696.522480000043288, 8588260.132670000195503 ], [ 577654.444009999977425, 8588387.393249999731779 ], [ 577608.661549999960698, 8588423.391270000487566 ], [ 577490.838770000031218, 8588475.43851999938488 ], [ 577323.073199999984354, 8588522.502620000392199 ], [ 577211.373920000041835, 8588582.453360000625253 ], [ 577188.730809999979101, 8588598.186920000240207 ], [ 577062.05417999997735, 8588686.204430000856519 ], [ 576951.355540000018664, 8588713.377180000767112 ], [ 576835.980729999952018, 8588656.284770000725985 ], [ 576702.78203, 8588598.652669999748468 ], [ 576631.229730000020936, 8588367.086069999262691 ], [ 576389.451929999981076, 8588177.412869999185205 ], [ 576223.790930000017397, 8588040.426069999113679 ], [ 576168.029729999951087, 8587967.211969999596477 ], [ 576127.527129999944009, 8587843.90577 ], [ 576012.94652999995742, 8587720.005370000377297 ], [ 575868.85933, 8587677.02207 ], [ 575763.05472999997437, 8587467.997570000588894 ], [ 575681.786929999943823, 8587345.399170000106096 ], [ 575699.596230000024661, 8587119.727569999173284 ], [ 575760.098329999949783, 8586900.557970000430942 ], [ 575742.449430000036955, 8586857.530370000749826 ], [ 575565.864930000039749, 8586773.250670000910759 ], [ 575500.386030000052415, 8586725.001870000734925 ], [ 575397.575730000040494, 8586719.539070000872016 ], [ 575319.885529999970458, 8586674.683569999411702 ], [ 575269.071430000010878, 8586616.869270000606775 ], [ 575237.054630000027828, 8586566.3444699998945 ], [ 575317.755729999975301, 8586041.803770000115037 ], [ 575137.295730000012554, 8585797.452770000323653 ], [ 575016.53923, 8585729.75806999951601 ], [ 574929.201630000025034, 8585765.55827 ], [ 574841.433429999975488, 8585708.746169999241829 ], [ 574780.378129999968223, 8585710.647569999098778 ], [ 574480.308139999979176, 8585837.713369999080896 ], [ 574474.393640000023879, 8585790.73037 ], [ 574391.126840000040829, 8585706.064969999715686 ], [ 574161.198740000021644, 8585614.980769999325275 ], [ 574105.379839999950491, 8585570.152969999238849 ], [ 573672.503140000044368, 8585647.499570000916719 ], [ 573457.048139999969862, 8585670.002669999375939 ], [ 573289.874539999989793, 8585650.315670000389218 ], [ 573176.462040000013076, 8585667.29746999964118 ], [ 573124.19464, 8585635.529570000246167 ], [ 573099.384639999945648, 8585556.599969999864697 ], [ 573004.684140000026673, 8585386.58017 ], [ 572981.40044, 8585379.665270000696182 ], [ 572957.650140000041574, 8585377.114269999787211 ], [ 572942.484539999975823, 8585418.00126999989152 ], [ 572938.213190000038594, 8585422.800850000232458 ], [ 572875.200410000048578, 8585502.097659999504685 ], [ 572780.33273000002373, 8585600.205940000712872 ], [ 572775.398939999984577, 8585605.7498700004071 ], [ 572602.851239999989048, 8585735.376770000904799 ], [ 572556.232899999944493, 8585798.40718 ], [ 572537.223819999955595, 8585876.755340000614524 ], [ 572518.265310000046156, 8585974.659879999235272 ], [ 572518.538199999951757, 8586080.348330000415444 ], [ 572419.40315999998711, 8586374.207350000739098 ], [ 572410.038109999964945, 8586481.726870000362396 ], [ 572384.143810000037774, 8586514.012679999694228 ], [ 572357.551899999962188, 8586556.419539999216795 ], [ 572338.04053, 8586609.966639999300241 ], [ 572337.726009999983944, 8586610.840159999206662 ], [ 572337.655690000043251, 8586611.023210000246763 ], [ 572337.051699999952689, 8586611.123080000281334 ], [ 572263.04906, 8586773.271919999271631 ], [ 572236.148700000019744, 8586858.206630000844598 ], [ 572209.24835, 8586943.141340000554919 ], [ 572172.682630000053905, 8587035.99522 ], [ 572136.116909999982454, 8587128.84908 ], [ 572055.195829999982379, 8587298.787760000675917 ], [ 571885.450880000018515, 8587579.47580000013113 ], [ 571715.521279999986291, 8587789.112950000911951 ], [ 571584.21074, 8587951.283700000494719 ], [ 571511.07227, 8588136.989569999277592 ], [ 571484.484189999988303, 8588346.260250000283122 ], [ 571481.161399999982677, 8588563.366140000522137 ], [ 571485.316439999965951, 8588673.877860000357032 ], [ 571469.979530000011437, 8588737.072359999641776 ], [ 571460.892830000026152, 8588784.990879999473691 ], [ 571469.468439999967813, 8588805.49468999914825 ], [ 571471.062290000030771, 8588822.8585 ], [ 571461.792030000011437, 8588833.934229999780655 ], [ 571442.426229999982752, 8588836.35181999951601 ], [ 571401.332309999968857, 8588826.193189999088645 ], [ 571377.319460000027902, 8588829.411930000409484 ], [ 571364.1668, 8588837.339630000293255 ], [ 571359.9337199999718, 8588853.323769999668002 ], [ 571354.83961000002455, 8588863.52947000041604 ], [ 571352.236780000035651, 8588878.724050000309944 ], [ 571349.737300000037067, 8588899.023830000311136 ], [ 571349.744169999961741, 8588918.692849999293685 ], [ 571362.879229999962263, 8588940.76028 ], [ 571366.026790000032634, 8588959.698960000649095 ], [ 571359.869870000053197, 8588976.292910000309348 ], [ 571338.960420000017621, 8588981.082650000229478 ], [ 571320.356099999975413, 8588977.931260000914335 ], [ 571299.129489999962971, 8588959.802680000662804 ], [ 571282.587000000057742, 8588955.107939999550581 ], [ 571267.60216, 8588953.566959999501705 ], [ 571258.310459999949671, 8588956.222009999677539 ], [ 571248.036820000037551, 8588967.71923 ], [ 571242.936179999960586, 8588975.326020000502467 ], [ 571243.44417000003159, 8589001.52111 ], [ 571247.344019999960437, 8589014.542460000142455 ], [ 571255.90203, 8589025.172860000282526 ], [ 571269.870940000051633, 8589033.55827 ], [ 571289.534439999959432, 8589046.665999999269843 ], [ 571308.194000000017695, 8589071.354650000110269 ], [ 571321.719419999979436, 8589108.582210000604391 ], [ 571301.148189999978058, 8589144.948710000142455 ], [ 571279.482420000014827, 8589157.108370000496507 ], [ 571262.44976999994833, 8589162.940840000286698 ], [ 571247.470149999950081, 8589163.50495 ], [ 571237.84519000002183, 8589158.423180000856519 ], [ 571232.748529999982566, 8589153.330509999766946 ], [ 571236.03333, 8589135.113970000296831 ], [ 571248.394119999953546, 8589120.34626 ], [ 571251.97163000004366, 8589105.074580000713468 ], [ 571244.712829999974929, 8589094.567069999873638 ], [ 571227.655009999987669, 8589090.399900000542402 ], [ 571213.70718000002671, 8589090.435189999639988 ], [ 571200.313420000020415, 8589105.205269999802113 ], [ 571188.461220000055619, 8589116.813850000500679 ], [ 571159.06386, 8589135.83481 ], [ 571134.301160000031814, 8589149.054789999499917 ], [ 571101.79897, 8589165.97842999920249 ], [ 571063.08048, 8589176.075869999825954 ], [ 571034.1677, 8589182.464269999414682 ], [ 571015.083319999976084, 8589194.091010000556707 ], [ 571013.57499, 8589202.952640000730753 ], [ 571023.93156000005547, 8589220.38349 ], [ 571045.665309999953024, 8589235.064969999715686 ], [ 571060.715360000031069, 8589262.394290000200272 ], [ 571072.716460000025108, 8589309.730660000815988 ], [ 571073.312660000054166, 8589341.307 ], [ 571053.748879999970086, 8589367.671180000528693 ], [ 571016.622250000014901, 8589394.605939999222755 ], [ 570995.28232, 8589433.737239999696612 ], [ 570982.420539999962784, 8589480.346909999847412 ], [ 570985.609569999971427, 8589515.863830000162125 ], [ 570983.36054000002332, 8589545.868310000747442 ], [ 570976.436370000010356, 8589565.621910000219941 ], [ 570953.271279999986291, 8589598.047520000487566 ], [ 570940.950659999973141, 8589628.866879999637604 ], [ 570937.95048, 8589668.346620000898838 ], [ 570942.661530000041239, 8589692.807420000433922 ], [ 570955.09952000004705, 8589708.564999999478459 ], [ 570974.50364, 8589721.14731 ], [ 570999.327960000024177, 8589732.136919999495149 ], [ 571014.859530000016093, 8589745.518370000645518 ], [ 571020.341529999976046, 8589768.39841 ], [ 571021.267759999958798, 8589828.393799999728799 ], [ 571026.07224, 8589889.958219999447465 ], [ 571023.054439999978058, 8589922.33306 ], [ 571017.695809999946505, 8589948.398259999230504 ], [ 570995.27943, 8589970.559110000729561 ], [ 570972.894940000027418, 8590005.351059999316931 ], [ 570952.02443, 8590025.92918 ], [ 570921.149749999982305, 8590074.163060000166297 ], [ 570895.703179999953136, 8590123.96203999966383 ], [ 570890.931989999953657, 8590151.924019999802113 ], [ 570888.830420000012964, 8590164.24089 ], [ 570885.138619999983348, 8590236.879079999402165 ], [ 570872.916779999970458, 8590307.170169999822974 ], [ 570854.49980999995023, 8590379.055859999731183 ], [ 570840.58507999998983, 8590392.511439999565482 ], [ 570813.507089999970049, 8590409.947310000658035 ], [ 570799.60433, 8590428.1393500007689 ], [ 570784.964260000037029, 8590461.332739999517798 ], [ 570785.816469999961555, 8590492.118890000507236 ], [ 570785.116950000054203, 8590522.119540000334382 ], [ 570789.917200000025332, 8590582.105159999802709 ], [ 570790.747590000042692, 8590604.207399999722838 ], [ 570796.99052, 8590621.559539999812841 ], [ 570812.570169999962673, 8590653.887599999085069 ], [ 570825.042200000025332, 8590683.065640000626445 ], [ 570837.99494, 8590747.61655000038445 ], [ 570836.681590000051074, 8590765.143929999321699 ], [ 570827.47332, 8590782.592499999329448 ], [ 570802.077569999964908, 8590795.750530000776052 ], [ 570783.521809999947436, 8590812.638639999553561 ], [ 570772.725719999987632, 8590833.71758 ], [ 570770.05744, 8590856.185149999335408 ], [ 570770.100149999954738, 8590873.1963 ], [ 570777.070120000047609, 8590917.913869999349117 ], [ 570772.57256, 8590978.449230000376701 ], [ 570775.750160000054166, 8591009.492520000785589 ], [ 570775.801420000032522, 8591029.912629999220371 ], [ 570773.260570000042208, 8591046.76052 ], [ 570765.019760000053793, 8591056.78087 ], [ 570756.603050000034273, 8591059.086249999701977 ], [ 570738.653889999957755, 8591049.478779999539256 ], [ 570716.904699999955483, 8591029.11321 ], [ 570699.955169999971986, 8591006.47401 ], [ 570696.970429999986663, 8590997.107109999284148 ], [ 570693.797239999985322, 8590988.997230000793934 ], [ 570685.795170000055805, 8590984.350889999419451 ], [ 570675.190210000029765, 8590985.465150000527501 ], [ 570670.855800000019372, 8590987.581229999661446 ], [ 570665.667179999989457, 8590992.400970000773668 ], [ 570657.257570000016131, 8591010.05174 ], [ 570658.87899, 8591030.583259999752045 ], [ 570653.23777, 8591047.175580000504851 ], [ 570643.011530000017956, 8591059.42043000087142 ], [ 570627.489309999975376, 8591080.13357999920845 ], [ 570621.322090000030585, 8591093.043190000578761 ], [ 570622.139929999946617, 8591110.145740000531077 ], [ 570624.74442, 8591119.922669999301434 ], [ 570638.472090000053868, 8591133.52496 ], [ 570654.251479999977164, 8591142.432579999789596 ], [ 570684.48086000001058, 8591145.251320000737906 ], [ 570708.01211000001058, 8591155.191980000585318 ], [ 570728.752459999988787, 8591164.055379999801517 ], [ 570751.474129999987781, 8591181.397700000554323 ], [ 570760.80183999997098, 8591192.689659999683499 ], [ 570765.220760000054725, 8591203.730730000883341 ], [ 570768.453839999972843, 8591217.909709999337792 ], [ 570766.389399999985471, 8591257.673110000789165 ], [ 570770.573190000024624, 8591277.924920000135899 ], [ 570778.609960000030696, 8591289.483219999819994 ], [ 570792.591999999945983, 8591302.857310000807047 ], [ 570803.085100000025705, 8591315.210330000147223 ], [ 570816.688489999971353, 8591331.951759999617934 ], [ 570833.217019999981858, 8591356.251490000635386 ], [ 570838.023260000045411, 8591366.138450000435114 ], [ 570842.766199999954551, 8591375.895390000194311 ], [ 570878.233389999950305, 8591409.754580000415444 ], [ 570897.995849999948405, 8591436.019770000129938 ], [ 570913.915200000046752, 8591474.79397 ], [ 570941.881449999986216, 8591553.338989999145269 ], [ 570951.338880000053905, 8591590.484820000827312 ], [ 570950.803940000012517, 8591634.56343 ], [ 570944.092670000041835, 8591662.210759999230504 ], [ 570930.357880000025034, 8591686.857279999181628 ], [ 570911.610409999964759, 8591713.935249999165535 ], [ 570899.724419999984093, 8591738.306150000542402 ], [ 570895.087380000040866, 8591751.62359 ], [ 570883.373449999955483, 8591784.727120000869036 ], [ 570875.671899999957532, 8591803.824559999629855 ], [ 570864.86286, 8591838.212969999760389 ], [ 570858.11687000002712, 8591857.061620000749826 ], [ 570850.376900000032037, 8591878.68682000041008 ], [ 570820.096069999970496, 8591917.446569999679923 ], [ 570806.560719999950379, 8591928.00650000013411 ], [ 570791.390520000015385, 8591930.347079999744892 ], [ 570782.33531, 8591924.777869999408722 ], [ 570766.781809999956749, 8591903.10717000067234 ], [ 570759.60728, 8591874.836929999291897 ], [ 570756.322960000019521, 8591852.806439999490976 ], [ 570747.234889999963343, 8591834.080040000379086 ], [ 570734.946669999975711, 8591826.87432000041008 ], [ 570719.444490000023507, 8591825.597480000928044 ], [ 570699.527589999954216, 8591836.200570000335574 ], [ 570693.675569999963045, 8591850.661000000312924 ], [ 570688.545430000056513, 8591865.146919999271631 ], [ 570684.721060000010766, 8591885.221510000526905 ], [ 570684.794409999973141, 8591914.496479999274015 ], [ 570682.278889999957755, 8591941.47542 ], [ 570678.446869999985211, 8591958.589609999209642 ], [ 570676.86777999997139, 8591972.737849999219179 ], [ 570671.750080000027083, 8591992.157759999856353 ], [ 570658.313710000016727, 8592042.189360000193119 ], [ 570653.833469999954104, 8592058.31836000084877 ], [ 570643.303719999967143, 8592082.74302 ], [ 570628.124369999975897, 8592107.393969999626279 ], [ 570605.652890000026673, 8592133.409169999882579 ], [ 570580.936280000023544, 8592151.995799999684095 ], [ 570560.114640000043437, 8592169.191609999164939 ], [ 570540.502499999944121, 8592190.175669999793172 ], [ 570524.734000000054948, 8592211.59578 ], [ 570502.160660000052303, 8592237.10717000067234 ], [ 570486.617880000034347, 8592265.771299999207258 ], [ 570474.265490000019781, 8592302.507680000737309 ], [ 570466.285000000032596, 8592339.368279999122024 ], [ 570455.031979999970645, 8592358.80346 ], [ 570444.717870000051335, 8592366.394750000908971 ], [ 570432.460919999983162, 8592371.68826000019908 ], [ 570417.279579999973066, 8592369.752429999411106 ], [ 570399.998799999943003, 8592362.31283999979496 ], [ 570385.840949999983422, 8592351.17447 ], [ 570372.603720000013709, 8592323.484169999137521 ], [ 570359.29666, 8592296.215949999168515 ], [ 570345.06357, 8592286.054379999637604 ], [ 570328.586729999980889, 8592282.47724 ], [ 570309.23575, 8592291.735600000247359 ], [ 570289.542359999963082, 8592314.20456999912858 ], [ 570272.12554000003729, 8592346.31948 ], [ 570254.762280000024475, 8592392.681900000199676 ], [ 570253.47242, 8592404.058080000802875 ], [ 570252.548210000037216, 8592412.208949999883771 ], [ 570256.92808999994304, 8592422.452719999477267 ], [ 570268.894379999954253, 8592429.988350000232458 ], [ 570310.559200000017881, 8592434.160800000652671 ], [ 570344.153380000032485, 8592439.011 ], [ 570358.700990000041202, 8592445.882249999791384 ], [ 570379.73153, 8592462.605599999427795 ], [ 570414.993540000054054, 8592488.832350000739098 ], [ 570441.840390000026673, 8592507.185629999265075 ], [ 570468.373340000049211, 8592529.15798999927938 ], [ 570481.636240000021644, 8592538.66402 ], [ 570485.85202, 8592545.889909999445081 ], [ 570482.016610000049695, 8592561.68836 ], [ 570471.595229999977164, 8592575.437300000339746 ], [ 570448.769740000017919, 8592618.374329999089241 ], [ 570427.15824000001885, 8592653.558399999514222 ], [ 570406.698349999962375, 8592684.397779999300838 ], [ 570395.87526, 8592695.082110000774264 ], [ 570374.86632999998983, 8592706.163079999387264 ], [ 570342.084690000046976, 8592723.24142000079155 ], [ 570327.329260000027716, 8592738.116629999130964 ], [ 570309.898769999970682, 8592764.886269999668002 ], [ 570304.590199999976903, 8592780.156519999727607 ], [ 570307.00824, 8592797.536299999803305 ], [ 570318.705629999982193, 8592826.716469999402761 ], [ 570324.14523000002373, 8592832.623740000650287 ], [ 570324.941910000052303, 8592841.30559 ], [ 570315.371129999984987, 8592873.253310000523925 ], [ 570314.94678, 8592888.219550000503659 ], [ 570313.843340000021271, 8592896.988849999383092 ], [ 570306.88827, 8592904.90059999935329 ], [ 570295.2685, 8592906.903030000627041 ], [ 570285.569479999947362, 8592902.190680000931025 ], [ 570276.58719, 8592888.315060000866652 ], [ 570271.15382, 8592870.64894999936223 ], [ 570266.066319999983534, 8592850.530840000137687 ], [ 570257.915329999988899, 8592845.02489 ], [ 570246.691020000027493, 8592850.184250000864267 ], [ 570233.560580000048503, 8592867.979380000382662 ], [ 570232.048900000052527, 8592883.377310000360012 ], [ 570237.089049999951385, 8592899.435189999639988 ], [ 570252.28865, 8592919.641170000657439 ], [ 570276.73491, 8592933.395579999312758 ], [ 570287.22941000002902, 8592946.395199999213219 ], [ 570288.853099999949336, 8592975.995279999449849 ], [ 570282.7143, 8593000.483249999582767 ], [ 570272.71216, 8593029.71734 ], [ 570267.746449999976903, 8593058.544299999251962 ], [ 570264.283670000033453, 8593068.42107000015676 ], [ 570256.164050000021234, 8593075.546189999207854 ], [ 570245.213179999962449, 8593074.135320000350475 ], [ 570232.498619999969378, 8593064.158239999786019 ], [ 570214.662359999958426, 8593059.465870000422001 ], [ 570201.103110000025481, 8593060.683800000697374 ], [ 570193.370950000011362, 8593067.807940000668168 ], [ 570190.302370000048541, 8593080.44661 ], [ 570193.03261, 8593101.15264 ], [ 570214.854750000056811, 8593136.830560000613332 ], [ 570241.31403, 8593180.973400000482798 ], [ 570254.57426000002306, 8593215.281239999458194 ], [ 570256.632519999984652, 8593263.82668000087142 ], [ 570246.66177, 8593305.691929999738932 ], [ 570240.517089999979362, 8593326.509829999879003 ], [ 570221.440049999975599, 8593421.7036799993366 ], [ 570199.14781, 8593495.177139999344945 ], [ 570174.240280000027269, 8593555.765140000730753 ], [ 570150.84284000005573, 8593635.467229999601841 ], [ 570133.404480000026524, 8593704.147479999810457 ], [ 570125.64538, 8593745.28855000063777 ], [ 570121.643939999979921, 8593761.76083 ], [ 570112.866509999963455, 8593790.333659999072552 ], [ 570106.317109999945387, 8593827.176699999719858 ], [ 570104.462150000035763, 8593838.397439999505877 ], [ 570100.037460000021383, 8593865.627389999106526 ], [ 570098.827629999956116, 8593873.570380000397563 ], [ 570093.752310000010766, 8593911.887690000236034 ], [ 570096.897890000022016, 8593983.700060000643134 ], [ 570094.698229999979958, 8594034.229650000110269 ], [ 570088.571619999944232, 8594063.848929999396205 ], [ 570070.056489999988116, 8594098.235540000721812 ], [ 570050.76353, 8594131.439859999343753 ], [ 570030.280559999984689, 8594153.59497999958694 ], [ 570012.235910000046715, 8594175.779999999329448 ], [ 570007.131999999983236, 8594194.703129999339581 ], [ 569991.72754, 8594233.423879999667406 ], [ 569977.445530000026338, 8594255.9583 ], [ 569956.217210000031628, 8594271.589579999446869 ], [ 569927.96281000005547, 8594303.841889999806881 ], [ 569912.99731, 8594326.048180000856519 ], [ 569908.358220000052825, 8594340.498400000855327 ], [ 569901.39275, 8594371.799459999427199 ], [ 569896.398150000022724, 8594389.179439999163151 ], [ 569885.206129999947734, 8594407.75895999930799 ], [ 569873.941069999942556, 8594411.561499999836087 ], [ 569849.659929999965243, 8594416.53706 ], [ 569843.728299999958836, 8594421.386639999225736 ], [ 569830.253060000017285, 8594437.498849999159575 ], [ 569817.110100000048988, 8594450.557040000334382 ], [ 569804.3397699999623, 8594457.693600000813603 ], [ 569777.223940000054426, 8594461.707669999450445 ], [ 569772.558259999961592, 8594470.119969999417663 ], [ 569751.385260000010021, 8594484.253270000219345 ], [ 569722.328459999989718, 8594511.362970000132918 ], [ 569710.514659999986179, 8594526.545469999313354 ], [ 569692.555459999945015, 8594558.81266999989748 ], [ 569666.73445999994874, 8594610.432369999587536 ], [ 569651.973359999945387, 8594632.305169999599457 ], [ 569628.93316000001505, 8594665.262369999662042 ], [ 569622.180060000042431, 8594687.498570000752807 ], [ 569622.577260000049137, 8594723.632370000705123 ], [ 569628.369859999977052, 8594733.019969999790192 ], [ 569647.47531, 8594742.625819999724627 ], [ 569672.458860000013374, 8594757.751469999551773 ], [ 569674.43675999995321, 8594821.153069999068975 ], [ 569681.316959999967366, 8594867.69197 ], [ 569670.482010000036098, 8594941.261779999360442 ], [ 569669.286760000046343, 8594970.579369999468327 ], [ 569663.867059999960475, 8595001.911569999530911 ], [ 569670.421259999973699, 8595031.765869999304414 ], [ 569690.583160000038333, 8595052.52187000028789 ], [ 569705.53816, 8595080.082469999790192 ], [ 569708.468089999980293, 8595119.989819999784231 ], [ 569719.966359999962151, 8595137.865289999172091 ], [ 569738.55836000002455, 8595160.684590000659227 ], [ 569785.74838, 8595205.223489999771118 ], [ 569798.208669999963604, 8595208.935070000588894 ], [ 569825.809770000050776, 8595211.539920000359416 ], [ 569855.825979999965057, 8595235.715369999408722 ], [ 569800.922200000029989, 8595287.192940000444651 ], [ 569844.18172999995295, 8595341.140119999647141 ], [ 569886.226320000016131, 8595393.572200000286102 ], [ 569889.21949000004679, 8595391.672410000115633 ], [ 569893.782759999972768, 8595393.24087000079453 ], [ 569922.81646, 8595396.180169999599457 ], [ 569954.274459999985993, 8595397.659770000725985 ], [ 569975.086959999985993, 8595396.719869999215007 ], [ 569991.050859999959357, 8595399.14927 ], [ 570020.076460000011139, 8595414.656069999560714 ], [ 570053.469139999942854, 8595425.56494 ], [ 570027.52495, 8595470.608859999105334 ], [ 570123.48676, 8595474.136870000511408 ], [ 570167.390759999980219, 8595473.645409999415278 ], [ 570186.056160000036471, 8595490.61756999976933 ], [ 570195.810260000056587, 8595497.971969999372959 ], [ 570206.575459999963641, 8595510.136870000511408 ], [ 570221.492549999966286, 8595536.609169999137521 ], [ 570235.434950000024401, 8595550.545970000326633 ], [ 570245.833149999962188, 8595573.15687 ], [ 570254.892650000052527, 8595600.928069999441504 ], [ 570269.38775, 8595614.209969999268651 ], [ 570283.236649999977089, 8595643.153370000422001 ], [ 570318.98195000004489, 8595693.378469999879599 ], [ 570337.9279, 8595752.670029999688268 ], [ 570346.35485, 8595783.96387 ], [ 570356.888849999988452, 8595812.02427 ], [ 570365.534650000045076, 8595848.878469999879599 ], [ 570379.650550000020303, 8595867.587969999760389 ], [ 570382.712249999982305, 8595879.830070000141859 ], [ 570378.459849999984726, 8595889.181569999083877 ], [ 570364.00165, 8595886.461169999092817 ], [ 570348.490510000032373, 8595921.870650000870228 ], [ 570334.591550000011921, 8595950.270570000633597 ], [ 570317.27035, 8595988.083669999614358 ], [ 570302.765849999967031, 8596024.989269999787211 ], [ 570284.999390000011772, 8596058.80540999956429 ], [ 570261.37682, 8596102.833839999511838 ], [ 570212.152959999977611, 8596153.74457 ], [ 570104.325560000026599, 8596199.51877 ], [ 570068.68336000002455, 8596216.296569999307394 ], [ 570038.798459999961779, 8596216.703369999304414 ], [ 569996.010260000010021, 8596243.769169999286532 ], [ 569966.288960000034422, 8596293.947170000523329 ], [ 569960.26086000003852, 8596393.25887 ], [ 569960.554959999979474, 8596451.260369999334216 ], [ 569956.220459999982268, 8596476.444469999521971 ], [ 570035.023960000020452, 8596563.23606999963522 ], [ 570086.445120000047609, 8596667.736010000109673 ], [ 570287.91492000001017, 8597081.896980000659823 ], [ 570290.533030000049621, 8597103.144910000264645 ], [ 570282.045369999948889, 8597107.469030000269413 ], [ 570171.756530000013299, 8597111.25722 ], [ 570083.870609999983571, 8597129.641820000484586 ], [ 570064.701830000034533, 8597174.36895 ], [ 569932.999350000056438, 8597182.111719999462366 ], [ 569808.714290000032634, 8597157.543209999799728 ], [ 569568.500529999961145, 8597067.788249999284744 ], [ 569445.578450000029989, 8597058.69245 ], [ 569410.970160000026226, 8597046.33251 ], [ 569360.491069999989122, 8597007.94355 ], [ 569425.124850000021979, 8596935.684250000864267 ], [ 569531.115609999978915, 8596471.292710000649095 ], [ 569440.26933000003919, 8595931.21021999977529 ], [ 569369.608269999967888, 8595880.741520000621676 ], [ 569198.076469999970868, 8595936.171290000900626 ], [ 569088.886199999949895, 8596095.162489999085665 ], [ 568879.91397, 8595986.737320000305772 ], [ 568799.24471, 8595981.676279999315739 ], [ 568748.740039999946021, 8596158.321170000359416 ], [ 568824.397130000055768, 8596309.85812 ], [ 568794.218059999984689, 8596340.08402 ], [ 568879.99656, 8596602.543940000236034 ], [ 568788.25029, 8596780.683730000630021 ], [ 568802.40047, 8596806.060459999367595 ], [ 568832.970800000010058, 8596820.223899999633431 ], [ 568864.410849999985658, 8596822.32429 ], [ 568868.141079999972135, 8596824.825449999421835 ], [ 568985.357160000014119, 8596909.481569999828935 ], [ 569052.884609999950044, 8596990.844629999250174 ], [ 569119.138739999965765, 8597038.723449999466538 ], [ 569139.657490000012331, 8597056.619240000844002 ], [ 569169.67413000005763, 8597098.66268 ], [ 569182.21635, 8597120.54450000077486 ], [ 569191.72222, 8597134.614630000665784 ], [ 569201.93840999994427, 8597148.177799999713898 ], [ 569203.896380000049248, 8597150.61895 ], [ 569214.918730000033975, 8597163.535520000383258 ], [ 569226.590130000025965, 8597175.868750000372529 ], [ 569238.920339999953285, 8597187.622810000553727 ], [ 569251.797559999977238, 8597198.691120000556111 ], [ 569265.226419999962673, 8597209.08323 ], [ 569279.171450000023469, 8597218.77170000039041 ], [ 569293.595809999969788, 8597227.73092 ], [ 569308.461419999948703, 8597235.937249999493361 ], [ 569323.729010000010021, 8597243.369000000879169 ], [ 569339.358250000048429, 8597250.006549999117851 ], [ 569355.307859999942593, 8597255.832359999418259 ], [ 569370.95369, 8597260.801060000434518 ], [ 569366.803459999966435, 8597274.860470000654459 ], [ 569365.035249999957159, 8597279.238269999623299 ], [ 569362.38366000005044, 8597283.479070000350475 ], [ 569356.483419999945909, 8597286.985409999266267 ], [ 569347.32426000002306, 8597292.00117 ], [ 569328.043859999976121, 8597304.409169999882579 ], [ 569323.82206000003498, 8597308.564370000734925 ], [ 569302.331559999962337, 8597352.663569999858737 ], [ 569289.137759999954142, 8597388.832170000299811 ], [ 569268.37335999996867, 8597434.598370000720024 ], [ 569233.678990000043996, 8597484.75691 ], [ 569200.078310000011697, 8597512.433119999244809 ], [ 569184.266760000027716, 8597520.740970000624657 ], [ 569020.649160000029951, 8597569.733370000496507 ], [ 568881.202960000024177, 8597605.187070000916719 ], [ 568862.346660000039265, 8597629.380969999358058 ], [ 568836.924170000012964, 8597689.791050000116229 ], [ 568817.774059999966994, 8597722.35757 ], [ 568800.656160000013188, 8597740.174170000478625 ], [ 568804.340560000040568, 8597748.396469999104738 ], [ 568802.737390000023879, 8597765.77593999914825 ], [ 569157.278629999957047, 8597967.488120000809431 ], [ 569516.446920000016689, 8598169.182010000571609 ], [ 569552.89625, 8598189.65044 ], [ 569566.29426, 8598198.260789999738336 ], [ 569567.839640000020154, 8598197.614800000563264 ], [ 569584.45924, 8598187.576889999210835 ], [ 569603.677249999949709, 8598173.45971 ], [ 569615.327249999972992, 8598162.94032 ], [ 569653.659770000027493, 8598123.327050000429153 ], [ 569699.913960000034422, 8598068.479669999331236 ], [ 569770.777849999954924, 8597989.433569999411702 ], [ 569771.21901, 8597988.941479999572039 ], [ 569795.828029999975115, 8598007.20958000048995 ], [ 569931.595040000043809, 8597862.004459999501705 ], [ 569964.487629999988712, 8597826.825279999524355 ], [ 569990.359560000011697, 8597851.7027000002563 ], [ 569985.252749999985099, 8597863.379019999876618 ], [ 569983.576619999948889, 8597890.574100000783801 ], [ 569983.815330000012182, 8597892.183930000290275 ], [ 569987.348499999963678, 8597916.010290000587702 ], [ 569990.610529999947175, 8597919.653000000864267 ], [ 569990.46421, 8597919.79201 ], [ 570042.273309999960475, 8597982.675979999825358 ], [ 570064.446439999970607, 8597961.274450000375509 ], [ 570084.341720000025816, 8597942.071480000391603 ], [ 570097.351389999967068, 8597927.515639999881387 ], [ 570291.489210000028834, 8597710.304910000413656 ], [ 570567.215919999987818, 8597401.808590000495315 ], [ 571001.93672, 8597300.297189999371767 ], [ 571037.471340000047348, 8597292.374439999461174 ], [ 571053.125269999960437, 8597315.38099000044167 ], [ 571144.565459999954328, 8597313.475980000570416 ], [ 571152.502970000030473, 8597333.161019999533892 ], [ 571216.003099999972619, 8597324.270999999716878 ], [ 571311.570790000027046, 8597325.223510000854731 ], [ 571314.110800000024028, 8597267.755890000611544 ], [ 571359.830889999982901, 8597273.470899999141693 ], [ 571375.388419999973848, 8597271.248400000855327 ], [ 571430.28764, 8597259.567949999123812 ], [ 571436.041620000032708, 8597268.983559999614954 ], [ 571435.025619999971241, 8597280.498250000178814 ], [ 571429.77628, 8597312.332979999482632 ], [ 571428.590940000023693, 8597322.323669999837875 ], [ 571429.945610000053421, 8597342.982370000332594 ], [ 571431.130950000020675, 8597352.803729999810457 ], [ 571429.098940000054426, 8597361.101080000400543 ], [ 571425.204269999987446, 8597370.075759999454021 ], [ 571412.334909999975935, 8597388.19446000084281 ], [ 571410.472240000031888, 8597393.105140000581741 ], [ 571409.96424, 8597394.967809999361634 ], [ 571410.472240000031888, 8597397.338479999452829 ], [ 571413.85890999995172, 8597399.709149999544024 ], [ 571423.172260000021197, 8597403.603830000385642 ], [ 571427.744270000024699, 8597405.974500000476837 ], [ 571429.945610000053421, 8597408.683839999139309 ], [ 571431.80828, 8597411.223840000107884 ], [ 571433.50162, 8597415.795849999412894 ], [ 571435.53362, 8597419.690530000254512 ], [ 571438.07363, 8597423.9238699991256 ], [ 571443.32296999997925, 8597430.52788 ], [ 571450.604320000042208, 8597437.470559999346733 ], [ 571456.530999999959022, 8597442.381239999085665 ], [ 571459.240340000018477, 8597445.42925 ], [ 571461.441669999971054, 8597450.170590000227094 ], [ 571462.98997, 8597454.245069999247789 ], [ 571404.322219999972731, 8597492.041409999132156 ], [ 571399.323300000047311, 8597508.171930000185966 ], [ 571390.072730000014417, 8597543.205679999664426 ], [ 571380.914100000052713, 8597623.039410000666976 ], [ 571388.658969999989495, 8597659.557910000905395 ], [ 571388.27249, 8597753.896129999309778 ], [ 571405.873920000041835, 8597755.340700000524521 ], [ 571421.426510000019334, 8597756.046819999814034 ], [ 571452.605729999952018, 8597768.7194699998945 ], [ 571465.812200000043958, 8597775.500409999862313 ], [ 571479.9647699999623, 8597779.269729999825358 ], [ 571491.337659999961033, 8597774.170509999617934 ], [ 571495.303369999979623, 8597772.392470000311732 ], [ 571528.368769999942742, 8597765.515109999105334 ], [ 571551.466009999974631, 8597770.930139999836683 ], [ 571552.003840000019409, 8597771.056239999830723 ], [ 571564.47115, 8597778.29813 ], [ 571587.542729999986477, 8597788.246339999139309 ], [ 571604.112790000042878, 8597794.932669999077916 ], [ 571622.530529999989085, 8597804.383290000259876 ], [ 571643.344629999948665, 8597808.429439999163151 ], [ 571665.64254000002984, 8597809.743680000305176 ], [ 571694.0399299999699, 8597800.123999999836087 ], [ 571717.06669, 8597792.628100000321865 ], [ 571739.913610000046901, 8597786.526660000905395 ], [ 571767.613000000012107, 8597775.14085 ], [ 571805.242959999945015, 8597750.861789999529719 ], [ 571812.368490000022575, 8597742.716439999639988 ], [ 571822.334049999946728, 8597731.324899999424815 ], [ 571848.147050000028685, 8597708.274529999122024 ], [ 571864.61218000005465, 8597682.598120000213385 ], [ 571905.194800000055693, 8597668.369209999218583 ], [ 571912.783010000013746, 8597667.780729999765754 ], [ 571955.972210000036284, 8597664.431309999898076 ], [ 571986.85563, 8597662.31904000043869 ], [ 572001.679619999951683, 8597661.5768 ], [ 572015.33472000004258, 8597662.956129999831319 ], [ 572036.355899999965914, 8597665.387539999559522 ], [ 572056.98725, 8597672.144440000876784 ], [ 572087.104700000025332, 8597675.330539999529719 ], [ 572107.267940000048839, 8597623.771099999547005 ], [ 572311.017420000047423, 8597671.296189999207854 ], [ 572352.420410000020638, 8597737.095240000635386 ], [ 572404.46158, 8597744.942900000140071 ], [ 572428.595790000050329, 8597749.344529999420047 ], [ 572442.653470000019297, 8597751.32044 ], [ 572573.001470000017434, 8597789.864040000364184 ], [ 572751.951269999961369, 8597772.136339999735355 ], [ 572775.85997, 8597764.32664000056684 ], [ 572925.51749999995809, 8597728.314050000160933 ], [ 572954.143900000024587, 8597712.19974 ], [ 573087.770920000039041, 8597636.979380000382662 ], [ 573210.575380000052974, 8597567.851169999688864 ], [ 573220.04879000002984, 8597567.838689999654889 ], [ 573297.566089999978431, 8597567.736540000885725 ], [ 573336.739070000010543, 8597542.039720000699162 ], [ 573371.542559999972582, 8597485.730900000780821 ], [ 573540.542419999954291, 8597337.493000000715256 ], [ 573597.142600000021048, 8597287.84586999937892 ], [ 573671.19967, 8597276.123449999839067 ], [ 573984.80874, 8597226.48272000066936 ], [ 574087.38477, 8597217.848540000617504 ], [ 574270.158010000013746, 8597103.378790000453591 ], [ 574353.43224, 8597114.926519999280572 ], [ 574433.902149999979883, 8597137.577309999614954 ], [ 574519.736739999963902, 8597140.557679999619722 ], [ 574646.700390000012703, 8597107.773639999330044 ], [ 574906.325610000058077, 8597071.313249999657273 ], [ 575150.97855, 8597047.570219999179244 ], [ 575327.575240000034682, 8597047.110610000789165 ], [ 575386.51555000001099, 8597047.10962999984622 ], [ 575421.352749999961816, 8597045.353690000250936 ], [ 575433.776839999947697, 8597066.822529999539256 ], [ 575507.273399999947287, 8597178.007710000500083 ], [ 575770.796809999970719, 8597048.56047 ], [ 577155.815809999941848, 8597065.322030000388622 ], [ 577404.006730000022799, 8596992.042959999293089 ], [ 577450.039789999951608, 8597026.685429999604821 ], [ 577634.670230000047013, 8597165.630219999700785 ], [ 577662.696499999961816, 8597198.672110000625253 ], [ 577698.6457, 8597253.305420000106096 ], [ 577716.369270000024699, 8597293.847079999744892 ], [ 577764.310820000013337, 8597405.66935 ], [ 578093.077279999968596, 8597185.462710000574589 ], [ 578136.703020000015385, 8597156.242329999804497 ], [ 578366.674420000053942, 8597002.208280000835657 ], [ 578452.453100000042468, 8596944.754019999876618 ], [ 579116.863529999973252, 8596499.734200000762939 ], [ 579529.614350000047125, 8596283.833769999444485 ], [ 579542.271459999959916, 8596184.46882 ], [ 579598.04515000001993, 8596184.692500000819564 ], [ 579617.920369999948889, 8596184.77221 ], [ 579829.150980000034906, 8596185.619319999590516 ], [ 579689.04625000001397, 8595948.519020000472665 ], [ 579490.083009999943897, 8595850.616480000317097 ], [ 579499.024519999977201, 8595830.96727 ], [ 579523.925919999950565, 8595618.11786999925971 ], [ 579635.815820000017993, 8595573.24227000027895 ], [ 579708.629120000055991, 8595576.495270000770688 ], [ 579772.671719999983907, 8595638.780670000240207 ], [ 579806.630450000055134, 8595673.227870000526309 ], [ 579881.784020000020973, 8595691.769770000129938 ], [ 579948.16122, 8595647.96047000028193 ], [ 579946.85832, 8595599.723270000889897 ], [ 579933.233789999969304, 8595574.017170000821352 ], [ 580046.63512, 8595506.799939999356866 ], [ 580066.595719999982975, 8595457.942110000178218 ], [ 580106.037280000047758, 8595418.227600000798702 ], [ 580111.905750000034459, 8595404.852949999272823 ], [ 580115.965160000021569, 8595388.003699999302626 ], [ 580116.843699999968521, 8595371.662809999659657 ], [ 580121.939250000054017, 8595356.20046 ], [ 580141.442889999947511, 8595323.69438000023365 ], [ 580153.56678, 8595308.407740000635386 ], [ 580189.235620000050403, 8595273.968870000913739 ], [ 580221.565990000031888, 8595237.772910000756383 ], [ 580228.418620000011288, 8595228.811769999563694 ], [ 580235.446959999972023, 8595215.809340000152588 ], [ 580238.609709999989718, 8595202.279789999127388 ], [ 580242.123879999970086, 8595187.695979999378324 ], [ 580243.529549999977462, 8595169.070870000869036 ], [ 580244.935219999984838, 8595132.699209999293089 ], [ 580250.030769999953918, 8595118.115399999544024 ], [ 580255.126309999963269, 8595088.94778 ], [ 580272.262510000029579, 8594994.78486 ], [ 580306.273810000042431, 8594885.442180000245571 ], [ 580338.78767, 8594826.962519999593496 ], [ 580457.140819999971427, 8594829.449570000171661 ], [ 580591.936519999988377, 8594870.576169999316335 ], [ 580668.447720000054687, 8594748.163969999179244 ], [ 580786.486720000044443, 8594706.41486999951303 ], [ 580942.212010000017472, 8594588.79507 ], [ 580972.204610000015236, 8594516.240369999781251 ], [ 580934.793509999988601, 8594436.329770000651479 ], [ 580933.390110000036657, 8594355.251369999721646 ], [ 581027.34141, 8594284.656670000404119 ], [ 581079.224610000033863, 8594245.42557 ], [ 581112.28651, 8594189.349269999191165 ], [ 581196.427709999959916, 8594142.26657 ], [ 581250.490609999978915, 8594082.231370000168681 ], [ 581370.914009999949485, 8594093.71717 ], [ 581418.20030999998562, 8593998.466369999572635 ], [ 581477.091709999949671, 8593923.0150700006634 ], [ 581438.405909999972209, 8593776.801270000636578 ], [ 581398.115009999950416, 8593711.143969999626279 ], [ 581373.218710000044666, 8593701.192269999533892 ], [ 581347.935470000025816, 8593692.76600999943912 ], [ 581303.941110000014305, 8593671.485969999805093 ], [ 581247.684510000050068, 8593652.446070000529289 ], [ 581160.220710000023246, 8593646.84217 ], [ 581139.33681, 8593585.753070000559092 ], [ 581125.338469999958761, 8593524.481300000101328 ], [ 581047.40031000005547, 8593482.776569999754429 ], [ 580911.525909999967553, 8593408.624670000746846 ], [ 580901.050610000034794, 8593290.628170000389218 ], [ 580873.901900000055321, 8593259.765650000423193 ], [ 580863.01280999998562, 8593217.466269999742508 ], [ 580825.751109999953769, 8593165.370869999751449 ], [ 580814.669209999963641, 8593102.362570000812411 ], [ 580846.33531, 8593098.846070000901818 ], [ 580857.104309999966063, 8593058.595669999718666 ], [ 580886.83285, 8592837.567639999091625 ], [ 580864.48491, 8592724.144169999286532 ], [ 580829.77521, 8592694.527669999748468 ], [ 580842.09898, 8592648.916890000924468 ], [ 580781.675509999971837, 8592557.848370000720024 ], [ 580776.62808000005316, 8592506.420740000903606 ], [ 580858.937709999969229, 8592499.443169999867678 ], [ 580932.627809999976307, 8592504.723670000210404 ], [ 580997.862609999952838, 8592473.006069999188185 ], [ 580989.43481, 8592428.667470000684261 ], [ 580981.83761000004597, 8592317.936170000582933 ], [ 580928.54258, 8592203.784450000151992 ], [ 580966.547009999980219, 8592125.229170000180602 ], [ 580948.006509999977425, 8592042.943670000880957 ], [ 580859.559439999982715, 8591993.878440000116825 ], [ 580807.877209999947809, 8591949.792169999331236 ], [ 580778.229309999966063, 8591960.480170000344515 ], [ 580752.37121000001207, 8591931.700869999825954 ], [ 580737.285810000030324, 8591840.83017 ], [ 580709.463100000051782, 8591792.254830000922084 ], [ 580699.424409999977797, 8591763.825969999656081 ], [ 580708.08814, 8591727.28800000064075 ], [ 580724.166809999966063, 8591674.207970000803471 ], [ 580768.02541, 8591655.297569999471307 ], [ 580788.534310000017285, 8591614.87546999938786 ], [ 580831.494509999989532, 8591609.43537 ], [ 580882.41001, 8591587.6400700006634 ], [ 580952.591909999959171, 8591552.59007 ], [ 580982.922810000018217, 8591509.144670000299811 ], [ 581094.249610000057146, 8591558.278769999742508 ], [ 581175.567410000017844, 8591543.879869999364018 ], [ 581210.159409999963827, 8591482.602269999682903 ], [ 581126.351249999948777, 8591461.208070000633597 ], [ 581114.86941000004299, 8591419.760469999164343 ], [ 581089.86231, 8591415.402969999238849 ], [ 581005.161109999986365, 8591328.87516999989748 ], [ 580977.376309999963269, 8591304.91207000054419 ], [ 580978.32811, 8591237.413769999518991 ], [ 580938.161109999986365, 8591176.328670000657439 ], [ 580834.67371, 8591184.206170000135899 ], [ 580693.254910000017844, 8591236.37727 ], [ 580401.673120000050403, 8591316.584869999438524 ], [ 580299.702320000040345, 8591325.448270000517368 ], [ 580203.336789999972098, 8591191.850519999861717 ], [ 580074.676719999988563, 8591165.791370000690222 ], [ 579925.355010000057518, 8591155.757659999653697 ], [ 579869.867719999980181, 8591238.643069999292493 ], [ 579732.83022, 8591216.11967 ], [ 579568.206619999953546, 8591299.318569999188185 ], [ 579314.652920000022277, 8591443.380869999527931 ], [ 579206.331619999953546, 8591405.786469999700785 ], [ 579181.481819999986328, 8591400.095669999718666 ], [ 579149.877519999979995, 8591443.230469999834895 ], [ 579110.390419999952428, 8591473.846270000562072 ], [ 579037.078519999980927, 8591525.671870000660419 ], [ 579015.485420000040904, 8591558.729970000684261 ], [ 579027.739519999944605, 8591665.08826999925077 ], [ 579011.639119999948889, 8591749.595270000398159 ], [ 578968.124820000026375, 8591767.667969999834895 ], [ 578911.898720000055619, 8591793.747570000588894 ], [ 578843.65622, 8591790.895670000463724 ], [ 578773.705319999950007, 8591797.004370000213385 ], [ 578769.52622, 8591845.65836999937892 ], [ 578715.202719999942929, 8591853.212570000439882 ], [ 578715.46511999994982, 8591814.271970000118017 ], [ 578695.72332, 8591798.68036999925971 ], [ 578640.161820000037551, 8591751.322070000693202 ], [ 578566.436819999944419, 8591751.957170000299811 ], [ 578543.428620000020601, 8591783.091770000755787 ], [ 578511.574819999979809, 8591774.382869999855757 ], [ 578482.22702, 8591744.42007 ], [ 578444.577719999942929, 8591742.606370000168681 ], [ 578395.74792, 8591773.31266999989748 ], [ 578352.033219999982975, 8591823.039969999343157 ], [ 578349.977719999966212, 8591943.090169999748468 ], [ 578319.45502, 8592044.383269999176264 ], [ 578292.798919999971986, 8592046.871969999745488 ], [ 578226.861920000053942, 8592053.134069999679923 ], [ 578160.812320000026375, 8592019.121269999071956 ], [ 578120.865819999948144, 8591991.70456999912858 ], [ 578019.86742000002414, 8591956.847869999706745 ], [ 577998.868630000040866, 8592005.206070000305772 ], [ 577944.93013, 8592029.371269999071956 ], [ 577909.115529999951832, 8592020.261569999158382 ], [ 577873.559430000022985, 8592062.090269999578595 ], [ 577823.783030000049621, 8592067.031169999390841 ], [ 577806.03902999998536, 8592087.540570000186563 ], [ 577782.259730000048876, 8592077.988369999453425 ], [ 577744.19149, 8592083.230590000748634 ], [ 577726.757699999958277, 8591954.900270000100136 ], [ 577721.2918, 8591898.012000000104308 ], [ 577702.936989999958314, 8591757.730079999193549 ], [ 577736.11361, 8591717.23361000046134 ], [ 577760.717259999946691, 8591663.362509999424219 ], [ 577822.111329999985173, 8591663.717669999226928 ], [ 577871.017529999953695, 8591666.167069999501109 ], [ 577888.12763, 8591646.61106999963522 ], [ 577905.245830000028946, 8591600.150469999760389 ], [ 577907.686330000055023, 8591561.028270000591874 ], [ 577873.457530000014231, 8591521.916270000860095 ], [ 577827.000129999942146, 8591495.021770000457764 ], [ 577785.441029999987222, 8591490.122770000249147 ], [ 577768.32242999994196, 8591468.11727000027895 ], [ 577763.432430000044405, 8591426.555770000442863 ], [ 577748.762830000021495, 8591384.994170000776649 ], [ 577756.093130000052042, 8591340.983069999143481 ], [ 577765.880729999975301, 8591296.971869999542832 ], [ 577790.329630000051111, 8591272.5167699996382 ], [ 577826.99873, 8591223.616669999435544 ], [ 577844.116930000018328, 8591172.276969999074936 ], [ 577871.01463, 8591113.59877 ], [ 577871.014429999981076, 8591074.476670000702143 ], [ 577856.344930000021122, 8591052.471170000731945 ], [ 577856.344730000011623, 8591028.016170000657439 ], [ 577880.793530000024475, 8590996.232470000162721 ], [ 577902.793530000024475, 8590981.565470000728965 ], [ 577961.47941999998875, 8590996.232370000332594 ], [ 578010.377519999979995, 8591018.237870000302792 ], [ 578069.055019999970682, 8590996.23217000067234 ], [ 578117.952719999942929, 8590942.44307 ], [ 578514.04972, 8590636.8140699993819 ], [ 578582.50552, 8590367.868370000272989 ], [ 578606.95412, 8590309.190169999375939 ], [ 578650.962019999977201, 8590228.50637000054121 ], [ 578687.639420000021346, 8590194.27326999977231 ], [ 578724.316819999949075, 8590152.71157000027597 ], [ 578738.98592, 8590091.583969999104738 ], [ 578753.655019999947399, 8590050.012269999831915 ], [ 578775.66312000004109, 8590010.900170000270009 ], [ 578763.434220000053756, 8589962.00007 ], [ 578760.985020000021905, 8589922.877970000728965 ], [ 578777.60832, 8589835.448370000347495 ], [ 578775.677019999944605, 8589798.250870000571012 ], [ 578804.364719999954104, 8589726.587969999760389 ], [ 578825.357719999970868, 8589660.17339999973774 ], [ 578842.708340000011958, 8589605.287650000303984 ], [ 578825.363020000047982, 8589660.164599999785423 ], [ 578856.675460000056773, 8589610.32711 ], [ 578889.524319999967702, 8589582.77881 ], [ 578890.93316000001505, 8589582.424620000645518 ], [ 578928.22612, 8589558.50471 ], [ 578974.311809999984689, 8589525.584279999136925 ], [ 579025.31542, 8589460.97770999930799 ], [ 579074.145340000046417, 8589407.259980000555515 ], [ 579089.480529999942519, 8589413.912869999185205 ], [ 579132.93047000002116, 8589396.744920000433922 ], [ 579166.612360000028275, 8589391.779659999534488 ], [ 579188.606370000052266, 8589384.423830000683665 ], [ 579208.908090000040829, 8589395.352809999138117 ], [ 579220.959819999989122, 8589399.986810000613332 ], [ 579243.359489999944344, 8589398.587829999625683 ], [ 579251.903569999965839, 8589407.310990000143647 ], [ 579256.568010000046343, 8589410.219839999452233 ], [ 579264.652299999957904, 8589409.22298 ], [ 579282.532209999975748, 8589405.763399999588728 ], [ 579302.459739999962039, 8589409.145360000431538 ], [ 579392.147349999984726, 8589409.67179 ], [ 579423.892280000029132, 8589327.228520000353456 ], [ 579444.689370000036433, 8589296.692570000886917 ], [ 579481.827079999959096, 8589275.188740000128746 ], [ 579529.446680000051856, 8589267.921159999445081 ], [ 579590.16781999997329, 8589278.124670000746846 ], [ 579626.429280000040308, 8589177.512630000710487 ], [ 579644.573349999962375, 8589135.088349999859929 ], [ 579681.643099999986589, 8589072.508509999141097 ], [ 579692.517329999944195, 8589051.086929999291897 ], [ 579713.434830000041984, 8589036.793600000441074 ], [ 579722.531949999975041, 8589032.86386 ], [ 580240.040909999981523, 8589312.52428999915719 ], [ 580688.299439999973401, 8589563.512599999085069 ], [ 580655.42050999996718, 8589621.790610000491142 ], [ 580722.802780000027269, 8589657.24379999935627 ], [ 580749.2835999999661, 8589725.232899999246001 ], [ 580752.643679999979213, 8589809.516990000382066 ], [ 580767.156139999977313, 8589834.734039999544621 ], [ 580852.04932, 8589874.546809999272227 ], [ 580879.379029999952763, 8589907.689859999343753 ], [ 581258.160120000015013, 8589659.938410000875592 ], [ 581291.563259999966249, 8589638.090239999815822 ], [ 581182.966449999948964, 8589424.691069999709725 ], [ 581112.853729999973439, 8589379.57719000056386 ], [ 581077.829430000041611, 8589317.209969999268651 ], [ 581006.632809999980964, 8589190.431280000135303 ], [ 580950.473729999968782, 8589133.974090000614524 ], [ 580924.699750000028871, 8589129.997120000422001 ], [ 580883.697939999983646, 8589117.272260000929236 ], [ 580791.54897, 8589141.36307 ], [ 580782.163659999961965, 8589140.499029999598861 ], [ 580609.541609999956563, 8589276.796460000798106 ], [ 580552.65839, 8589294.622579999268055 ], [ 580516.569619999965653, 8589281.260609999299049 ], [ 580624.141470000031404, 8589149.968609999865294 ], [ 580660.25049, 8589017.610740000382066 ], [ 580660.62534999998752, 8588932.175559999421239 ], [ 580659.553390000015497, 8588911.11782000027597 ], [ 580568.31114, 8588711.190169999375939 ], [ 580573.02197, 8588602.849379999563098 ], [ 580576.08262, 8588524.579879999160767 ], [ 580561.533279999974184, 8588408.316430000588298 ], [ 580603.62879999994766, 8588333.91285 ], [ 580632.66711000003852, 8588275.7981499992311 ], [ 580636.81461, 8588223.727700000628829 ], [ 580665.059460000018589, 8588188.65713999979198 ], [ 580695.984730000025593, 8588190.276179999113083 ], [ 580732.070799999986775, 8588194.440810000523925 ], [ 580763.86491, 8588199.471060000360012 ], [ 580779.337380000040866, 8588203.69424 ], [ 580788.761429999954998, 8588195.133139999583364 ], [ 580791.29734000004828, 8588180.617580000311136 ], [ 580823.890679999953136, 8588164.309609999880195 ], [ 580843.35910999996122, 8588159.468010000884533 ], [ 580844.656880000024103, 8588139.269570000469685 ], [ 580848.794559999951161, 8588121.783800000324845 ], [ 580866.297840000013821, 8588125.745169999077916 ], [ 580875.761470000026748, 8588118.313650000840425 ], [ 580882.54764, 8588122.333399999886751 ], [ 580894.755480000050738, 8588127.010980000719428 ], [ 580910.308790000039153, 8588116.869580000638962 ], [ 580919.066439999965951, 8588099.342639999464154 ], [ 580940.016760000027716, 8588081.10802000015974 ], [ 580960.89089000003878, 8588077.205979999154806 ], [ 580994.287469999981113, 8588106.534560000523925 ], [ 581020.707440000027418, 8588105.786639999598265 ], [ 581032.890750000020489, 8588101.71318 ], [ 581031.838839999982156, 8588088.35874 ], [ 581065.101430000038818, 8588069.377960000187159 ], [ 581090.143939999979921, 8588041.572429999709129 ], [ 581126.367240000050515, 8588019.282260000705719 ], [ 581127.405110000050627, 8588016.159169999882579 ], [ 581152.871840000036173, 8588015.563039999455214 ], [ 581166.196190000046045, 8588016.015680000185966 ], [ 581180.504670000053011, 8588015.484959999099374 ], [ 581186.916680000023916, 8588014.4862399995327 ], [ 581200.699799999943934, 8588002.68006999976933 ], [ 581214.466269999975339, 8587984.990329999476671 ], [ 581221.765200000023469, 8587948.687440000474453 ], [ 581226.11601, 8587916.80559 ], [ 581233.923829999985173, 8587885.894530000165105 ], [ 581238.758550000027753, 8587850.579120000824332 ], [ 581206.14035999996122, 8587798.181879999116063 ], [ 581175.071600000024773, 8587783.214190000668168 ], [ 581170.659289999981411, 8587753.8322 ], [ 581169.133159999968484, 8587724.441989999264479 ], [ 581151.033979999949224, 8587702.985120000317693 ], [ 581148.081020000041462, 8587679.33445000089705 ], [ 581150.150509999948554, 8587645.632249999791384 ], [ 581077.69175, 8587587.946389999240637 ], [ 581056.8504, 8587587.105119999498129 ], [ 581031.003140000044368, 8587597.51107 ], [ 581004.080210000043735, 8587617.693439999595284 ], [ 580988.881659999955446, 8587631.885250000283122 ], [ 580967.651049999985844, 8587633.18647 ], [ 580940.17160999996122, 8587633.264280000701547 ], [ 580917.905909999972209, 8587621.909010000526905 ], [ 580916.654729999951087, 8587621.167880000546575 ], [ 580915.40356, 8587620.426750000566244 ], [ 580889.956250000046566, 8587606.865399999544024 ], [ 580872.68513, 8587583.940759999677539 ], [ 580854.303500000038184, 8587569.21735000051558 ], [ 580840.023949999944307, 8587555.108960000798106 ], [ 580835.218379999976605, 8587534.27166 ], [ 580786.02827, 8587300.21796 ], [ 580739.027080000028946, 8587322.214600000530481 ], [ 580667.91222000005655, 8587378.086629999801517 ], [ 580596.154280000017025, 8587406.850600000470877 ], [ 580508.588630000012927, 8587434.232909999787807 ], [ 580436.645340000046417, 8587461.294689999893308 ], [ 580383.58794, 8587493.879440000280738 ], [ 580338.961159999947995, 8587539.410700000822544 ], [ 580258.025320000015199, 8587604.504939999431372 ], [ 580199.44238000002224, 8587660.267960000783205 ], [ 580139.892160000046715, 8587703.988700000569224 ], [ 580102.688609999953769, 8587736.525760000571609 ], [ 579519.142299999948591, 8587920.966889999806881 ], [ 579366.01055, 8587801.903629999607801 ], [ 579286.35696, 8587798.098750000819564 ], [ 579197.127480000024661, 8587806.818089999258518 ], [ 579073.050990000017919, 8587860.61034999974072 ], [ 579015.35944999998901, 8587890.35365 ], [ 579015.358149999985471, 8587652.984869999811053 ], [ 579350.518339999951422, 8586360.888010000810027 ], [ 580795.14972999994643, 8586772.28707000054419 ], [ 580821.141109999967739, 8586792.548520000651479 ], [ 580857.29336000001058, 8586820.721960000693798 ], [ 580902.121829999960028, 8586837.713500000536442 ], [ 580934.82392, 8586847.533849999308586 ], [ 580957.534819999942556, 8586854.679199999198318 ], [ 581010.220240000053309, 8586869.84974000044167 ], [ 581043.822470000013709, 8586876.962190000340343 ], [ 581087.892570000025444, 8586907.612169999629259 ], [ 581101.511429999954998, 8586917.030239999294281 ], [ 581118.796319999964908, 8586920.169679999351501 ], [ 581143.41466, 8586916.507079999893904 ], [ 581164.366279999958351, 8586915.983799999579787 ], [ 581192.3087199999718, 8586905.560270000249147 ], [ 581209.10144, 8586900.772989999502897 ], [ 581228.09699, 8586908.152240000665188 ], [ 581240.76058, 8586915.004380000755191 ], [ 581260.032819999963976, 8586906.744699999690056 ], [ 581270.79232, 8586899.785229999572039 ], [ 581281.975639999960549, 8586894.933700000867248 ], [ 581294.002869999967515, 8586892.611320000141859 ], [ 581312.99546999996528, 8586893.870249999687076 ], [ 581329.245589999947697, 8586896.816409999504685 ], [ 581347.927690000040457, 8586900.14848 ], [ 581356.296029999968596, 8586899.811489999294281 ], [ 581362.989489999949001, 8586894.459480000659823 ], [ 581370.350850000046194, 8586885.42949 ], [ 581377.039849999942817, 8586868.040100000798702 ], [ 581389.753279999946244, 8586845.299270000308752 ], [ 581403.691609999979846, 8586824.237369999289513 ], [ 581406.306860000011511, 8586814.951929999515414 ], [ 581406.566050000023097, 8586805.798070000484586 ], [ 581406.43226000003051, 8586795.208130000159144 ], [ 581409.969980000052601, 8586787.095760000869632 ], [ 581410.349930000025779, 8586780.107739999890327 ], [ 581410.185599999967963, 8586775.145940000191331 ], [ 581408.637480000033975, 8586770.835179999470711 ], [ 581405.659839999978431, 8586767.92265 ], [ 581400.59339000005275, 8586763.902650000527501 ], [ 581394.879369999980554, 8586761.569620000198483 ], [ 581385.78816, 8586759.756230000406504 ], [ 581381.50182, 8586757.941400000825524 ], [ 581376.566179999965243, 8586754.699869999662042 ], [ 581372.799039999954402, 8586750.550100000575185 ], [ 581370.458929999964312, 8586742.118860000744462 ], [ 581368.826740000047721, 8586731.704239999875426 ], [ 581365.078540000016801, 8586723.57656 ], [ 581359.90963, 8586716.61072999984026 ], [ 581356.29111, 8586710.805469999089837 ], [ 581355.393159999977797, 8586705.462099999189377 ], [ 581355.778870000038296, 8586698.8816 ], [ 581359.006000000052154, 8586692.558250000700355 ], [ 581364.94542999996338, 8586685.976059999316931 ], [ 581369.853269999963231, 8586682.61968999914825 ], [ 581377.023939999984577, 8586680.009080000221729 ], [ 581389.178319999948144, 8586677.052069999277592 ], [ 581397.718360000057146, 8586674.096160000190139 ], [ 581404.288999999989755, 8586675.735060000792146 ], [ 581421.043320000055246, 8586674.74529 ], [ 581434.84005, 8586670.474989999085665 ], [ 581441.079430000041611, 8586664.238339999690652 ], [ 581444.363110000034794, 8586658.33032999932766 ], [ 581443.04784999997355, 8586653.736500000581145 ], [ 581437.79007999994792, 8586648.815759999677539 ], [ 581431.546809999970719, 8586644.88002 ], [ 581425.302649999968708, 8586637.990569999441504 ], [ 581423.659620000049472, 8586634.38154000043869 ], [ 581421.684230000013486, 8586621.911879999563098 ], [ 581424.96563, 8586608.456690000370145 ], [ 581436.548930000048131, 8586590.917419999837875 ], [ 581450.341879999963567, 8586574.177239999175072 ], [ 581453.62445, 8586567.284900000318885 ], [ 581452.63676000002306, 8586561.050079999491572 ], [ 581452.307299999985844, 8586556.455949999392033 ], [ 581455.592079999973066, 8586554.157840000465512 ], [ 581460.51968000002671, 8586554.812929999083281 ], [ 581464.134109999984503, 8586557.76516 ], [ 581471.035909999976866, 8586566.951519999653101 ], [ 581479.579939999966882, 8586574.496479999274015 ], [ 581492.000370000023395, 8586579.653659999370575 ], [ 581505.85944999998901, 8586581.6852100007236 ], [ 581516.253200000035577, 8586580.664179999381304 ], [ 581523.99714, 8586581.272560000419617 ], [ 581532.761659999960102, 8586584.934240000322461 ], [ 581547.12798, 8586593.0285 ], [ 581553.23942, 8586598.16598 ], [ 581559.348400000017136, 8586597.84273000061512 ], [ 581565.135110000032, 8586592.70202000066638 ], [ 581566.096619999967515, 8586584.350689999759197 ], [ 581563.522069999948144, 8586576.32145999930799 ], [ 581557.410359999979846, 8586567.650879999622703 ], [ 581550.654029999976046, 8586557.05363 ], [ 581547.435769999981858, 8586547.418740000575781 ], [ 581545.50182, 8586530.717250000685453 ], [ 581545.521539999986999, 8586518.680989999324083 ], [ 581549.69871000002604, 8586508.722459999844432 ], [ 581555.163610000046901, 8586502.939430000260472 ], [ 581561.91504, 8586500.046700000762939 ], [ 581576.062110000057146, 8586497.472740000113845 ], [ 581586.351499999989755, 8586495.221349999308586 ], [ 581593.744799999985844, 8586487.83151 ], [ 581596.63668, 8586481.727870000526309 ], [ 581596.63483, 8586475.625110000371933 ], [ 581594.381210000021383, 8586465.347880000248551 ], [ 581595.342809999943711, 8586457.317570000886917 ], [ 581597.91281, 8586447.680929999798536 ], [ 581601.125920000020415, 8586440.292360000312328 ], [ 581604.984010000014678, 8586438.685329999774694 ], [ 581609.164100000052713, 8586438.363040000200272 ], [ 581611.900589999975637, 8586440.81257 ], [ 581619.18206999998074, 8586437.897779999300838 ], [ 581627.498849999974482, 8586439.012550000101328 ], [ 581639.699690000037663, 8586435.89003000035882 ], [ 581646.518019999959506, 8586428.227390000596642 ], [ 581649.927350000012666, 8586419.074869999662042 ], [ 581651.418960000039078, 8586410.56076000072062 ], [ 581650.566710000042804, 8586403.536660000681877 ], [ 581643.748039999976754, 8586390.339819999411702 ], [ 581636.290359999984503, 8586382.890119999647141 ], [ 581626.89543000003323, 8586376.25674 ], [ 581612.352790000033565, 8586369.634069999679923 ], [ 581592.035739999962971, 8586359.379589999094605 ], [ 581569.698959999950603, 8586348.48618 ], [ 581550.594909999985248, 8586343.125660000368953 ], [ 581531.491200000047684, 8586335.192059999331832 ], [ 581517.53897, 8586327.472990000620484 ], [ 581505.303569999989122, 8586321.683679999783635 ], [ 581485.985250000027008, 8586308.818469999358058 ], [ 581469.027909999946132, 8586301.313780000433326 ], [ 581464.852919999975711, 8586298.754990000277758 ], [ 581453.394459999981336, 8586282.453199999406934 ], [ 581441.936340000014752, 8586259.908089999109507 ], [ 581432.908670000033453, 8586235.628820000216365 ], [ 581411.304540000041015, 8586203.993310000747442 ], [ 581395.57762, 8586178.884800000116229 ], [ 581389.522819999954663, 8586155.576579999178648 ], [ 581409.254850000026636, 8586117.544430000707507 ], [ 581414.170309999957681, 8586086.437039999291301 ], [ 581415.009169999975711, 8586059.448850000277162 ], [ 581419.55273, 8586039.767550000920892 ], [ 581421.054209999972954, 8586012.255599999800324 ], [ 581431.342259999946691, 8585980.729000000283122 ], [ 581450.982070000027306, 8585929.444599999114871 ], [ 581462.456699999980628, 8585897.099390000104904 ], [ 581484.481080000055954, 8585872.554850000888109 ], [ 581467.754289999953471, 8585852.08733999915421 ], [ 581446.667189999949187, 8585827.313470000401139 ], [ 581437.559099999954924, 8585810.422609999775887 ], [ 581433.15619, 8585792.077609999105334 ], [ 581433.43117999995593, 8585763.279370000585914 ], [ 581424.194389999960549, 8585703.912529999390244 ], [ 581411.620349999982864, 8585677.581930000334978 ], [ 581414.50182, 8585649.318469999358058 ], [ 581413.875529999961145, 8585622.940050000324845 ], [ 581416.80293999996502, 8585597.861540000885725 ], [ 581417.94273, 8585577.563629999756813 ], [ 581405.222519999952056, 8585542.982249999418855 ], [ 581375.02187000005506, 8585488.756480000913143 ], [ 581343.001200000056997, 8585428.567479999735951 ], [ 581289.282660000026226, 8585344.568609999492764 ], [ 581274.22144, 8585330.28885000012815 ], [ 581262.354290000046603, 8585323.197760000824928 ], [ 581188.973050000029616, 8585239.3443400003016 ], [ 581120.77058000001125, 8585171.356639999896288 ], [ 581007.90156999998726, 8585042.886980000883341 ], [ 580942.254309999989346, 8584979.310869999229908 ], [ 580928.244730000034906, 8584964.278899999335408 ], [ 580915.810550000052899, 8584958.932360000908375 ], [ 580904.88772, 8584957.988889999687672 ], [ 580883.087569999974221, 8584963.967119999229908 ], [ 580849.402669999981299, 8584973.368909999728203 ], [ 580792.408919999958016, 8584992.935350000858307 ], [ 580737.387059999979101, 8585009.502010000869632 ], [ 580687.046319999964908, 8585029.058350000530481 ], [ 580655.540290000033565, 8585036.612959999591112 ], [ 580637.50694, 8585031.073300000280142 ], [ 580630.340390000026673, 8585019.533430000767112 ], [ 580615.975609999964945, 8584986.011080000549555 ], [ 580602.935569999972358, 8584960.684340000152588 ], [ 580586.914770000032149, 8584933.512620000168681 ], [ 580590.38671, 8584912.873910000547767 ], [ 580590.30926, 8584887.335619999095798 ], [ 580583.88006, 8584861.215709999203682 ], [ 580584.41735, 8584838.980559999123216 ], [ 580591.28628, 8584810.71714000031352 ], [ 580586.217150000040419, 8584774.475470000877976 ], [ 580596.074140000040643, 8584745.493790000677109 ], [ 580597.228950000018813, 8584735.10912000015378 ], [ 580595.381049999967217, 8584723.570560000836849 ], [ 580588.912520000012591, 8584716.18589000031352 ], [ 580580.13367000001017, 8584710.416670000180602 ], [ 580575.051330000045709, 8584705.33966 ], [ 580572.741019999957643, 8584700.26265 ], [ 580572.278960000025108, 8584690.801100000739098 ], [ 580583.137080000014976, 8584675.339430000633001 ], [ 580602.080609999946319, 8584661.262429999187589 ], [ 580615.017669999971986, 8584644.185429999604821 ], [ 580622.64888, 8584621.857209999114275 ], [ 580631.427720000036061, 8584596.70321 ], [ 580637.89625, 8584568.779859999194741 ], [ 580642.52749, 8584543.800189999863505 ], [ 580643.91367000003811, 8584529.261630000546575 ], [ 580642.758520000032149, 8584511.03074000030756 ], [ 580652.371810000040568, 8584474.951339999213815 ], [ 580667.087300000013784, 8584453.718329999595881 ], [ 580682.036549999960698, 8584438.085349999368191 ], [ 580703.916059999959543, 8584426.693509999662638 ], [ 580722.034379999968223, 8584423.402720000594854 ], [ 580739.453149999957532, 8584415.072890000417829 ], [ 580744.15278, 8584412.825479999184608 ], [ 580767.447909999988042, 8584392.141000000759959 ], [ 580784.15437, 8584372.396819999441504 ], [ 580810.50801, 8584351.007319999858737 ], [ 580835.920750000048429, 8584335.963980000466108 ], [ 580875.085150000057183, 8584318.405200000852346 ], [ 580920.02807, 8584300.306350000202656 ], [ 580963.08851000003051, 8584287.613630000501871 ], [ 580997.442670000018552, 8584275.391060000285506 ], [ 581041.085659999982454, 8584251.013320000842214 ], [ 581085.322470000013709, 8584230.563990000635386 ], [ 581123.912209999980405, 8584215.990930000320077 ], [ 581189.09106, 8584195.77661 ], [ 581246.300870000035502, 8584173.321769999340177 ], [ 581261.358969999942929, 8584166.92894 ], [ 581273.029289999976754, 8584164.296530000865459 ], [ 581283.94629, 8584168.809149999171495 ], [ 581293.251189999980852, 8584181.652149999514222 ], [ 581306.69892, 8584196.716639999300241 ], [ 581322.936130000045523, 8584204.826689999550581 ], [ 581338.696220000041649, 8584213.413629999384284 ], [ 581353.978499999968335, 8584229.633729999884963 ], [ 581369.499350000056438, 8584241.321660000830889 ], [ 581385.789609999977984, 8584255.033190000802279 ], [ 581414.921779999975115, 8584280.317390000447631 ], [ 581442.143410000018775, 8584302.977630000561476 ], [ 581456.99101, 8584316.163629999384284 ], [ 581470.363099999958649, 8584333.576220000162721 ], [ 581486.12558, 8584352.03023000061512 ], [ 581499.975469999946654, 8584364.195170000195503 ], [ 581534.59933999995701, 8584385.90137 ], [ 581544.353359999950044, 8584389.149259999394417 ], [ 581557.522759999963455, 8584393.534399999305606 ], [ 581580.923650000011548, 8584398.543470000848174 ], [ 581605.830519999959506, 8584399.543120000511408 ], [ 581640.69328999996651, 8584397.157870000228286 ], [ 581659.079610000015236, 8584397.63488999940455 ], [ 581684.868499999982305, 8584403.836719999089837 ], [ 581707.791929999948479, 8584407.653170000761747 ], [ 581724.268389999982901, 8584406.93757 ], [ 581757.220609999960288, 8584401.928489999845624 ], [ 581784.290960000013001, 8584392.864269999787211 ], [ 581803.155080000055023, 8584392.625819999724627 ], [ 581814.139160000020638, 8584395.726670000702143 ], [ 581825.601039999979548, 8584403.836719999089837 ], [ 581839.211690000025555, 8584406.93757 ], [ 581847.330289999954402, 8584404.552319999784231 ], [ 581867.388589999987744, 8584400.497290000319481 ], [ 581890.789480000035837, 8584399.066090000793338 ], [ 581933.88312000001315, 8584399.811300000175834 ], [ 581963.253849999979138, 8584405.536100000143051 ], [ 581975.192859999951907, 8584412.930420000106096 ], [ 581989.759119999944232, 8584432.96697000041604 ], [ 582011.534570000017993, 8584458.174769999459386 ], [ 582056.426149999955669, 8584505.165160000324249 ], [ 582116.68455, 8584568.57736000046134 ], [ 582137.37159, 8584584.676650000736117 ], [ 582168.463940000045113, 8584605.488940000534058 ], [ 582185.302170000039041, 8584617.263040000572801 ], [ 582197.570100000011735, 8584629.758029999211431 ], [ 582204.064980000024661, 8584641.05167 ], [ 582208.394669999950565, 8584658.592739999294281 ], [ 582213.92744, 8584668.20431 ], [ 582225.714140000054613, 8584678.296469999477267 ], [ 582233.924469999969006, 8584691.178600000217557 ], [ 582241.862360000028275, 8584704.634770000353456 ], [ 582249.80059, 8584738.034830000251532 ], [ 582254.626919999951497, 8584771.594699999317527 ], [ 582263.76788000005763, 8584792.98037 ], [ 582270.503039999981411, 8584815.327220000326633 ], [ 582276.276079999981448, 8584834.06976000033319 ], [ 582284.935810000053607, 8584850.409350000321865 ], [ 582301.33389, 8584874.130440000444651 ], [ 582315.766659999964759, 8584884.703190000727773 ], [ 582325.629120000055991, 8584901.763669999316335 ], [ 582335.732199999969453, 8584914.979539999738336 ], [ 582346.075549999950454, 8584922.668880000710487 ], [ 582359.064980000024661, 8584926.513480000197887 ], [ 582381.676590000046417, 8584926.513480000197887 ], [ 582402.123020000057295, 8584925.071699999272823 ], [ 582415.834290000027977, 8584926.032889999449253 ], [ 582428.10222, 8584932.280449999496341 ], [ 582448.78926, 8584950.542400000616908 ], [ 582467.92617, 8584963.117750000208616 ], [ 582489.575330000021495, 8584972.008430000394583 ], [ 582507.616640000022016, 8584982.10059 ], [ 582529.987300000037067, 8585001.083440000191331 ], [ 582558.41507999994792, 8585026.242860000580549 ], [ 582590.88882, 8585057.720690000802279 ], [ 582629.617169999983162, 8585096.647560000419617 ], [ 582644.61948, 8585113.338069999590516 ], [ 582663.278240000014193, 8585130.2822299990803 ], [ 582677.090480000013486, 8585139.238609999418259 ], [ 582699.868780000018887, 8585146.500350000336766 ], [ 582713.681020000018179, 8585146.500350000336766 ], [ 582727.977910000015981, 8585147.710689999163151 ], [ 582743.786259999964386, 8585153.442630000412464 ], [ 582761.475719999987632, 8585165.787730000913143 ], [ 582784.98066, 8585182.489879999309778 ], [ 582799.035219999961555, 8585189.267589999362826 ], [ 582808.970590000040829, 8585190.962090000510216 ], [ 582816.240029999986291, 8585187.331219999119639 ], [ 582824.963759999955073, 8585179.82732000015676 ], [ 582835.86809, 8585177.406649999320507 ], [ 582846.772759999963455, 8585176.196319999173284 ], [ 582858.404070000047795, 8585180.311349999159575 ], [ 582869.550720000057481, 8585185.152559999376535 ], [ 582880.940049999975599, 8585184.910550000146031 ], [ 582904.444980000029318, 8585179.3431599996984 ], [ 582923.346069999970496, 8585175.470140000805259 ], [ 582934.00841, 8585176.438459999859333 ], [ 582947.005710000055842, 8585180.5987 ], [ 582957.1971, 8585193.128580000251532 ], [ 582966.212790000019595, 8585204.4838200006634 ], [ 582984.243830000050366, 8585214.272770000621676 ], [ 583008.154699999955483, 8585220.146139999851584 ], [ 583034.025389999966137, 8585213.489620000123978 ], [ 583058.720059999963269, 8585199.7851 ], [ 583081.454890000051819, 8585196.261019999161363 ], [ 583096.35007000004407, 8585199.00194999948144 ], [ 583111.637480000033975, 8585206.441609999164939 ], [ 583137.385540000046603, 8585225.35372 ], [ 583138.291979999979958, 8585226.019509999081492 ], [ 583168.86647, 8585240.898809999227524 ], [ 583214.336140000028536, 8585253.820329999551177 ], [ 583260.86956999998074, 8585266.88222 ], [ 583284.476849999977276, 8585271.303770000115037 ], [ 583314.723450000048615, 8585274.497139999642968 ], [ 583334.642100000055507, 8585279.164410000666976 ], [ 583349.64269999996759, 8585280.146999999880791 ], [ 583363.413519999943674, 8585276.953630000352859 ], [ 583370.660709999967366, 8585272.017650000751019 ], [ 583373.11991, 8585262.191959999501705 ], [ 583368.939439999987371, 8585251.629249999299645 ], [ 583349.266880000010133, 8585229.766829999163747 ], [ 583339.922269999980927, 8585211.834780000150204 ], [ 583334.512379999971017, 8585178.91835 ], [ 583337.315979999955744, 8585157.674009999260306 ], [ 583337.680760000017472, 8585154.909910000860691 ], [ 583343.336740000057034, 8585142.38215 ], [ 583360.796190000022762, 8585129.362950000911951 ], [ 583390.059460000018589, 8585117.817649999633431 ], [ 583417.601110000046901, 8585112.659080000594258 ], [ 583439.241019999957643, 8585112.659080000594258 ], [ 583473.668429999961518, 8585110.202589999884367 ], [ 583477.638619999983348, 8585108.880629999563098 ], [ 583489.160520000034012, 8585105.044159999117255 ], [ 583524.67429, 8585088.776079999282956 ], [ 583552.953530000057071, 8585083.12635999917984 ], [ 583589.102199999964796, 8585080.669870000332594 ], [ 583609.020849999971688, 8585085.828430000692606 ], [ 583620.824320000014268, 8585097.37373000010848 ], [ 583626.234219999983907, 8585106.953840000554919 ], [ 583632.628129999968223, 8585117.762259999290109 ], [ 583639.021700000041164, 8585119.973039999604225 ], [ 583649.271309999981895, 8585118.249089999124408 ], [ 583658.87133, 8585107.37432000041008 ], [ 583665.911010000039823, 8585098.099099999293685 ], [ 583674.872280000010505, 8585091.381769999861717 ], [ 583675.48718000005465, 8585090.957399999722838 ], [ 583688.314430000027642, 8585082.104609999805689 ], [ 583698.236879999982193, 8585079.223589999601245 ], [ 583707.199189999955706, 8585078.581439999863505 ], [ 583719.684439999982715, 8585079.53699 ], [ 583735.370299999951385, 8585082.409870000556111 ], [ 583753.2978900000453, 8585085.602339999750257 ], [ 583770.903509999974631, 8585084.9572 ], [ 583791.070249999989755, 8585085.270980000495911 ], [ 583803.618769999942742, 8585087.535210000351071 ], [ 583811.303620000020601, 8585092.64872 ], [ 583821.870140000013635, 8585103.197839999571443 ], [ 583826.353639999986626, 8585109.271649999544024 ], [ 583832.760389999952167, 8585123.33911 ], [ 583841.497749999980442, 8585138.437519999220967 ], [ 583850.467169999959879, 8585158.579369999468327 ], [ 583861.360319999977946, 8585188.313629999756813 ], [ 583864.565470000030473, 8585202.541999999433756 ], [ 583868.413519999943674, 8585223.644740000367165 ], [ 583871.621539999963716, 8585247.306150000542402 ], [ 583875.787750000017695, 8585262.333249999210238 ], [ 583882.546689999988303, 8585284.215099999681115 ], [ 583894.077230000053532, 8585305.315509999170899 ], [ 583902.084090000018477, 8585319.702379999682307 ], [ 583905.28777000005357, 8585326.41639 ], [ 583905.609610000043176, 8585332.49146999977529 ], [ 583904.001109999953769, 8585339.049599999561906 ], [ 583899.521199999959208, 8585344.806600000709295 ], [ 583892.160550000029616, 8585350.884010000154376 ], [ 583884.479999999981374, 8585357.281789999455214 ], [ 583882.560730000026524, 8585362.398210000246763 ], [ 583880.963330000056885, 8585371.032339999452233 ], [ 583883.207840000046417, 8585383.182390000671148 ], [ 583888.655520000029355, 8585403.005769999697804 ], [ 583896.985100000048988, 8585426.345729999244213 ], [ 583903.665950000053272, 8585437.919120000675321 ], [ 583919.376219999976456, 8585452.158250000327826 ], [ 583924.500879999948665, 8585462.06921000033617 ], [ 583923.865630000014789, 8585477.737570000812411 ], [ 583920.351159999961965, 8585501.401019999757409 ], [ 583922.274699999950826, 8585510.353620000183582 ], [ 583925.798279999988154, 8585516.747630000114441 ], [ 583933.804559999960475, 8585529.215830000117421 ], [ 583938.6103900000453, 8585542.963859999552369 ], [ 583944.717569999978878, 8585555.31855 ], [ 583949.84195000003092, 8585564.270169999450445 ], [ 583956.886470000026748, 8585570.98302000015974 ], [ 583963.931669999961741, 8585579.934070000424981 ], [ 583974.656889999983832, 8585598.112719999626279 ], [ 583979.463330000056885, 8585605.910110000520945 ], [ 583988.27515, 8585616.705840000882745 ], [ 583992.08074, 8585622.703430000692606 ], [ 583994.68461999995634, 8585629.10181999951601 ], [ 583995.486920000053942, 8585632.701039999723434 ], [ 583999.091129999957047, 8585636.499260000884533 ], [ 584001.786889999988489, 8585637.535709999501705 ], [ 584009.59456, 8585638.333100000396371 ], [ 584035.419499999959953, 8585640.324839999899268 ], [ 584044.026670000050217, 8585638.122810000553727 ], [ 584049.702240000013262, 8585633.299049999564886 ], [ 584052.102889999980107, 8585628.699249999597669 ], [ 584055.704750000033528, 8585622.099130000919104 ], [ 584060.507669999962673, 8585618.29835999943316 ], [ 584069.114440000033937, 8585612.096790000796318 ], [ 584078.921669999952428, 8585606.694620000198483 ], [ 584084.925870000035502, 8585601.09375 ], [ 584090.728759999969043, 8585593.492979999631643 ], [ 584093.527950000017881, 8585584.757069999352098 ], [ 584096.727749999961816, 8585573.358149999752641 ], [ 584098.52625, 8585563.358960000798106 ], [ 584098.323800000012852, 8585554.960629999637604 ], [ 584097.720070000039414, 8585544.362260000780225 ], [ 584096.91546000004746, 8585533.16440000012517 ], [ 584097.110100000048988, 8585513.167419999837875 ], [ 584099.924239999963902, 8585492.571229999884963 ], [ 584102.123099999967963, 8585481.772150000557303 ], [ 584105.12286, 8585472.57272999919951 ], [ 584110.124309999984689, 8585461.572960000485182 ], [ 584115.5272699999623, 8585453.572629999369383 ], [ 584122.130389999947511, 8585445.372080000117421 ], [ 584130.33661, 8585439.370479999110103 ], [ 584138.743219999945723, 8585434.968699999153614 ], [ 584147.750639999983832, 8585431.56635 ], [ 584170.77093, 8585426.96030000038445 ], [ 584178.578779999981634, 8585428.357599999755621 ], [ 584186.187260000035167, 8585434.154190000146627 ], [ 584192.061860000016168, 8585442.404260000213981 ], [ 584197.871799999964423, 8585455.400329999625683 ], [ 584207.084159999969415, 8585468.595219999551773 ], [ 584217.0977300000377, 8585481.790230000391603 ], [ 584225.507789999945089, 8585488.786399999633431 ], [ 584247.383720000041649, 8585498.240390000864863 ], [ 584257.794360000058077, 8585502.436620000749826 ], [ 584268.006030000047758, 8585507.03259 ], [ 584272.610089999972843, 8585506.63150000013411 ], [ 584280.61722999997437, 8585506.029160000383854 ], [ 584288.423330000019632, 8585501.627569999545813 ], [ 584296.02816999994684, 8585495.426300000399351 ], [ 584302.03232, 8585489.62521000020206 ], [ 584312.497199999983422, 8585473.311459999531507 ], [ 584324.30302, 8585455.910819999873638 ], [ 584332.508449999964796, 8585447.309730000793934 ], [ 584337.712219999986701, 8585444.308590000495315 ], [ 584342.51679999998305, 8585443.307159999385476 ], [ 584345.719309999956749, 8585443.50603000074625 ], [ 584354.328570000012405, 8585445.50337 ], [ 584363.31695, 8585448.431229999288917 ], [ 584381.53605, 8585456.02432999946177 ], [ 584399.555500000016764, 8585464.41763 ], [ 584406.884700000053272, 8585468.939160000532866 ], [ 584416.094769999966957, 8585471.9359300006181 ], [ 584427.907080000033602, 8585475.931879999116063 ], [ 584432.11095, 8585476.93057999946177 ], [ 584435.11343000002671, 8585476.729450000450015 ], [ 584438.916650000028312, 8585474.92856 ], [ 584443.320380000048317, 8585473.127490000799298 ], [ 584446.723349999985658, 8585472.526550000533462 ], [ 584450.326589999953285, 8585473.125369999557734 ], [ 584454.931880000047386, 8585474.123950000852346 ], [ 584461.338669999968261, 8585477.721470000222325 ], [ 584469.598160000052303, 8585482.5768 ], [ 584482.613009999971837, 8585491.571520000696182 ], [ 584504.654439999954775, 8585507.2248 ], [ 584527.480289999977686, 8585520.615769999101758 ], [ 584553.707760000019334, 8585531.606070000678301 ], [ 584569.5244, 8585537.800230000168085 ], [ 584586.65515999996569, 8585539.509020000696182 ], [ 584592.66058000002522, 8585537.90730999968946 ], [ 584599.865680000046268, 8585531.90601 ], [ 584605.66839, 8585523.705709999427199 ], [ 584609.068450000020675, 8585513.506179999560118 ], [ 584610.06574999995064, 8585500.908120000734925 ], [ 584612.064830000046641, 8585490.50916999951005 ], [ 584617.066220000036992, 8585479.309180000796914 ], [ 584623.100680000032298, 8585469.826959999278188 ], [ 584627.257209999952465, 8585460.923219999298453 ], [ 584628.641229999950156, 8585453.00949 ], [ 584629.033459999947809, 8585441.33701 ], [ 584626.640430000028573, 8585428.532670000568032 ], [ 584621.289059999980964, 8585415.279200000688434 ], [ 584611.38061, 8585397.872470000758767 ], [ 584599.84195000003092, 8585376.578180000185966 ], [ 584587.554849999956787, 8585351.258859999477863 ], [ 584579.827049999963492, 8585337.412900000810623 ], [ 584570.897020000033081, 8585324.87377000041306 ], [ 584561.784360000048764, 8585316.171669999137521 ], [ 584546.727869999944232, 8585302.129960000514984 ], [ 584537.21774, 8585290.460480000823736 ], [ 584531.669149999972433, 8585280.768130000680685 ], [ 584520.572369999950752, 8585259.998679999262094 ], [ 584511.205330000026152, 8585244.400839999318123 ], [ 584503.290889999945648, 8585234.426589999347925 ], [ 584491.396749999956228, 8585221.068469999358058 ], [ 584486.317000000039116, 8585215.749849999323487 ], [ 584484.829630000051111, 8585212.409959999844432 ], [ 584485.323420000029728, 8585208.698119999840856 ], [ 584485.074759999988601, 8585204.73893 ], [ 584484.577689999947324, 8585200.28541 ], [ 584483.957509999978356, 8585196.573909999802709 ], [ 584484.947550000040792, 8585194.594159999862313 ], [ 584486.310659999959171, 8585194.840940000489354 ], [ 584488.168689999962226, 8585195.087950000539422 ], [ 584492.50477, 8585198.798329999670386 ], [ 584500.92926, 8585208.198620000854135 ], [ 584506.505450000055134, 8585215.867510000243783 ], [ 584509.444449999951757, 8585221.608470000326633 ], [ 584518.584410000010394, 8585237.96811000071466 ], [ 584531.820500000030734, 8585256.214220000430942 ], [ 584548.206409999984317, 8585276.347489999607205 ], [ 584566.167200000025332, 8585293.333440000191331 ], [ 584589.231550000025891, 8585306.412270000204444 ], [ 584597.739210000028834, 8585313.647029999643564 ], [ 584601.520509999943897, 8585319.309429999440908 ], [ 584602.46869, 8585328.119899999350309 ], [ 584602.472500000032596, 8585340.706110000610352 ], [ 584602.16125, 8585353.607100000604987 ], [ 584603.117240000050515, 8585361.617799999192357 ], [ 584607.214569999952801, 8585370.112630000337958 ], [ 584617.299359999946319, 8585384.269200000911951 ], [ 584629.272690000012517, 8585395.593040000647306 ], [ 584638.725809999974445, 8585405.34461 ], [ 584647.250950000016019, 8585417.041980000212789 ], [ 584651.664299999945797, 8585428.368109999224544 ], [ 584654.50253000005614, 8585439.380419999361038 ], [ 584655.13621000002604, 8585450.393389999866486 ], [ 584652.935040000011213, 8585464.239 ], [ 584651.677849999978207, 8585473.049760000780225 ], [ 584646.32606, 8585485.008230000734329 ], [ 584642.23465, 8585496.02263000048697 ], [ 584638.039070000057109, 8585519.68853 ], [ 584635.32967, 8585534.793020000681281 ], [ 584633.976090000011027, 8585547.38002 ], [ 584634.17539999994915, 8585564.033180000260472 ], [ 584634.584479999961331, 8585576.023460000753403 ], [ 584634.601370000047609, 8585576.170259999111295 ], [ 584636.72294, 8585594.612229999154806 ], [ 584641.369440000038594, 8585619.889869999140501 ], [ 584643.570900000049733, 8585628.29505000077188 ], [ 584646.909519999986514, 8585638.744950000196695 ], [ 584651.38492999994196, 8585647.376870000734925 ], [ 584659.53151, 8585660.009829999879003 ], [ 584668.602940000011586, 8585670.997500000521541 ], [ 584676.343540000030771, 8585679.207490000873804 ], [ 584684.113540000049397, 8585686.018920000642538 ], [ 584691.732390000019222, 8585691.45160000026226 ], [ 584699.83447, 8585695.555309999734163 ], [ 584711.926549999974668, 8585699.77862000092864 ], [ 584719.81906, 8585701.24151 ], [ 584729.37075, 8585701.117809999734163 ], [ 584743.879380000056699, 8585700.026559999212623 ], [ 584759.15081999998074, 8585697.228560000658035 ], [ 584780.42949, 8585693.477970000356436 ], [ 584796.543990000034682, 8585690.440339999273419 ], [ 584809.722440000041388, 8585688.745489999651909 ], [ 584821.087530000018887, 8585687.896420000120997 ], [ 584834.507480000029318, 8585687.771919999271631 ], [ 584840.33941999997478, 8585688.256349999457598 ], [ 584844.329860000056215, 8585689.825200000777841 ], [ 584849.892469999962486, 8585692.60122000053525 ], [ 584854.850899999961257, 8585696.585459999740124 ], [ 584861.38077000004705, 8585702.018100000917912 ], [ 584867.669269999954849, 8585706.24316 ], [ 584874.561789999948815, 8585708.777550000697374 ], [ 584879.803049999987707, 8585709.763639999553561 ], [ 584884.760280000045896, 8585709.762129999697208 ], [ 584893.10216, 8585707.223489999771118 ], [ 584897.602349999942817, 8585704.553659999743104 ], [ 584902.679499999969266, 8585701.291200000792742 ], [ 584907.031560000032187, 8585699.236609999090433 ], [ 584911.625950000016019, 8585698.873180000111461 ], [ 584917.671459999983199, 8585699.233379999175668 ], [ 584925.28914, 8585700.801130000501871 ], [ 584929.763279999955557, 8585702.611439999192953 ], [ 584937.260050000040792, 8585706.836139999330044 ], [ 584946.45045, 8585711.422730000689626 ], [ 584952.17472, 8585713.039519999176264 ], [ 584963.78269999998156, 8585715.692910000681877 ], [ 584976.720869999960996, 8585719.070709999650717 ], [ 584987.119429999962449, 8585723.294530000537634 ], [ 584994.77332000003662, 8585727.30927 ], [ 585002.150430000037886, 8585732.983260000124574 ], [ 585014.848660000017844, 8585742.520199999213219 ], [ 585024.181860000011511, 8585750.189820000901818 ], [ 585030.591329999966547, 8585754.656449999660254 ], [ 585038.08895, 8585759.00194999948144 ], [ 585043.167999999946915, 8585764.676640000194311 ], [ 585045.708489999989979, 8585769.386050000786781 ], [ 585046.798199999961071, 8585774.458310000598431 ], [ 585046.44088, 8585781.64691000059247 ], [ 585046.683689999976195, 8585784.907390000298619 ], [ 585047.289330000057817, 8585788.530540000647306 ], [ 585049.225910000037402, 8585795.293400000780821 ], [ 585052.008400000049733, 8585800.606380000710487 ], [ 585056.362590000033379, 8585805.556840000674129 ], [ 585063.134940000018105, 8585810.50658000074327 ], [ 585070.753490000031888, 8585814.97284 ], [ 585075.013769999961369, 8585818.55684999935329 ], [ 585078.883879999979399, 8585822.058199999853969 ], [ 585082.150009999983013, 8585827.371029999107122 ], [ 585084.69039999996312, 8585831.718040000647306 ], [ 585085.901049999985844, 8585836.911059999838471 ], [ 585086.507390000042506, 8585842.828709999099374 ], [ 585086.308229999965988, 8585850.611589999869466 ], [ 585084.772950000013225, 8585856.755459999665618 ], [ 585081.391719999955967, 8585862.592289999127388 ], [ 585077.088699999963865, 8585866.894020000472665 ], [ 585066.942690000054426, 8585871.504370000213385 ], [ 585058.333639999968, 8585875.50016999989748 ], [ 585049.725710000027902, 8585883.181579999625683 ], [ 585039.274650000035763, 8585894.549879999831319 ], [ 585028.51642, 8585908.374970000237226 ], [ 585017.96184, 8585918.59791 ], [ 585006.587560000014491, 8585929.044819999486208 ], [ 584995.213480000034906, 8585940.106170000508428 ], [ 584983.531730000046082, 8585949.324270000681281 ], [ 584975.230680000036955, 8585953.6272 ], [ 584965.391040000016801, 8585955.7804000005126 ], [ 584954.013690000050701, 8585956.091080000624061 ], [ 584944.48046999995131, 8585953.329299999400973 ], [ 584934.805030000046827, 8585946.73955 ], [ 584926.893840000033379, 8585942.183520000427961 ], [ 584911.681059999973513, 8585936.414219999685884 ], [ 584897.078609999967739, 8585936.418649999424815 ], [ 584878.217519999947399, 8585938.247959999367595 ], [ 584861.789809999987483, 8585939.772299999371171 ], [ 584845.971110000042245, 8585940.080970000475645 ], [ 584824.504059999948367, 8585944.626150000840425 ], [ 584816.59574000001885, 8585949.490480000153184 ], [ 584807.469629999948665, 8585952.228450000286102 ], [ 584798.64784, 8585953.75048 ], [ 584781.915329999988899, 8585952.23619999922812 ], [ 584770.963669999968261, 8585952.847260000184178 ], [ 584752.407080000033602, 8585954.068369999527931 ], [ 584740.23773000005167, 8585952.856580000370741 ], [ 584718.939660000032745, 8585943.138439999893308 ], [ 584696.424729999969713, 8585934.332639999687672 ], [ 584679.99601, 8585932.514399999752641 ], [ 584670.565369999967515, 8585933.125 ], [ 584653.68281000002753, 8585936.51706999912858 ], [ 584645.467949999962002, 8585935.304080000147223 ], [ 584634.210749999969266, 8585930.445189999416471 ], [ 584624.476050000055693, 8585930.448140000924468 ], [ 584613.525039999978617, 8585933.186669999733567 ], [ 584595.8824, 8585942.00464 ], [ 584579.154310000012629, 8585955.076519999653101 ], [ 584563.94808, 8585970.88315000012517 ], [ 584547.83022, 8585989.424890000373125 ], [ 584536.579189999960363, 8586004.926449999213219 ], [ 584528.98664000001736, 8586019.761369999498129 ], [ 584522.299420000053942, 8586037.692880000919104 ], [ 584519.874440000043251, 8586068.385660000145435 ], [ 584521.709090000018477, 8586097.862050000578165 ], [ 584524.452810000046156, 8586118.829029999673367 ], [ 584528.765370000037365, 8586140.669490000233054 ], [ 584539.696009999956004, 8586166.427319999784231 ], [ 584543.339709999971092, 8586175.518470000475645 ], [ 584543.341819999972358, 8586182.489229999482632 ], [ 584542.433190000010654, 8586189.763010000810027 ], [ 584539.70538000005763, 8586197.340840000659227 ], [ 584531.819849999970756, 8586208.253860000520945 ], [ 584525.46112, 8586219.613099999725819 ], [ 584523.946050000027753, 8586225.978059999644756 ], [ 584523.34065999998711, 8586231.130620000883937 ], [ 584526.37795, 8586242.040330000221729 ], [ 584533.96907, 8586262.343669999390841 ], [ 584537.917750000022352, 8586275.071480000391603 ], [ 584538.526659999974072, 8586284.16355000063777 ], [ 584539.460180000052787, 8586303.1371 ], [ 584541.28466, 8586317.684299999848008 ], [ 584544.626500000013039, 8586333.442800000309944 ], [ 584554.94926000002306, 8586356.169940000399947 ], [ 584563.144119999953546, 8586365.86596 ], [ 584575.58606, 8586372.832939999178052 ], [ 584588.634119999944232, 8586377.07199 ], [ 584599.637839999981225, 8586378.018659999594092 ], [ 584614.50376, 8586374.983279999345541 ], [ 584625.7293, 8586373.767750000581145 ], [ 584639.686289999983273, 8586374.369389999657869 ], [ 584649.698459999985062, 8586374.972610000520945 ], [ 584666.38656999997329, 8586378.90742 ], [ 584678.82785999996122, 8586383.752900000661612 ], [ 584688.842210000031628, 8586388.901869999244809 ], [ 584697.642390000051819, 8586395.869960000738502 ], [ 584707.74448, 8586405.91811 ], [ 584714.72586, 8586414.402000000700355 ], [ 584722.007860000012442, 8586417.430299999192357 ], [ 584730.503939999965951, 8586418.337090000510216 ], [ 584741.425470000016503, 8586414.090779999271035 ], [ 584748.099019999965094, 8586409.54263 ], [ 584752.95160000002943, 8586404.6919 ], [ 584756.59089, 8586399.235670000314713 ], [ 584760.532980000018142, 8586392.869969999417663 ], [ 584763.26278, 8586389.232389999553561 ], [ 584766.599569999962114, 8586388.322000000625849 ], [ 584769.33038000005763, 8586388.01805 ], [ 584772.668990000034682, 8586390.44166 ], [ 584773.883840000024065, 8586396.199549999088049 ], [ 584773.279179999954067, 8586403.776739999651909 ], [ 584772.979320000042208, 8586414.384330000728369 ], [ 584774.19671000004746, 8586428.477970000356436 ], [ 584774.200930000049993, 8586442.419479999691248 ], [ 584772.989960000035353, 8586452.117979999631643 ], [ 584769.049250000040047, 8586463.029799999669194 ], [ 584759.345029999967664, 8586478.489509999752045 ], [ 584746.677170000039041, 8586505.30591999925673 ], [ 584732.834060000022873, 8586532.034329999238253 ], [ 584728.849909999989904, 8586532.604129999876022 ], [ 584724.29628, 8586531.847510000690818 ], [ 584722.207169999950565, 8586527.10962999984622 ], [ 584722.396309999981895, 8586523.508610000833869 ], [ 584725.786199999973178, 8586511.667440000921488 ], [ 584731.474640000029467, 8586501.431050000712276 ], [ 584741.905600000056438, 8586484.938720000907779 ], [ 584745.50844, 8586476.21896000020206 ], [ 584744.079389999969862, 8586468.529789999127388 ], [ 584741.62451, 8586461.74396999925375 ], [ 584735.392480000038631, 8586449.68052 ], [ 584726.707459999946877, 8586437.052570000290871 ], [ 584718.589709999971092, 8586429.137250000610948 ], [ 584700.659800000023097, 8586412.95291000045836 ], [ 584688.079069999977946, 8586402.830930000171065 ], [ 584678.315949999960139, 8586396.833659999072552 ], [ 584667.052060000016354, 8586393.836780000478029 ], [ 584658.229290000046603, 8586392.151939999312162 ], [ 584646.777480000047944, 8586388.7804000005126 ], [ 584637.767190000042319, 8586388.03297 ], [ 584628.381500000017695, 8586390.66103 ], [ 584621.999850000021979, 8586392.913100000470877 ], [ 584615.05484, 8586392.727660000324249 ], [ 584609.4228900000453, 8586392.541829999536276 ], [ 584597.408509999979287, 8586389.357629999518394 ], [ 584591.401049999985844, 8586389.546989999711514 ], [ 584586.708379999967292, 8586390.111039999872446 ], [ 584583.331, 8586395.362500000745058 ], [ 584583.145810000016354, 8586401.362789999693632 ], [ 584585.567769999965094, 8586405.89439 ], [ 584592.843190000043251, 8586427.127329999580979 ], [ 584593.794039999949746, 8586439.427279999479651 ], [ 584590.482899999944493, 8586453.147199999541044 ], [ 584583.85618, 8586465.922590000554919 ], [ 584579.242059999960475, 8586483.622679999098182 ], [ 584573.966819999972358, 8586522.101379999890924 ], [ 584579.264710000017658, 8586558.313319999724627 ], [ 584592.112109999987297, 8586583.960950000211596 ], [ 584593.62769, 8586600.558159999549389 ], [ 584607.234479999984615, 8586639.78541 ], [ 584622.10488, 8586670.13851 ], [ 584629.496649999986403, 8586692.26549999974668 ], [ 584636.8861, 8586709.37658 ], [ 584647.526440000045113, 8586729.43702 ], [ 584658.755559999961406, 8586745.366869999095798 ], [ 584677.129919999977574, 8586767.881650000810623 ], [ 584697.518399999942631, 8586789.709780000150204 ], [ 584721.743340000044554, 8586802.38968 ], [ 584739.467369999969378, 8586806.81038000062108 ], [ 584779.746599999954924, 8586811.914380000904202 ], [ 584811.352210000040941, 8586812.789930000901222 ], [ 584827.894210000056773, 8586813.37476 ], [ 584835.277830000035465, 8586811.307320000603795 ], [ 584838.821420000051148, 8586806.585249999538064 ], [ 584843.247379999957047, 8586793.011150000616908 ], [ 584847.71537, 8586779.868790000677109 ], [ 584858.63928, 8586762.161930000409484 ], [ 584867.497089999960735, 8586749.176699999719858 ], [ 584877.241739999968559, 8586739.436839999631047 ], [ 584886.396350000053644, 8586732.352569999173284 ], [ 584902.639579999959096, 8586723.200959999114275 ], [ 584915.043580000055954, 8586716.705919999629259 ], [ 584929.675320000038482, 8586712.283989999443293 ], [ 584944.15018, 8586708.80205 ], [ 584951.6629, 8586707.15216 ], [ 584960.091329999966547, 8586702.939780000597239 ], [ 584965.58733, 8586698.72793 ], [ 584968.334090000018477, 8586692.503520000725985 ], [ 584968.341890000039712, 8586686.347810000181198 ], [ 584966.141760000027716, 8586682.321730000898242 ], [ 584956.24393, 8586673.355510000139475 ], [ 584946.89633000001777, 8586666.036739999428391 ], [ 584940.663760000024922, 8586660.181199999526143 ], [ 584939.563470000051893, 8586657.43589000031352 ], [ 584942.31050000002142, 8586652.126830000430346 ], [ 584945.242089999956079, 8586649.380289999768138 ], [ 584949.823280000011437, 8586650.660000000149012 ], [ 584965.584649999975227, 8586657.97719999961555 ], [ 584976.031590000027791, 8586664.929500000551343 ], [ 584983.729949999949895, 8586672.066069999709725 ], [ 584991.977760000037961, 8586678.286769999191165 ], [ 585007.45430999994278, 8586687.340399999171495 ], [ 585024.498159999959171, 8586694.8399 ], [ 585035.860480000032112, 8586698.131309999153018 ], [ 585047.221860000048764, 8586698.3109300006181 ], [ 585058.032559999963269, 8586695.378939999267459 ], [ 585071.041839999961667, 8586691.347869999706745 ], [ 585077.699550000019372, 8586690.386509999632835 ], [ 585086.861900000018068, 8586690.200670000165701 ], [ 585096.390529999975115, 8586691.113120000809431 ], [ 585114.716780000017025, 8586695.866580000147223 ], [ 585128.889489999972284, 8586698.085570000112057 ], [ 585138.417780000017956, 8586697.899620000272989 ], [ 585152.160430000047199, 8586696.06477 ], [ 585164.43695999996271, 8586691.85122000053525 ], [ 585180.743389999959618, 8586683.792400000616908 ], [ 585191.051759999943897, 8586677.671229999512434 ], [ 585201.311009999946691, 8586669.065029999241233 ], [ 585219.264409999945201, 8586653.684110000729561 ], [ 585233.418339999974705, 8586641.870999999344349 ], [ 585245.87601, 8586631.616520000621676 ], [ 585254.303160000010394, 8586623.193959999829531 ], [ 585264.195330000016838, 8586613.489840000867844 ], [ 585270.606589999981225, 8586605.250949999317527 ], [ 585275.73484000004828, 8586597.74434999935329 ], [ 585278.663350000046194, 8586587.493149999529123 ], [ 585279.064170000026934, 8586574.909050000831485 ], [ 585277.962999999988824, 8586569.235020000487566 ], [ 585278.695169999962673, 8586564.841539999470115 ], [ 585279.426759999943897, 8586561.180330000817776 ], [ 585284.554959999979474, 8586553.49104000069201 ], [ 585289.318319999962114, 8586549.462840000167489 ], [ 585294.265649999957532, 8586548.729070000350475 ], [ 585302.695470000035129, 8586549.09265 ], [ 585310.757330000051297, 8586548.174860000610352 ], [ 585320.651500000036322, 8586545.060079999268055 ], [ 585330.911639999947511, 8586539.38260000012815 ], [ 585346.929559999960475, 8586528.869039999321103 ], [ 585372.2119, 8586511.838279999792576 ], [ 585381.189329999964684, 8586505.245850000530481 ], [ 585390.350240000057966, 8586500.300979999825358 ], [ 585398.777920000022277, 8586496.271299999207258 ], [ 585403.35765999997966, 8586492.792370000854135 ], [ 585408.707580000045709, 8586487.934040000662208 ], [ 585422.079090000013821, 8586471.639159999787807 ], [ 585437.28434000001289, 8586457.906309999525547 ], [ 585453.937649999978021, 8586445.434359999373555 ], [ 585469.42250999994576, 8586434.04514 ], [ 585486.077290000044741, 8586426.450409999117255 ], [ 585506.240100000053644, 8586421.773639999330044 ], [ 585525.05186, 8586419.42272000014782 ], [ 585539.661590000032447, 8586414.163760000839829 ], [ 585549.011829999973997, 8586408.906749999150634 ], [ 585560.698820000048727, 8586401.02159 ], [ 585579.690279999980703, 8586390.50675000064075 ], [ 585596.63775, 8586383.203870000317693 ], [ 585616.507869999972172, 8586378.23525 ], [ 585633.125729999970645, 8586373.798170000314713 ], [ 585638.33077, 8586374.95168000087142 ], [ 585644.11364, 8586378.415540000423789 ], [ 585647.296770000015385, 8586386.50088999979198 ], [ 585647.298700000043027, 8586392.85458 ], [ 585646.723020000034012, 8586402.962640000507236 ], [ 585647.88242000003811, 8586411.914729999378324 ], [ 585655.112579999957234, 8586419.421310000121593 ], [ 585671.305320000043139, 8586427.214129999279976 ], [ 585683.449299999978393, 8586429.809569999575615 ], [ 585700.219120000023395, 8586434.714129999279976 ], [ 585709.29714000003878, 8586440.877529999241233 ], [ 585715.370439999969676, 8586447.806919999420643 ], [ 585721.154199999989942, 8586451.55937 ], [ 585728.093319999985397, 8586453.578840000554919 ], [ 585739.659009999944828, 8586455.019370000809431 ], [ 585751.22407, 8586457.037440000101924 ], [ 585758.45317, 8586461.078409999608994 ], [ 585762.791929999948479, 8586468.297280000522733 ], [ 585764.818899999954738, 8586478.115599999204278 ], [ 585764.532069999957457, 8586486.49096 ], [ 585765.402800000039861, 8586497.753669999539852 ], [ 585767.746870000031777, 8586508.618470000103116 ], [ 585774.400580000015907, 8586521.034879999235272 ], [ 585783.367990000057034, 8586537.204789999872446 ], [ 585785.682829999946989, 8586544.712859999388456 ], [ 585788.026749999960884, 8586560.378830000758171 ], [ 585790.919989999965765, 8586566.731270000338554 ], [ 585797.571130000054836, 8586573.371530000120401 ], [ 585805.089520000037737, 8586577.123819999396801 ], [ 585819.83719, 8586585.494619999080896 ], [ 585828.512340000015683, 8586592.134260000661016 ], [ 585840.080990000045858, 8586605.992839999496937 ], [ 585843.264040000038221, 8586613.789610000327229 ], [ 585847.908999999985099, 8586628.678610000759363 ], [ 585848.201, 8586637.342369999736547 ], [ 585847.3371, 8586648.60561 ], [ 585846.76214, 8586658.42509 ], [ 585844.164319999981672, 8586671.99938 ], [ 585841.242450000019744, 8586698.816570000723004 ], [ 585839.8038200000301, 8586712.686559999361634 ], [ 585836.375690000015311, 8586755.276089999824762 ], [ 585835.125239999964833, 8586773.013189999386668 ], [ 585836.034970000036992, 8586785.2948800008744 ], [ 585837.831920000026003, 8586796.760509999468923 ], [ 585839.269459999981336, 8586805.89707 ], [ 585840.88795, 8586818.975320000201464 ], [ 585841.426779999979772, 8586822.916519999504089 ], [ 585843.580139999976382, 8586826.857240000739694 ], [ 585848.603469999972731, 8586829.543199999257922 ], [ 585853.62529, 8586829.899979999288917 ], [ 585858.467949999962002, 8586829.54020999930799 ], [ 585863.489120000042021, 8586827.747150000184774 ], [ 585868.15203, 8586827.387429999187589 ], [ 585873.354090000037104, 8586829.356349999085069 ], [ 585877.703620000043884, 8586832.25616000033915 ], [ 585883.982629999984056, 8586837.091579999774694 ], [ 585890.26191, 8586842.82295 ], [ 585896.181680000037886, 8586845.866569999605417 ], [ 585901.203779999981634, 8586847.119300000369549 ], [ 585912.324570000055246, 8586848.728119999170303 ], [ 585926.672649999964051, 8586849.799060000106692 ], [ 585939.048459999961779, 8586848.72001999989152 ], [ 585953.135619999957271, 8586845.317239999771118 ], [ 585971.43840999994427, 8586836.454700000584126 ], [ 585988.312400000053458, 8586828.734999999403954 ], [ 585999.752650000038557, 8586825.874399999156594 ], [ 586012.622839999967255, 8586823.013369999825954 ], [ 586025.494620000012219, 8586822.723869999870658 ], [ 586035.79238, 8586824.14911999925971 ], [ 586057.39934, 8586829.115609999746084 ], [ 586068.818160000024363, 8586832.67619 ], [ 586077.785950000048615, 8586836.805740000680089 ], [ 586087.06357, 8586841.970960000529885 ], [ 586095.807060000021011, 8586848.027079999446869 ], [ 586104.372729999944568, 8586855.152580000460148 ], [ 586116.15015, 8586866.37580999918282 ], [ 586124.569849999970756, 8586873.250800000503659 ], [ 586130.45915, 8586879.486010000109673 ], [ 586136.170539999962784, 8586889.10709 ], [ 586137.778139999951236, 8586895.521819999441504 ], [ 586139.029789999942295, 8586903.005979999899864 ], [ 586140.45808000001125, 8586908.173580000177026 ], [ 586143.853140000021085, 8586913.388690000399947 ], [ 586149.741750000044703, 8586919.980329999700189 ], [ 586155.988460000022314, 8586927.284749999642372 ], [ 586158.310010000015609, 8586935.659320000559092 ], [ 586159.046680000028573, 8586943.40760999917984 ], [ 586160.119109999970533, 8586950.0007199998945 ], [ 586165.831630000029691, 8586960.690759999677539 ], [ 586170.828310000011697, 8586965.857279999181628 ], [ 586174.397469999967143, 8586971.02386 ], [ 586175.469900000025518, 8586977.616970000788569 ], [ 586175.828179999953136, 8586981.537350000813603 ], [ 586174.937329999986105, 8586986.349220000207424 ], [ 586172.26356, 8586994.01279 ], [ 586164.91715, 8587009.8147899992764 ], [ 586159.033739999984391, 8587023.003440000116825 ], [ 586154.397759999963455, 8587029.776499999687076 ], [ 586150.29625000001397, 8587034.054679999127984 ], [ 586143.697309999959543, 8587040.11545000039041 ], [ 586133.886470000026748, 8587044.21714000031352 ], [ 586123.864249999984168, 8587047.67722 ], [ 586114.05319, 8587051.066020000725985 ], [ 586105.134869999950752, 8587055.880319999530911 ], [ 586097.287679999950342, 8587063.010789999738336 ], [ 586092.474389999988489, 8587075.129790000617504 ], [ 586091.406109999981709, 8587082.258209999650717 ], [ 586091.76512, 8587091.263860000297427 ], [ 586094.0871, 8587101.064190000295639 ], [ 586099.620839999988675, 8587112.28931999951601 ], [ 586107.652589999954216, 8587126.36486 ], [ 586112.115289999986999, 8587135.62988 ], [ 586115.68585, 8587142.756890000775456 ], [ 586119.382300000055693, 8587155.673809999600053 ], [ 586121.15885, 8587166.349759999662638 ], [ 586121.161549999960698, 8587175.235829999670386 ], [ 586121.163270000019111, 8587180.922870000824332 ], [ 586119.031330000027083, 8587191.764799999073148 ], [ 586117.788240000023507, 8587199.22958 ], [ 586117.611550000030547, 8587204.028179999440908 ], [ 586120.460470000049099, 8587210.425380000844598 ], [ 586124.238050000043586, 8587214.44353000074625 ], [ 586129.753709999960847, 8587216.574540000408888 ], [ 586144.343329999945126, 8587216.747959999367595 ], [ 586153.595910000032745, 8587219.055689999833703 ], [ 586160.53582, 8587223.674280000850558 ], [ 586167.120950000011362, 8587230.603520000353456 ], [ 586171.57091, 8587237.710880000144243 ], [ 586183.138690000050701, 8587246.060639999806881 ], [ 586191.146779999951832, 8587251.21208 ], [ 586193.814170000026934, 8587257.057520000264049 ], [ 586201.115450000041164, 8587265.186729999259114 ], [ 586207.010200000018813, 8587265.465329999104142 ], [ 586213.185760000022128, 8587264.061550000682473 ], [ 586216.83398999995552, 8587261.536639999598265 ], [ 586222.44603, 8587254.525030000135303 ], [ 586226.094859999953769, 8587253.963160000741482 ], [ 586230.867929999949411, 8587255.36362 ], [ 586233.676300000050105, 8587260.970769999548793 ], [ 586235.923410000046715, 8587265.736940000206232 ], [ 586241.819649999961257, 8587268.25895999930799 ], [ 586251.926330000045709, 8587272.181600000709295 ], [ 586258.226890000049025, 8587278.986390000209212 ], [ 586261.36462, 8587291.506769999861717 ], [ 586261.36707000003662, 8587299.555800000205636 ], [ 586264.951340000028722, 8587309.39267 ], [ 586277.491700000013225, 8587327.276210000738502 ], [ 586287.345070000039414, 8587343.81870000064373 ], [ 586309.738660000031814, 8587375.11431 ], [ 586319.59121999994386, 8587388.973789999261498 ], [ 586331.681789999944158, 8587401.491450000554323 ], [ 586342.875869999988936, 8587408.19558 ], [ 586351.640739999944344, 8587420.98568999953568 ], [ 586370.302359999972396, 8587452.475190000608563 ], [ 586390.73945, 8587483.07715000025928 ], [ 586406.806590000051074, 8587523.212279999628663 ], [ 586414.36173, 8587541.840800000354648 ], [ 586415.697230000048876, 8587552.043360000476241 ], [ 586413.923779999953695, 8587562.246500000357628 ], [ 586406.82785999996122, 8587588.026200000196695 ], [ 586403.221329999971204, 8587600.510970000177622 ], [ 586404.612010000040755, 8587606.613679999485612 ], [ 586408.223, 8587608.831769999116659 ], [ 586413.221969999955036, 8587608.275459999218583 ], [ 586417.387310000020079, 8587607.164610000327229 ], [ 586425.16154, 8587601.336510000750422 ], [ 586427.938139999983832, 8587600.503469999879599 ], [ 586432.660419999971054, 8587601.889030000194907 ], [ 586436.272170000011101, 8587606.604080000892282 ], [ 586436.273509999969974, 8587611.042829999700189 ], [ 586436.275950000039302, 8587619.08775999955833 ], [ 586432.39142, 8587631.850010000169277 ], [ 586432.117289999965578, 8587644.888189999386668 ], [ 586430.454039999982342, 8587654.32099 ], [ 586427.123490000027232, 8587659.870340000838041 ], [ 586428.235330000054091, 8587663.47618000023067 ], [ 586430.901120000053197, 8587674.66266000084579 ], [ 586437.97274, 8587688.33842 ], [ 586437.97702, 8587702.457769999280572 ], [ 586437.100409999955446, 8587724.9605 ], [ 586431.805419999989681, 8587743.493359999731183 ], [ 586428.718089999980293, 8587758.93726 ], [ 586422.53738999995403, 8587769.969830000773072 ], [ 586416.356030000024475, 8587778.796250000596046 ], [ 586408.68299, 8587796.682949999347329 ], [ 586402.886260000057518, 8587811.308900000527501 ], [ 586398.19594, 8587827.590329999104142 ], [ 586398.199539999943227, 8587839.455080000683665 ], [ 586400.412699999986216, 8587851.871339999139309 ], [ 586407.092569999978878, 8587878.820960000157356 ], [ 586417.59719, 8587905.858899999409914 ], [ 586433.07629, 8587939.241569999605417 ], [ 586451.683349999948405, 8587968.915319999679923 ], [ 586463.565530000021681, 8587982.708189999684691 ], [ 586476.827700000023469, 8587991.258029999211431 ], [ 586507.769979999982752, 8588005.596930000931025 ], [ 586548.705440000048839, 8588021.678479999303818 ], [ 586559.480089999968186, 8588027.469629999250174 ], [ 586570.25509, 8588034.364779999479651 ], [ 586579.373249999945983, 8588042.639970000833273 ], [ 586590.977590000024065, 8588049.258600000292063 ], [ 586605.895909999962896, 8588054.220769999548793 ], [ 586619.984889999963343, 8588059.459109999239445 ], [ 586632.230420000036247, 8588067.30718999914825 ], [ 586641.071940000052564, 8588075.030649999156594 ], [ 586656.54631, 8588090.201959999278188 ], [ 586667.874620000016876, 8588100.960020000115037 ], [ 586685.004900000058115, 8588111.715940000489354 ], [ 586733.130950000020675, 8588137.766359999775887 ], [ 586748.050150000024587, 8588148.24742 ], [ 586754.957999999984168, 8588153.487940000370145 ], [ 586756.339690000051633, 8588156.522490000352263 ], [ 586758.828540000016801, 8588163.696070000529289 ], [ 586758.554160000057891, 8588170.594200000166893 ], [ 586753.58421, 8588179.149569999426603 ], [ 586743.08638, 8588187.808779999613762 ], [ 586736.182849999982864, 8588194.15747999958694 ], [ 586730.661169999977574, 8588204.09256000071764 ], [ 586727.62578, 8588215.406409999355674 ], [ 586725.155739999958314, 8588230.400100000202656 ], [ 586726.539830000023358, 8588238.677260000258684 ], [ 586729.579690000042319, 8588244.747039999812841 ], [ 586731.514330000034533, 8588247.781430000439286 ], [ 586742.013309999951161, 8588253.573039999231696 ], [ 586752.511580000049435, 8588259.640189999714494 ], [ 586759.972829999984242, 8588269.019509999081492 ], [ 586763.290589999989606, 8588279.779999999329448 ], [ 586764.676850000047125, 8588295.231489999219775 ], [ 586766.614590000011958, 8588308.475560000166297 ], [ 586766.008750000037253, 8588309.496600000187755 ], [ 586778.191630000015721, 8588340.749260000884533 ], [ 586790.63194, 8588370.245729999616742 ], [ 586780.302999999956228, 8588369.674669999629259 ], [ 586765.28105999995023, 8588363.249479999765754 ], [ 586751.062329999986105, 8588350.125830000266433 ], [ 586730.402409999980591, 8588326.287760000675917 ], [ 586723.428100000019185, 8588322.539039999246597 ], [ 586715.650340000051074, 8588324.684520000591874 ], [ 586712.701160000055097, 8588327.900480000302196 ], [ 586711.629040000028908, 8588330.312009999528527 ], [ 586714.848830000031739, 8588334.32994999922812 ], [ 586725.043730000033975, 8588344.775539999827743 ], [ 586738.460040000034496, 8588361.917969999834895 ], [ 586756.702760000014678, 8588378.255079999566078 ], [ 586767.164529999950901, 8588383.610470000654459 ], [ 586777.08947, 8588386.286369999870658 ], [ 586787.54913000005763, 8588384.675850000232458 ], [ 586795.326329999952577, 8588380.654950000345707 ], [ 586806.322180000017397, 8588379.579679999500513 ], [ 586822.683850000030361, 8588380.91435999982059 ], [ 586833.482719999970868, 8588384.132479999214411 ], [ 586845.015729999984615, 8588384.128979999572039 ], [ 586860.034910000045784, 8588381.445149999111891 ], [ 586872.372280000010505, 8588381.17369999922812 ], [ 586889.271029999945313, 8588385.990979999303818 ], [ 586917.704660000046715, 8588396.966819999739528 ], [ 586945.161059999954887, 8588406.986220000311732 ], [ 586963.939789999974892, 8588417.964980000630021 ], [ 586976.28041, 8588428.410289999097586 ], [ 586985.403109999955632, 8588440.99932000041008 ], [ 586989.697870000032708, 8588451.982480000704527 ], [ 586992.445289999945089, 8588463.904929999262094 ], [ 586994.055790000013076, 8588469.262630000710487 ], [ 587000.226060000015423, 8588474.351239999756217 ], [ 587001.836559999966994, 8588477.030039999634027 ], [ 587001.837369999964722, 8588479.708939999341965 ], [ 587000.228170000016689, 8588481.317150000482798 ], [ 586995.937400000053458, 8588483.461580000817776 ], [ 586982.528309999965131, 8588487.484570000320673 ], [ 586979.310629999963567, 8588490.432530000805855 ], [ 586977.702889999956824, 8588494.183860000222921 ], [ 586977.704269999987446, 8588498.738560000434518 ], [ 586979.85112, 8588502.48876 ], [ 586990.045049999956973, 8588509.719280000776052 ], [ 586994.070500000030734, 8588517.755529999732971 ], [ 586994.34135, 8588525.792910000309348 ], [ 586992.987300000037067, 8588531.506459999829531 ], [ 586990.576420000055805, 8588539.54467000067234 ], [ 586981.727259999956004, 8588546.512879999354482 ], [ 586964.83346, 8588558.038620000705123 ], [ 586948.476009999983944, 8588567.956469999626279 ], [ 586934.240849999943748, 8588575.06353 ], [ 586928.878110000048764, 8588580.155640000477433 ], [ 586929.684740000055172, 8588584.709729999303818 ], [ 586932.635220000054687, 8588585.7804000005126 ], [ 586940.94941, 8588584.974390000104904 ], [ 586957.57658, 8588579.343079999089241 ], [ 586967.499079999979585, 8588573.981879999861121 ], [ 586974.47005, 8588566.745780000463128 ], [ 586980.37011000001803, 8588563.261229999363422 ], [ 586985.73416, 8588565.135020000860095 ], [ 586988.686819999944419, 8588570.760390000417829 ], [ 586990.032, 8588586.299140000715852 ], [ 586995.400509999948554, 8588600.22896 ], [ 587006.132330000051297, 8588610.942460000514984 ], [ 587019.61887, 8588623.092439999803901 ], [ 587033.837509999983013, 8588633.268729999661446 ], [ 587053.152020000037737, 8588646.123120000585914 ], [ 587063.882940000039525, 8588653.889259999617934 ], [ 587073.540930000017397, 8588661.388019999489188 ], [ 587081.58906000002753, 8588668.351490000262856 ], [ 587090.711510000051931, 8588677.457760000601411 ], [ 587101.441540000028908, 8588682.276909999549389 ], [ 587122.17374, 8588683.951789999380708 ], [ 587157.30886999994982, 8588684.209209999069571 ], [ 587180.6433, 8588684.202139999717474 ], [ 587201.833239999949001, 8588688.214260000735521 ], [ 587223.560260000056587, 8588695.709359999746084 ], [ 587245.389029999962077, 8588706.502259999513626 ], [ 587261.485299999942072, 8588717.749910000711679 ], [ 587271.41203, 8588728.999439999461174 ], [ 587279.72832999995444, 8588735.158959999680519 ], [ 587296.36054000002332, 8588746.138380000367761 ], [ 587305.48265999997966, 8588754.173079999163747 ], [ 587312.727330000023358, 8588764.351849999278784 ], [ 587317.612409999943338, 8588776.270300000905991 ], [ 587317.615409999969415, 8588786.183189999312162 ], [ 587314.669480000040494, 8588800.115900000557303 ], [ 587310.647050000028685, 8588804.6714500002563 ], [ 587306.624599999981001, 8588806.548089999705553 ], [ 587300.1873, 8588806.014259999617934 ], [ 587296.967509999987669, 8588801.996689999476075 ], [ 587293.21129, 8588796.63927000015974 ], [ 587289.723170000012033, 8588792.8894800003618 ], [ 587285.431089999969117, 8588790.747659999877214 ], [ 587280.87245999998413, 8588792.088679999113083 ], [ 587277.38621000002604, 8588794.500940000638366 ], [ 587271.485819999943487, 8588794.234650000929832 ], [ 587269.071119999978691, 8588792.359959999099374 ], [ 587265.313919999985956, 8588783.78785 ], [ 587262.361580000026152, 8588779.234039999544621 ], [ 587259.411590000032447, 8588779.771090000867844 ], [ 587256.19383, 8588782.450980000197887 ], [ 587254.31808, 8588787.542029999196529 ], [ 587254.592180000036024, 8588806.29617 ], [ 587255.398900000029244, 8588813.797609999775887 ], [ 587259.96028, 8588818.886339999735355 ], [ 587263.715199999976903, 8588819.957140000537038 ], [ 587268.811070000054315, 8588819.955590000376105 ], [ 587271.761960000032559, 8588822.365900000557303 ], [ 587273.373030000017025, 8588826.919740000739694 ], [ 587272.569400000036694, 8588829.599269999191165 ], [ 587269.614309999975376, 8588837.240930000320077 ], [ 587267.204479999956675, 8588851.44118 ], [ 587262.381260000052862, 8588865.374080000445247 ], [ 587260.774409999954514, 8588874.751679999753833 ], [ 587254.07259, 8588884.398900000378489 ], [ 587248.977300000027753, 8588888.95477999933064 ], [ 587239.590650000027381, 8588891.101120000705123 ], [ 587233.154489999986254, 8588894.318140000104904 ], [ 587229.648290000041015, 8588902.744799999520183 ], [ 587227.506479999981821, 8588915.605709999799728 ], [ 587227.240910000051372, 8588924.982899999246001 ], [ 587228.586000000010245, 8588937.57429 ], [ 587226.979320000042208, 8588947.487670000642538 ], [ 587224.569239999982528, 8588958.205150000751019 ], [ 587224.550120000028983, 8588969.574389999732375 ], [ 587227.77122, 8588980.558250000700355 ], [ 587233.40879000001587, 8588996.631480000913143 ], [ 587238.50905, 8589011.097149999812245 ], [ 587240.925689999945462, 8589019.401969999074936 ], [ 587249.789970000041649, 8589043.681709999218583 ], [ 587257.572930000023916, 8589058.682730000466108 ], [ 587273.404029999976046, 8589080.64721 ], [ 587286.282220000051893, 8589096.182469999417663 ], [ 587306.187260000035167, 8589123.959899999201298 ], [ 587326.044699999969453, 8589156.907619999721646 ], [ 587335.706660000025295, 8589177.533959999680519 ], [ 587343.51775, 8589197.540440000593662 ], [ 587353.451129999943078, 8589228.079970000311732 ], [ 587364.457470000023022, 8589261.565780000761151 ], [ 587372.778490000055172, 8589283.264459999278188 ], [ 587380.364500000025146, 8589300.03171999938786 ], [ 587395.390999999945052, 8589324.139569999650121 ], [ 587404.246739999973215, 8589338.872190000489354 ], [ 587411.22472000005655, 8589352.07185 ], [ 587412.835790000041015, 8589359.30497 ], [ 587413.643399999942631, 8589369.753399999812245 ], [ 587415.254629999981262, 8589374.843399999663234 ], [ 587421.694209999986924, 8589382.87892 ], [ 587432.694290000014007, 8589395.735460000112653 ], [ 587441.343250000034459, 8589411.719790000468493 ], [ 587448.858039999962784, 8589427.52436999976635 ], [ 587453.152639999985695, 8589437.97174 ], [ 587458.252650000038557, 8589451.633929999545217 ], [ 587463.084000000031665, 8589464.492350000888109 ], [ 587463.352820000029169, 8589465.831909999251366 ], [ 587468.1835199999623, 8589476.547189999371767 ], [ 587471.9412, 8589484.047369999811053 ], [ 587481.08707999996841, 8589498.650890000164509 ], [ 587503.090790000045672, 8589530.794099999591708 ], [ 587517.849279999965802, 8589553.562400000169873 ], [ 587528.106709999963641, 8589565.54484000056982 ], [ 587537.497420000028796, 8589576.79452 ], [ 587542.32804000005126, 8589587.241730000823736 ], [ 587545.898709999979474, 8589598.325729999691248 ], [ 587541.737500000046566, 8589611.491140000522137 ], [ 587534.391049999976531, 8589635.1382 ], [ 587523.371030000038445, 8589646.55411 ], [ 587515.20793000003323, 8589652.261989999562502 ], [ 587511.942690000054426, 8589668.16262000054121 ], [ 587502.147310000029393, 8589674.685900000855327 ], [ 587488.27038, 8589673.462880000472069 ], [ 587473.168820000020787, 8589668.978019999340177 ], [ 587453.986049999948591, 8589672.23972 ], [ 587427.864810000057332, 8589667.754860000684857 ], [ 587396.84537, 8589671.83196 ], [ 587368.683530000038445, 8589683.65548999980092 ], [ 587347.867790000047535, 8589701.187039999291301 ], [ 587339.705029999953695, 8589711.379659999161959 ], [ 587343.378260000026785, 8589723.610959999263287 ], [ 587348.276120000053197, 8589744.811839999631047 ], [ 587352.357670000055805, 8589760.304710000753403 ], [ 587351.689559999969788, 8589777.746780000627041 ], [ 587347.200029999949038, 8589796.093590000644326 ], [ 587333.322750000050291, 8589806.286340000107884 ], [ 587325.160000000032596, 8589816.886719999834895 ], [ 587323.11939, 8589836.456679999828339 ], [ 587318.629519999958575, 8589858.065330000594258 ], [ 587303.936280000023544, 8589882.120030000805855 ], [ 587290.05935, 8589894.759090000763535 ], [ 587277.81504000001587, 8589898.836060000583529 ], [ 587262.713469999958761, 8589894.351330000907183 ], [ 587248.02023000002373, 8589887.012520000338554 ], [ 587237.816529999952763, 8589883.343189999461174 ], [ 587226.796519999974407, 8589884.566339999437332 ], [ 587212.919589999946766, 8589893.943560000509024 ], [ 587194.55312000005506, 8589911.882750000804663 ], [ 587182.308809999958612, 8589933.491399999707937 ], [ 587177.00263, 8589944.907169999554753 ], [ 587177.410950000048615, 8589957.138459999114275 ], [ 587188.029489999986254, 8589971.231720000505447 ], [ 587199.865809999988414, 8589982.23986 ], [ 587204.355349999968894, 8590003.440749999135733 ], [ 587205.579640000010841, 8590030.75715 ], [ 587212.110119999968447, 8590054.40422 ], [ 587219.04859000002034, 8590078.866809999570251 ], [ 587213.742740000016056, 8590102.305299999192357 ], [ 587210.069520000019111, 8590149.191810000687838 ], [ 587202.404029999976046, 8590189.094790000468493 ], [ 587189.203130000038072, 8590204.979299999773502 ], [ 587178.060919999959879, 8590223.94166 ], [ 587157.427269999985583, 8590236.720690000802279 ], [ 587136.381189999985509, 8590251.148749999701977 ], [ 587132.254459999967366, 8590261.042120000347495 ], [ 587133.492450000019744, 8590271.759999999776483 ], [ 587143.39667000004556, 8590284.951290000230074 ], [ 587153.300539999967441, 8590301.852630000561476 ], [ 587160.67539999994915, 8590329.707779999822378 ], [ 587164.802129999967292, 8590362.685939999297261 ], [ 587170.166839999961667, 8590380.823909999802709 ], [ 587181.309050000039861, 8590383.297320000827312 ], [ 587192.03847999998834, 8590384.121829999610782 ], [ 587201.52992, 8590391.954050000756979 ], [ 587206.894639999954961, 8590403.084189999848604 ], [ 587215.560530000017025, 8590408.855380000546575 ], [ 587230.829460000037216, 8590408.855380000546575 ], [ 587243.209309999947436, 8590413.389939999207854 ], [ 587243.209309999947436, 8590426.168980000540614 ], [ 587248.161590000032447, 8590435.65021999925375 ], [ 587251.795460000052117, 8590437.307439999654889 ], [ 587260.338819999946281, 8590436.790239999070764 ], [ 587266.81111, 8590437.048769999295473 ], [ 587270.69415, 8590443.514030000194907 ], [ 587272.506459999945946, 8590453.599840000271797 ], [ 587280.791059999959543, 8590461.616839999333024 ], [ 587286.54767, 8590470.595030000433326 ], [ 587286.288919999962673, 8590479.646430000662804 ], [ 587280.334129999973811, 8590506.800659999251366 ], [ 587278.522170000011101, 8590530.334179999306798 ], [ 587282.92304999998305, 8590546.885250000283122 ], [ 587288.359990000026301, 8590558.522819999605417 ], [ 587297.200090000056662, 8590579.618620000779629 ], [ 587314.027720000012778, 8590601.859209999442101 ], [ 587337.586729999980889, 8590634.444269999861717 ], [ 587359.100360000040382, 8590663.51583999954164 ], [ 587360.653569999965839, 8590677.480890000239015 ], [ 587360.91267, 8590703.34203 ], [ 587353.653840000042692, 8590741.034509999677539 ], [ 587346.145840000011958, 8590796.118699999526143 ], [ 587343.816020000027493, 8590831.0311200004071 ], [ 587341.483800000045449, 8590854.174200000241399 ], [ 587343.555210000020452, 8590876.67331999912858 ], [ 587352.09823, 8590901.758589999750257 ], [ 587363.24043, 8590930.081909999251366 ], [ 587380.068399999989197, 8590965.511670000851154 ], [ 587389.647119999979623, 8590983.61448 ], [ 587391.725719999987632, 8591004.43616 ], [ 587389.136799999978393, 8591030.814510000869632 ], [ 587388.878050000057556, 8591045.296760000288486 ], [ 587388.10144, 8591053.313629999756813 ], [ 587393.02018, 8591060.296220000833273 ], [ 587397.680159999988973, 8591067.02001 ], [ 587396.649250000016764, 8591074.39898999966681 ], [ 587391.212320000049658, 8591083.708939999341965 ], [ 587394.31909, 8591094.311960000544786 ], [ 587400.01477, 8591100.518670000135899 ], [ 587400.01477, 8591109.052740000188351 ], [ 587397.68461, 8591121.983379999175668 ], [ 587399.49691999994684, 8591131.810529999434948 ], [ 587403.398780000046827, 8591137.38188000023365 ], [ 587412.200900000054389, 8591144.623010000213981 ], [ 587412.45999, 8591153.41574 ], [ 587410.90644000004977, 8591161.949950000271201 ], [ 587403.398780000046827, 8591173.328840000554919 ], [ 587389.418829999980517, 8591190.13858 ], [ 587384.499749999959022, 8591198.414109999313951 ], [ 587379.32226000004448, 8591212.637700000777841 ], [ 587375.414579999982379, 8591230.412720000371337 ], [ 587378.0035, 8591249.808609999716282 ], [ 587375.155479999957606, 8591261.1875 ], [ 587368.683530000038445, 8591270.497449999675155 ], [ 587370.495499999960884, 8591283.169420000165701 ], [ 587369.460130000021309, 8591290.410539999604225 ], [ 587366.645660000038333, 8591306.236099999397993 ], [ 587344.73843000002671, 8591360.163480000570416 ], [ 587327.749599999981001, 8591390.031279999762774 ], [ 587315.752749999985099, 8591412.175240000709891 ], [ 587293.584709999966435, 8591439.269190000370145 ], [ 587268.559759999974631, 8591479.95823 ], [ 587255.587109999964014, 8591502.704120000824332 ], [ 587251.631169999949634, 8591519.497470000758767 ], [ 587250.97196, 8591534.644570000469685 ], [ 587254.103710000053979, 8591553.742930000647902 ], [ 587257.731460000039078, 8591568.495689999312162 ], [ 587257.732429999974556, 8591568.502320000901818 ], [ 587260.368830000050366, 8591591.051449999213219 ], [ 587260.36921000003349, 8591591.058259999379516 ], [ 587260.863529999973252, 8591605.210650000721216 ], [ 587260.65659999998752, 8591605.899359999224544 ], [ 587256.420870000030845, 8591619.997570000588894 ], [ 587245.707530000014231, 8591649.139189999550581 ], [ 587231.057359999977052, 8591676.296380000188947 ], [ 587229.765009999973699, 8591678.692010000348091 ], [ 587223.700010000029579, 8591702.134999999776483 ], [ 587217.742149999947287, 8591731.18647 ], [ 587213.10167, 8591746.357489999383688 ], [ 587206.77347000001464, 8591757.31422 ], [ 587187.36754, 8591773.749369999393821 ], [ 587167.96161, 8591795.662949999794364 ], [ 587160.790060000028461, 8591806.198289999738336 ], [ 587156.993280000053346, 8591820.526429999619722 ], [ 587156.994330000015907, 8591820.53192999958992 ], [ 587157.763030000030994, 8591824.243699999526143 ], [ 587159.52411, 8591832.747470000758767 ], [ 587166.274229999980889, 8591847.075549999251962 ], [ 587166.275200000032783, 8591847.082259999588132 ], [ 587169.227120000054128, 8591865.19637 ], [ 587169.22707000002265, 8591865.203120000660419 ], [ 587168.928150000050664, 8591869.979369999840856 ], [ 587167.961780000012368, 8591885.424289999529719 ], [ 587159.080089999944903, 8591917.71896000020206 ], [ 587148.95545, 8591948.90362000092864 ], [ 587148.954950000043027, 8591948.910269999876618 ], [ 587147.689989999984391, 8591961.546010000631213 ], [ 587147.689460000023246, 8591961.552710000425577 ], [ 587146.293829999980517, 8591980.719839999452233 ], [ 587146.6896499999566, 8591981.906619999557734 ], [ 587155.067679999978282, 8592007.013979999348521 ], [ 587155.06703000003472, 8592007.019339999184012 ], [ 587154.413229999947362, 8592011.672790000215173 ], [ 587149.66836000001058, 8592045.44404000043869 ], [ 587130.095089999958873, 8592069.041360000148416 ], [ 587100.397830000030808, 8592093.987059999257326 ], [ 587100.401459999964572, 8592093.991119999438524 ], [ 587103.779570000013337, 8592097.768060000613332 ], [ 587100.398139999946579, 8592100.608449999243021 ], [ 587090.679269999964163, 8592142.18671 ], [ 587084.01280999998562, 8592170.706450000405312 ], [ 587009.596080000046641, 8592544.25033999979496 ], [ 587021.653739999979734, 8592678.568900000303984 ], [ 587024.375690000015311, 8592708.890550000593066 ], [ 586869.5728100000415, 8592971.914759999141097 ], [ 586777.819490000023507, 8593279.276070000603795 ], [ 586719.713110000011511, 8593388.493869999423623 ], [ 586454.828579999972135, 8593512.270239999517798 ], [ 586438.077249999972992, 8593524.931590000167489 ], [ 586088.095620000036433, 8593789.46067 ], [ 586010.377579999971204, 8593895.844140000641346 ], [ 585979.5133, 8594064.502350000664592 ], [ 585974.732680000015534, 8594090.62603 ], [ 585924.780980000039563, 8594213.442040000110865 ], [ 585929.225710000027902, 8594350.584340000525117 ], [ 585879.20973, 8594419.318919999524951 ], [ 585907.625729999970645, 8594605.178819999098778 ], [ 585855.726290000020526, 8594708.634220000356436 ], [ 585777.60097000002861, 8594771.736649999395013 ], [ 585745.402630000025965, 8594839.979919999837875 ], [ 585723.68915, 8594944.9977100007236 ], [ 585622.549510000040755, 8595063.70456999912858 ], [ 585362.094879999989644, 8595239.17331999912858 ], [ 585045.610340000013821, 8595319.73845 ], [ 584741.378340000053868, 8595397.184550000354648 ], [ 584603.049609999987297, 8595432.397870000451803 ], [ 584391.89972999994643, 8595435.587920000776649 ], [ 583979.210889999987558, 8595630.708329999819398 ], [ 583734.899259999976493, 8595653.396600000560284 ], [ 583776.426469999947585, 8595844.456949999555945 ], [ 583908.215399999986403, 8595883.996649999171495 ], [ 583798.294830000028014, 8596170.24333 ], [ 583627.722979999962263, 8596279.265019999817014 ], [ 583586.658000000054017, 8596370.139319999143481 ], [ 583464.141459999955259, 8596502.413480000570416 ], [ 583351.643189999973401, 8596657.550480000674725 ], [ 583192.361550000030547, 8596877.202509999275208 ], [ 583195.726249999948777, 8596955.749260000884533 ], [ 583361.849200000055134, 8596954.561060000211 ], [ 584049.289070000057109, 8596949.644109999760985 ], [ 585924.357139999978244, 8596962.361360000446439 ], [ 585958.07447, 8596962.590040000155568 ], [ 586019.878170000039972, 8596963.00920999981463 ], [ 586029.244829999981448, 8596856.041629999876022 ], [ 586090.068349999957718, 8596697.404869999736547 ], [ 586188.656029999954626, 8596585.000630000606179 ], [ 586318.356389999971725, 8596475.887630000710487 ], [ 586398.729169999947771, 8596439.949619999155402 ], [ 586476.52145, 8596362.769090000540018 ], [ 586559.66582999995444, 8596332.760500000789762 ], [ 586623.38691999996081, 8596267.154999999329448 ], [ 586621.667830000049435, 8596153.27317 ], [ 586648.433109999983571, 8596090.184340000152588 ], [ 586690.269850000040606, 8596042.505680000409484 ], [ 586734.140039999969304, 8596015.437589999288321 ], [ 586755.60585000005085, 8596002.193089999258518 ], [ 586781.28316, 8596020.855869999155402 ], [ 586833.648780000046827, 8596058.67829000018537 ], [ 586895.274809999973513, 8596053.78094 ], [ 586991.814340000040829, 8595991.300529999658465 ], [ 587039.115559999947436, 8595953.467620000243187 ], [ 587048.524910000036471, 8595914.76634999923408 ], [ 587093.976249999948777, 8595891.487719999626279 ], [ 587164.78882999997586, 8595933.621850000694394 ] ] ], [ [ [ 569000.508350000018254, 8598756.98509999923408 ], [ 569055.351739999954589, 8598741.162669999524951 ], [ 569100.417750000022352, 8598723.870340000838041 ], [ 569115.212290000054054, 8598715.655959999188781 ], [ 569117.929430000018328, 8598714.147320000454783 ], [ 569140.9600700000301, 8598701.359999999403954 ], [ 569149.705790000036359, 8598694.048170000314713 ], [ 569159.368009999976493, 8598681.856270000338554 ], [ 569052.348239999962971, 8598484.856729999184608 ], [ 568963.13292999996338, 8598493.984179999679327 ], [ 568933.513660000055097, 8598543.953479999676347 ], [ 568990.212790000019595, 8598732.66488 ], [ 568994.360059999977238, 8598746.468229999765754 ], [ 568994.461699999985285, 8598746.442309999838471 ], [ 568997.936420000041835, 8598757.709319999441504 ], [ 569000.508350000018254, 8598756.98509999923408 ] ] ], [ [ [ 587164.78882999997586, 8595933.621850000694394 ], [ 587161.855289999977686, 8595933.358710000291467 ], [ 587166.09297, 8595934.397819999605417 ], [ 587164.78882999997586, 8595933.621850000694394 ] ] ] ] } },
{ "type": "Feature", "properties": { "Id": 2, "perímetro_ellip_m": 8790.1, "área_ellip_m²": 2242888.3, "perímetro_ellip_Km": 8.8, "área_ellip_Km²": 2.2, "Name": "Macrozona Urbana" }, "geometry": { "type": "MultiPolygon", "coordinates": [ [ [ [ 578972.18831, 8602866.025059999898076 ], [ 579046.78654, 8602843.810310000553727 ], [ 579137.13564, 8602833.55574999935925 ], [ 579331.687279999954626, 8602849.018950000405312 ], [ 579528.209580000024289, 8602866.476150000467896 ], [ 579604.889730000053532, 8602886.268419999629259 ], [ 579693.414360000053421, 8602926.034019999206066 ], [ 579734.76336999994237, 8602957.928959999233484 ], [ 579801.771820000023581, 8603031.766000000759959 ], [ 579815.581110000028275, 8603051.734069999307394 ], [ 579811.70207, 8603069.751049999147654 ], [ 579856.924710000050254, 8603081.628140000626445 ], [ 579943.620600000023842, 8603169.414470000192523 ], [ 580055.751769999973476, 8603219.116070000454783 ], [ 580112.864640000043437, 8603266.971510000526905 ], [ 580167.950889999978244, 8603292.825109999626875 ], [ 580252.474769999971613, 8603306.591560000553727 ], [ 580297.658489999943413, 8603304.463449999690056 ], [ 580348.713899999973364, 8603294.315880000591278 ], [ 580380.240409999969415, 8603326.237689999863505 ], [ 580417.593329999945126, 8603334.134819999337196 ], [ 580457.773709999979474, 8603330.989870000630617 ], [ 580521.437900000018999, 8603303.029139999300241 ], [ 580595.751760000013746, 8603276.47137999907136 ], [ 580634.482169999973848, 8603247.818690000101924 ], [ 580709.767920000012964, 8603183.932439999654889 ], [ 580790.446890000021085, 8603121.128380000591278 ], [ 580845.287819999968633, 8603087.623309999704361 ], [ 580902.374360000016168, 8603052.746279999613762 ], [ 580977.702760000014678, 8603004.228390000760555 ], [ 580987.867719999980181, 8602998.224500000476837 ], [ 581041.203239999944344, 8602966.722079999744892 ], [ 581071.36757999996189, 8602958.95147000066936 ], [ 581152.198639999958687, 8602949.938570000231266 ], [ 581265.337629999965429, 8602928.757079999893904 ], [ 581364.48338, 8602915.299920000135899 ], [ 581439.917570000048727, 8602904.106030000373721 ], [ 581475.481600000057369, 8602899.612859999760985 ], [ 581476.158919999958016, 8602899.338150000199676 ], [ 581476.162099999957718, 8602899.336859999224544 ], [ 581476.161809999961406, 8602899.3301199991256 ], [ 581361.817290000035428, 8602774.065120000392199 ], [ 580576.873449999955483, 8601914.155179999768734 ], [ 579446.763619999983348, 8602412.179120000451803 ], [ 579283.335940000019036, 8602468.771709999069571 ], [ 579188.085749999969266, 8602457.659180000424385 ], [ 579116.648109999950975, 8602481.471729999408126 ], [ 579024.572919999947771, 8602532.27183 ], [ 578994.410359999979846, 8602571.95941000059247 ], [ 578953.135280000045896, 8602632.284530000761151 ], [ 578880.11014, 8602679.909630000591278 ], [ 578813.435000000055879, 8602695.784660000354052 ], [ 578695.959769999957643, 8602729.122230000793934 ], [ 578632.459640000015497, 8602770.39731 ], [ 578581.659540000022389, 8602825.95992000028491 ], [ 578257.544310000026599, 8602851.88914000056684 ], [ 578250.665129999979399, 8602839.71828000061214 ], [ 578213.623389999964274, 8602815.905729999765754 ], [ 578169.702470000018366, 8602830.72243 ], [ 578146.948259999975562, 8602855.593310000374913 ], [ 578132.13156, 8602903.21841000020504 ], [ 578117.314860000042245, 8602943.964320000261068 ], [ 578112.552350000012666, 8603018.576969999819994 ], [ 578011.640069999964908, 8603207.754429999738932 ], [ 577986.240020000026561, 8603269.667060000821948 ], [ 578045.77139, 8603403.01731999963522 ], [ 578108.72936, 8603581.364849999547005 ], [ 578370.05825, 8603335.318080000579357 ], [ 578623.104530000011437, 8603097.06955000013113 ], [ 578662.343860000022687, 8603076.954299999400973 ], [ 578848.921330000041053, 8603050.428980000317097 ], [ 578858.628529999987222, 8603008.387900000438094 ], [ 578880.07406000001356, 8602948.308210000395775 ], [ 578911.404190000030212, 8602910.208569999784231 ], [ 578972.18831, 8602866.025059999898076 ] ] ] ] } },
{ "type": "Feature", "properties": { "Id": 3, "perímetro_ellip_m": 3400.1, "área_ellip_m²": 257480.2, "perímetro_ellip_Km": 3.4, "área_ellip_Km²": 0.3, "Name": "Macrozona Urbana" }, "geometry": { "type": "MultiPolygon", "coordinates": [ [ [ [ 574885.057309999945574, 8604326.99364 ], [ 574896.948959999950603, 8604308.72604 ], [ 574800.853970000054687, 8604321.504060000181198 ], [ 574348.095620000036433, 8604220.216010000556707 ], [ 574176.62136, 8604248.554549999535084 ], [ 574037.596589999971911, 8604271.53036000020802 ], [ 573932.00558, 8604288.980760000646114 ], [ 573795.691740000038408, 8604311.92335999943316 ], [ 573795.674819999956526, 8604311.926209999248385 ], [ 573794.58777999994345, 8604312.109169999137521 ], [ 574131.211679999949411, 8604388.08416 ], [ 574186.066759999957867, 8604400.464789999648929 ], [ 574527.060719999950379, 8604475.69307 ], [ 574645.924450000049546, 8604526.873800000175834 ], [ 574802.295930000022054, 8604627.208939999341965 ], [ 575150.493209999985993, 8604930.76765999943018 ], [ 575150.868370000040159, 8604930.225320000201464 ], [ 575150.871180000016466, 8604930.221270000562072 ], [ 575187.72956, 8604876.938459999859333 ], [ 575189.86328000004869, 8604852.306159999221563 ], [ 575185.32999, 8604800.825890000909567 ], [ 575161.014130000025034, 8604751.636740000918508 ], [ 575064.023279999964871, 8604657.86331 ], [ 574975.869049999979325, 8604579.737859999760985 ], [ 574940.58398999995552, 8604539.532549999654293 ], [ 574914.064269999973476, 8604488.110209999606013 ], [ 574900.824840000015683, 8604470.2347 ], [ 574896.333330000052229, 8604434.425829999148846 ], [ 574891.841720000025816, 8604398.61706 ], [ 574885.163309999974445, 8604367.291549999266863 ], [ 574885.057309999945574, 8604326.99364 ] ] ] ] } }
]
}
