{
"type": "FeatureCollection",
"name": "Zoneamento_Urbanistico_2023",
"crs": { "type": "name", "properties": { "name": "urn:ogc:def:crs:OGC:1.3:CRS84" } },
"features": [
{ "type": "Feature", "properties": { "Id": 1, "Name": "ZAICS 2", "DISTRITO": "ABRANTES", "categoria": "ZAICS", "perímetro_ellip_m": 2911.8, "área_ellip_m²": 274819.5 }, "geometry": { "type": "MultiPolygon", "coordinates": [ [ [ [ -38.21229, -12.80002, 0.0 ], [ -38.21169, -12.80118, 0.0 ], [ -38.21238, -12.80157, 0.0 ], [ -38.21235, -12.80164, 0.0 ], [ -38.21237, -12.802, 0.0 ], [ -38.21249, -12.80208, 0.0 ], [ -38.21278, -12.80229, 0.0 ], [ -38.21406, -12.80292, 0.0 ], [ -38.21402, -12.803, 0.0 ], [ -38.21393, -12.80329, 0.0 ], [ -38.21446, -12.80389, 0.0 ], [ -38.21476, -12.80401, 0.0 ], [ -38.21509, -12.80408, 0.0 ], [ -38.21542, -12.80346, 0.0 ], [ -38.21555, -12.8035, 0.0 ], [ -38.21556, -12.80396, 0.0 ], [ -38.21601, -12.80415, 0.0 ], [ -38.21615, -12.80392, 0.0 ], [ -38.21628, -12.80399, 0.0 ], [ -38.21625, -12.80407, 0.0 ], [ -38.21584, -12.805, 0.0 ], [ -38.21627, -12.80525, 0.0 ], [ -38.21725, -12.80441, 0.0 ], [ -38.21748, -12.80418, 0.0 ], [ -38.2171, -12.80371, 0.0 ], [ -38.21881, -12.80047, 0.0 ], [ -38.21696, -12.80061, 0.0 ], [ -38.21552, -12.80037, 0.0 ], [ -38.21526, -12.80027, 0.0 ], [ -38.21427, -12.7998, 0.0 ], [ -38.21381, -12.7995, 0.0 ], [ -38.21318, -12.79897, 0.0 ], [ -38.21233, -12.79802, 0.0 ], [ -38.21207, -12.79768, 0.0 ], [ -38.21189, -12.79797, 0.0 ], [ -38.21153, -12.79874, 0.0 ], [ -38.21169, -12.79964, 0.0 ], [ -38.21229, -12.80002, 0.0 ] ] ] ] } },
{ "type": "Feature", "properties": { "Id": 2, "Name": "ZAICS 1", "DISTRITO": "SEDE", "categoria": "ZAICS", "perímetro_ellip_m": 15836.6, "área_ellip_m²": 6358386.2 }, "geometry": { "type": "MultiPolygon", "coordinates": [ [ [ [ -38.3071, -12.72903, 0.0 ], [ -38.30763, -12.72975, 0.0 ], [ -38.30892, -12.73078, 0.0 ], [ -38.31001, -12.7317, 0.0 ], [ -38.30965, -12.73221, 0.0 ], [ -38.31005, -12.73244, 0.0 ], [ -38.30987, -12.73277, 0.0 ], [ -38.31025, -12.73301, 0.0 ], [ -38.31029, -12.733, 0.0 ], [ -38.31061, -12.73285, 0.0 ], [ -38.31071, -12.73325, 0.0 ], [ -38.31062, -12.73347, 0.0 ], [ -38.31075, -12.73388, 0.0 ], [ -38.31058, -12.73526, 0.0 ], [ -38.30908, -12.73917, 0.0 ], [ -38.30752, -12.73955, 0.0 ], [ -38.30653, -12.7394, 0.0 ], [ -38.3058, -12.7394, 0.0 ], [ -38.30537, -12.73909, 0.0 ], [ -38.30493, -12.73889, 0.0 ], [ -38.30115, -12.74002, 0.0 ], [ -38.29974, -12.74159, 0.0 ], [ -38.29945, -12.7427, 0.0 ], [ -38.29852, -12.74296, 0.0 ], [ -38.29687, -12.74516, 0.0 ], [ -38.29596, -12.74674, 0.0 ], [ -38.2943, -12.75238, 0.0 ], [ -38.29407, -12.75616, 0.0 ], [ -38.2969, -12.75824, 0.0 ], [ -38.2971, -12.7587, 0.0 ], [ -38.30099, -12.75916, 0.0 ], [ -38.30253, -12.75836, 0.0 ], [ -38.30335, -12.75725, 0.0 ], [ -38.30945, -12.75761, 0.0 ], [ -38.30945, -12.75761, 0.0 ], [ -38.31161, -12.76349, 0.0 ], [ -38.31277, -12.76444, 0.0 ], [ -38.31354, -12.76483, 0.0 ], [ -38.31405, -12.76483, 0.0 ], [ -38.31444, -12.75777, 0.0 ], [ -38.31459, -12.75516, 0.0 ], [ -38.31474, -12.75284, 0.0 ], [ -38.31478, -12.75284, 0.0 ], [ -38.31577, -12.75309, 0.0 ], [ -38.3166, -12.75423, 0.0 ], [ -38.31749, -12.75487, 0.0 ], [ -38.32136, -12.75705, 0.0 ], [ -38.32117, -12.75495, 0.0 ], [ -38.32074, -12.75009, 0.0 ], [ -38.32054, -12.7487, 0.0 ], [ -38.32041, -12.7476, 0.0 ], [ -38.32022, -12.74519, 0.0 ], [ -38.32007, -12.74421, 0.0 ], [ -38.32007, -12.74396, 0.0 ], [ -38.31966, -12.74338, 0.0 ], [ -38.31983, -12.74272, 0.0 ], [ -38.31998, -12.74175, 0.0 ], [ -38.32062, -12.7392, 0.0 ], [ -38.31981, -12.73879, 0.0 ], [ -38.31968, -12.73861, 0.0 ], [ -38.31894, -12.73822, 0.0 ], [ -38.31619, -12.73902, 0.0 ], [ -38.31506, -12.73542, 0.0 ], [ -38.31534, -12.73532, 0.0 ], [ -38.31553, -12.73524, 0.0 ], [ -38.31544, -12.73453, 0.0 ], [ -38.31541, -12.73453, 0.0 ], [ -38.31496, -12.7337, 0.0 ], [ -38.31496, -12.7315, 0.0 ], [ -38.31493, -12.7315, 0.0 ], [ -38.31492, -12.73093, 0.0 ], [ -38.31205, -12.73201, 0.0 ], [ -38.31125, -12.72899, 0.0 ], [ -38.3102, -12.72931, 0.0 ], [ -38.30882, -12.72453, 0.0 ], [ -38.30995, -12.72407, 0.0 ], [ -38.30936, -12.72232, 0.0 ], [ -38.30836, -12.72263, 0.0 ], [ -38.3073, -12.72367, 0.0 ], [ -38.30423, -12.7282, 0.0 ], [ -38.30653, -12.72855, 0.0 ], [ -38.30693, -12.7288, 0.0 ], [ -38.3071, -12.72903, 0.0 ] ] ] ] } },
{ "type": "Feature", "properties": { "Id": 3, "Name": "ZAICS 1", "DISTRITO": "SEDE", "categoria": "ZAICS", "perímetro_ellip_m": 8387.6, "área_ellip_m²": 1928956.7 }, "geometry": { "type": "MultiPolygon", "coordinates": [ [ [ [ -38.30458, -12.6888, 0.0 ], [ -38.30215, -12.68996, 0.0 ], [ -38.28939, -12.68978, 0.0 ], [ -38.2871, -12.69043, 0.0 ], [ -38.2876, -12.69076, 0.0 ], [ -38.28822, -12.69147, 0.0 ], [ -38.28835, -12.69161, 0.0 ], [ -38.28867, -12.69194, 0.0 ], [ -38.28877, -12.69187, 0.0 ], [ -38.28962, -12.69121, 0.0 ], [ -38.29062, -12.6909, 0.0 ], [ -38.29159, -12.69182, 0.0 ], [ -38.29159, -12.69182, 0.0 ], [ -38.2918, -12.69164, 0.0 ], [ -38.29204, -12.69144, 0.0 ], [ -38.29233, -12.6916, 0.0 ], [ -38.29305, -12.69154, 0.0 ], [ -38.29368, -12.6914, 0.0 ], [ -38.29438, -12.69139, 0.0 ], [ -38.29658, -12.69364, 0.0 ], [ -38.29658, -12.69364, 0.0 ], [ -38.29658, -12.69364, 0.0 ], [ -38.29419, -12.69585, 0.0 ], [ -38.29419, -12.69585, 0.0 ], [ -38.29384, -12.69617, 0.0 ], [ -38.29455, -12.69697, 0.0 ], [ -38.2948, -12.69734, 0.0 ], [ -38.29525, -12.69784, 0.0 ], [ -38.29654, -12.69824, 0.0 ], [ -38.29748, -12.69856, 0.0 ], [ -38.29781, -12.69863, 0.0 ], [ -38.29784, -12.69858, 0.0 ], [ -38.29817, -12.69868, 0.0 ], [ -38.29852, -12.69878, 0.0 ], [ -38.29921, -12.69896, 0.0 ], [ -38.29922, -12.69898, 0.0 ], [ -38.29956, -12.69907, 0.0 ], [ -38.29958, -12.69901, 0.0 ], [ -38.2999, -12.69905, 0.0 ], [ -38.30023, -12.69915, 0.0 ], [ -38.30019, -12.6994, 0.0 ], [ -38.30066, -12.69952, 0.0 ], [ -38.30045, -12.70042, 0.0 ], [ -38.30039, -12.70068, 0.0 ], [ -38.30161, -12.701, 0.0 ], [ -38.30125, -12.70205, 0.0 ], [ -38.30352, -12.70257, 0.0 ], [ -38.30465, -12.70283, 0.0 ], [ -38.30472, -12.70285, 0.0 ], [ -38.30817, -12.70364, 0.0 ], [ -38.31059, -12.70419, 0.0 ], [ -38.31064, -12.70397, 0.0 ], [ -38.3112, -12.70166, 0.0 ], [ -38.31138, -12.70097, 0.0 ], [ -38.31145, -12.70091, 0.0 ], [ -38.31152, -12.70081, 0.0 ], [ -38.31164, -12.70054, 0.0 ], [ -38.31176, -12.70037, 0.0 ], [ -38.31203, -12.70017, 0.0 ], [ -38.31228, -12.70012, 0.0 ], [ -38.31244, -12.69992, 0.0 ], [ -38.31256, -12.69971, 0.0 ], [ -38.31252, -12.69951, 0.0 ], [ -38.31216, -12.69957, 0.0 ], [ -38.3119, -12.69942, 0.0 ], [ -38.3115, -12.69925, 0.0 ], [ -38.30614, -12.69784, 0.0 ], [ -38.30678, -12.69527, 0.0 ], [ -38.30685, -12.69452, 0.0 ], [ -38.30692, -12.69414, 0.0 ], [ -38.30695, -12.69366, 0.0 ], [ -38.30694, -12.69332, 0.0 ], [ -38.30685, -12.69255, 0.0 ], [ -38.30667, -12.69189, 0.0 ], [ -38.30645, -12.69134, 0.0 ], [ -38.3062, -12.69079, 0.0 ], [ -38.30609, -12.69061, 0.0 ], [ -38.30605, -12.69054, 0.0 ], [ -38.306, -12.69047, 0.0 ], [ -38.30597, -12.69042, 0.0 ], [ -38.30568, -12.68998, 0.0 ], [ -38.30536, -12.69, 0.0 ], [ -38.30536, -12.69, 0.0 ], [ -38.30525, -12.6898, 0.0 ], [ -38.30458, -12.6888, 0.0 ] ] ] ] } },
{ "type": "Feature", "properties": { "Id": 4, "Name": "ZAICS 1", "DISTRITO": "ABRANTES/SEDE", "categoria": "ZAICS", "perímetro_ellip_m": 15987.7, "área_ellip_m²": 9741848.3 }, "geometry": { "type": "MultiPolygon", "coordinates": [ [ [ [ -38.16694, -12.69323, 0.0 ], [ -38.15951, -12.69711, 0.0 ], [ -38.15553, -12.69836, 0.0 ], [ -38.15614, -12.699, 0.0 ], [ -38.1563, -12.70107, 0.0 ], [ -38.15638, -12.7011, 0.0 ], [ -38.15645, -12.70112, 0.0 ], [ -38.15702, -12.70165, 0.0 ], [ -38.15766, -12.70223, 0.0 ], [ -38.15852, -12.70303, 0.0 ], [ -38.15854, -12.70305, 0.0 ], [ -38.15916, -12.70363, 0.0 ], [ -38.15982, -12.70422, 0.0 ], [ -38.1599, -12.7043, 0.0 ], [ -38.16075, -12.7051, 0.0 ], [ -38.16148, -12.70577, 0.0 ], [ -38.16275, -12.70692, 0.0 ], [ -38.16276, -12.70692, 0.0 ], [ -38.16304, -12.70719, 0.0 ], [ -38.16369, -12.70778, 0.0 ], [ -38.16427, -12.70831, 0.0 ], [ -38.16455, -12.70856, 0.0 ], [ -38.16456, -12.70857, 0.0 ], [ -38.16464, -12.70867, 0.0 ], [ -38.16467, -12.70874, 0.0 ], [ -38.16472, -12.70887, 0.0 ], [ -38.16474, -12.70906, 0.0 ], [ -38.16482, -12.70966, 0.0 ], [ -38.16489, -12.71021, 0.0 ], [ -38.16496, -12.7108, 0.0 ], [ -38.16503, -12.71144, 0.0 ], [ -38.1651, -12.71191, 0.0 ], [ -38.16524, -12.71302, 0.0 ], [ -38.16529, -12.71342, 0.0 ], [ -38.16536, -12.71395, 0.0 ], [ -38.16536, -12.7141, 0.0 ], [ -38.16517, -12.71418, 0.0 ], [ -38.16476, -12.71427, 0.0 ], [ -38.16424, -12.71436, 0.0 ], [ -38.16397, -12.71441, 0.0 ], [ -38.16343, -12.71452, 0.0 ], [ -38.16264, -12.71467, 0.0 ], [ -38.16222, -12.71475, 0.0 ], [ -38.16143, -12.71498, 0.0 ], [ -38.1602, -12.71563, 0.0 ], [ -38.15948, -12.71606, 0.0 ], [ -38.15877, -12.7165, 0.0 ], [ -38.15795, -12.71689, 0.0 ], [ -38.15718, -12.71727, 0.0 ], [ -38.15692, -12.71739, 0.0 ], [ -38.15643, -12.71765, 0.0 ], [ -38.15593, -12.71794, 0.0 ], [ -38.15464, -12.71879, 0.0 ], [ -38.15561, -12.7195, 0.0 ], [ -38.1577, -12.72105, 0.0 ], [ -38.15854, -12.72165, 0.0 ], [ -38.15901, -12.722, 0.0 ], [ -38.15937, -12.72228, 0.0 ], [ -38.15971, -12.72258, 0.0 ], [ -38.15992, -12.72279, 0.0 ], [ -38.16022, -12.72311, 0.0 ], [ -38.1604, -12.72334, 0.0 ], [ -38.16047, -12.72343, 0.0 ], [ -38.16092, -12.72322, 0.0 ], [ -38.16141, -12.72301, 0.0 ], [ -38.16348, -12.72209, 0.0 ], [ -38.16384, -12.72194, 0.0 ], [ -38.16692, -12.72062, 0.0 ], [ -38.17625, -12.71658, 0.0 ], [ -38.1818, -12.71418, 0.0 ], [ -38.18224, -12.71399, 0.0 ], [ -38.18428, -12.7131, 0.0 ], [ -38.18505, -12.71277, 0.0 ], [ -38.1855, -12.7126, 0.0 ], [ -38.18594, -12.71245, 0.0 ], [ -38.18623, -12.71238, 0.0 ], [ -38.18674, -12.71229, 0.0 ], [ -38.18704, -12.71226, 0.0 ], [ -38.18759, -12.71222, 0.0 ], [ -38.18819, -12.7122, 0.0 ], [ -38.1887, -12.71222, 0.0 ], [ -38.18955, -12.71231, 0.0 ], [ -38.18972, -12.71233, 0.0 ], [ -38.19061, -12.71242, 0.0 ], [ -38.19167, -12.71256, 0.0 ], [ -38.19217, -12.71259, 0.0 ], [ -38.19243, -12.71257, 0.0 ], [ -38.19268, -12.71253, 0.0 ], [ -38.19285, -12.71247, 0.0 ], [ -38.19298, -12.71241, 0.0 ], [ -38.19315, -12.71232, 0.0 ], [ -38.19329, -12.71222, 0.0 ], [ -38.19347, -12.71207, 0.0 ], [ -38.19378, -12.71177, 0.0 ], [ -38.19385, -12.7117, 0.0 ], [ -38.19448, -12.71108, 0.0 ], [ -38.19535, -12.71023, 0.0 ], [ -38.19604, -12.70954, 0.0 ], [ -38.19621, -12.70939, 0.0 ], [ -38.19643, -12.70919, 0.0 ], [ -38.1968, -12.70886, 0.0 ], [ -38.19708, -12.70863, 0.0 ], [ -38.1976, -12.70828, 0.0 ], [ -38.19811, -12.70799, 0.0 ], [ -38.19856, -12.70775, 0.0 ], [ -38.19874, -12.70767, 0.0 ], [ -38.19902, -12.70756, 0.0 ], [ -38.19935, -12.70745, 0.0 ], [ -38.19983, -12.70732, 0.0 ], [ -38.20023, -12.70721, 0.0 ], [ -38.20065, -12.70708, 0.0 ], [ -38.20095, -12.70697, 0.0 ], [ -38.20117, -12.70689, 0.0 ], [ -38.20143, -12.70679, 0.0 ], [ -38.20166, -12.70671, 0.0 ], [ -38.20238, -12.70649, 0.0 ], [ -38.20281, -12.70635, 0.0 ], [ -38.20356, -12.70466, 0.0 ], [ -38.20339, -12.70436, 0.0 ], [ -38.20334, -12.70405, 0.0 ], [ -38.20334, -12.70386, 0.0 ], [ -38.20336, -12.70361, 0.0 ], [ -38.20324, -12.70327, 0.0 ], [ -38.20321, -12.70264, 0.0 ], [ -38.20306, -12.70213, 0.0 ], [ -38.20353, -12.70204, 0.0 ], [ -38.20341, -12.70176, 0.0 ], [ -38.20331, -12.70156, 0.0 ], [ -38.20324, -12.70142, 0.0 ], [ -38.203, -12.70115, 0.0 ], [ -38.20278, -12.70096, 0.0 ], [ -38.20258, -12.70083, 0.0 ], [ -38.20213, -12.70055, 0.0 ], [ -38.20182, -12.70032, 0.0 ], [ -38.20158, -12.70012, 0.0 ], [ -38.20138, -12.69993, 0.0 ], [ -38.20123, -12.6997, 0.0 ], [ -38.20114, -12.69953, 0.0 ], [ -38.20095, -12.69914, 0.0 ], [ -38.20072, -12.69897, 0.0 ], [ -38.20023, -12.69862, 0.0 ], [ -38.19967, -12.69867, 0.0 ], [ -38.19878, -12.69923, 0.0 ], [ -38.19834, -12.69957, 0.0 ], [ -38.19825, -12.69992, 0.0 ], [ -38.19783, -12.70013, 0.0 ], [ -38.19718, -12.69975, 0.0 ], [ -38.19648, -12.69968, 0.0 ], [ -38.19615, -12.7, 0.0 ], [ -38.19566, -12.70035, 0.0 ], [ -38.19539, -12.70033, 0.0 ], [ -38.19488, -12.69987, 0.0 ], [ -38.19487, -12.69987, 0.0 ], [ -38.19443, -12.69914, 0.0 ], [ -38.19437, -12.69913, 0.0 ], [ -38.19389, -12.69866, 0.0 ], [ -38.19297, -12.69824, 0.0 ], [ -38.19184, -12.69802, 0.0 ], [ -38.19056, -12.69826, 0.0 ], [ -38.1897, -12.69806, 0.0 ], [ -38.18875, -12.6972, 0.0 ], [ -38.18885, -12.69727, 0.0 ], [ -38.18779, -12.69645, 0.0 ], [ -38.18733, -12.6956, 0.0 ], [ -38.18639, -12.69466, 0.0 ], [ -38.18523, -12.69405, 0.0 ], [ -38.18399, -12.69363, 0.0 ], [ -38.1827, -12.69364, 0.0 ], [ -38.18143, -12.69392, 0.0 ], [ -38.18004, -12.69437, 0.0 ], [ -38.17862, -12.69479, 0.0 ], [ -38.17766, -12.69498, 0.0 ], [ -38.17722, -12.69485, 0.0 ], [ -38.17669, -12.69405, 0.0 ], [ -38.17606, -12.6938, 0.0 ], [ -38.17541, -12.69403, 0.0 ], [ -38.17422, -12.69446, 0.0 ], [ -38.1735, -12.69414, 0.0 ], [ -38.1729, -12.69422, 0.0 ], [ -38.17218, -12.69428, 0.0 ], [ -38.17167, -12.69426, 0.0 ], [ -38.17156, -12.69424, 0.0 ], [ -38.17116, -12.69415, 0.0 ], [ -38.17069, -12.69418, 0.0 ], [ -38.17072, -12.69419, 0.0 ], [ -38.17077, -12.69422, 0.0 ], [ -38.17046, -12.69422, 0.0 ], [ -38.17005, -12.69422, 0.0 ], [ -38.16972, -12.69408, 0.0 ], [ -38.16939, -12.69388, 0.0 ], [ -38.16908, -12.6938, 0.0 ], [ -38.16868, -12.69361, 0.0 ], [ -38.16817, -12.69343, 0.0 ], [ -38.16694, -12.69323, 0.0 ] ] ] ] } },
{ "type": "Feature", "properties": { "Id": 5, "Name": "ZAICS 1", "DISTRITO": "SEDE", "categoria": "ZAICS", "perímetro_ellip_m": 36589.9, "área_ellip_m²": 22461155.4 }, "geometry": { "type": "MultiPolygon", "coordinates": [ [ [ [ -38.291, -12.63217, 0.0 ], [ -38.29033, -12.63257, 0.0 ], [ -38.2896, -12.6331, 0.0 ], [ -38.28893, -12.63367, 0.0 ], [ -38.28831, -12.63418, 0.0 ], [ -38.28774, -12.6347, 0.0 ], [ -38.28723, -12.63493, 0.0 ], [ -38.28702, -12.63506, 0.0 ], [ -38.28679, -12.63507, 0.0 ], [ -38.28627, -12.63489, 0.0 ], [ -38.28538, -12.63435, 0.0 ], [ -38.28479, -12.63388, 0.0 ], [ -38.28318, -12.6312, 0.0 ], [ -38.28287, -12.6306, 0.0 ], [ -38.28256, -12.63024, 0.0 ], [ -38.28216, -12.6301, 0.0 ], [ -38.28162, -12.63006, 0.0 ], [ -38.28078, -12.63083, 0.0 ], [ -38.28136, -12.63245, 0.0 ], [ -38.2819, -12.63365, 0.0 ], [ -38.28166, -12.63421, 0.0 ], [ -38.28073, -12.63592, 0.0 ], [ -38.28068, -12.6366, 0.0 ], [ -38.28055, -12.63696, 0.0 ], [ -38.28041, -12.63739, 0.0 ], [ -38.2802, -12.63762, 0.0 ], [ -38.27979, -12.63775, 0.0 ], [ -38.27945, -12.63753, 0.0 ], [ -38.27939, -12.63742, 0.0 ], [ -38.27641, -12.63765, 0.0 ], [ -38.27594, -12.63815, 0.0 ], [ -38.27535, -12.63852, 0.0 ], [ -38.27427, -12.63882, 0.0 ], [ -38.27365, -12.63896, 0.0 ], [ -38.27298, -12.63939, 0.0 ], [ -38.2726, -12.63994, 0.0 ], [ -38.27232, -12.6403, 0.0 ], [ -38.27147, -12.64075, 0.0 ], [ -38.27081, -12.64097, 0.0 ], [ -38.26994, -12.64086, 0.0 ], [ -38.26843, -12.64137, 0.0 ], [ -38.2674, -12.64181, 0.0 ], [ -38.26627, -12.6423, 0.0 ], [ -38.25801, -12.64585, 0.0 ], [ -38.24976, -12.63691, 0.0 ], [ -38.24976, -12.63691, 0.0 ], [ -38.24941, -12.6368, 0.0 ], [ -38.24879, -12.63692, 0.0 ], [ -38.24831, -12.63708, 0.0 ], [ -38.24768, -12.63735, 0.0 ], [ -38.24719, -12.63749, 0.0 ], [ -38.24639, -12.63769, 0.0 ], [ -38.24517, -12.63817, 0.0 ], [ -38.24442, -12.6384, 0.0 ], [ -38.2437, -12.63849, 0.0 ], [ -38.24315, -12.63858, 0.0 ], [ -38.24278, -12.63881, 0.0 ], [ -38.24238, -12.63927, 0.0 ], [ -38.24172, -12.64038, 0.0 ], [ -38.2407, -12.64092, 0.0 ], [ -38.23933, -12.64143, 0.0 ], [ -38.23771, -12.64169, 0.0 ], [ -38.23627, -12.64189, 0.0 ], [ -38.23521, -12.64219, 0.0 ], [ -38.23361, -12.64232, 0.0 ], [ -38.2327, -12.64228, 0.0 ], [ -38.23188, -12.6421, 0.0 ], [ -38.23088, -12.64171, 0.0 ], [ -38.2295, -12.64114, 0.0 ], [ -38.22848, -12.64089, 0.0 ], [ -38.22759, -12.64068, 0.0 ], [ -38.22621, -12.64013, 0.0 ], [ -38.22598, -12.64092, 0.0 ], [ -38.22542, -12.64164, 0.0 ], [ -38.22497, -12.6422, 0.0 ], [ -38.2248, -12.6426, 0.0 ], [ -38.22471, -12.64325, 0.0 ], [ -38.22476, -12.64408, 0.0 ], [ -38.22487, -12.64473, 0.0 ], [ -38.22505, -12.6458, 0.0 ], [ -38.22519, -12.64635, 0.0 ], [ -38.22515, -12.64661, 0.0 ], [ -38.2221, -12.6446, 0.0 ], [ -38.21921, -12.64269, 0.0 ], [ -38.21856, -12.64204, 0.0 ], [ -38.21647, -12.63996, 0.0 ], [ -38.21662, -12.65431, 0.0 ], [ -38.21681, -12.65458, 0.0 ], [ -38.21726, -12.65473, 0.0 ], [ -38.21729, -12.67214, 0.0 ], [ -38.21589, -12.67214, 0.0 ], [ -38.21587, -12.67213, 0.0 ], [ -38.21556, -12.67214, 0.0 ], [ -38.21401, -12.67213, 0.0 ], [ -38.21372, -12.67213, 0.0 ], [ -38.21026, -12.67212, 0.0 ], [ -38.20979, -12.67212, 0.0 ], [ -38.20803, -12.67212, 0.0 ], [ -38.20806, -12.68152, 0.0 ], [ -38.21696, -12.68147, 0.0 ], [ -38.21702, -12.67345, 0.0 ], [ -38.21702, -12.67276, 0.0 ], [ -38.21955, -12.67274, 0.0 ], [ -38.2208, -12.67337, 0.0 ], [ -38.22117, -12.67356, 0.0 ], [ -38.23457, -12.66689, 0.0 ], [ -38.23456, -12.6668, 0.0 ], [ -38.23455, -12.66669, 0.0 ], [ -38.23448, -12.66654, 0.0 ], [ -38.23443, -12.66628, 0.0 ], [ -38.23442, -12.66623, 0.0 ], [ -38.23436, -12.66599, 0.0 ], [ -38.23434, -12.66592, 0.0 ], [ -38.23434, -12.66591, 0.0 ], [ -38.23424, -12.66549, 0.0 ], [ -38.23414, -12.66526, 0.0 ], [ -38.23409, -12.66514, 0.0 ], [ -38.23398, -12.665, 0.0 ], [ -38.23383, -12.66464, 0.0 ], [ -38.23382, -12.66461, 0.0 ], [ -38.23375, -12.66438, 0.0 ], [ -38.23372, -12.66414, 0.0 ], [ -38.23371, -12.66408, 0.0 ], [ -38.23373, -12.66375, 0.0 ], [ -38.23375, -12.66362, 0.0 ], [ -38.2338, -12.66338, 0.0 ], [ -38.23384, -12.66315, 0.0 ], [ -38.23394, -12.66289, 0.0 ], [ -38.23409, -12.6625, 0.0 ], [ -38.2342, -12.6623, 0.0 ], [ -38.2344, -12.66191, 0.0 ], [ -38.23451, -12.66175, 0.0 ], [ -38.23484, -12.66146, 0.0 ], [ -38.23505, -12.66134, 0.0 ], [ -38.23532, -12.66126, 0.0 ], [ -38.23539, -12.66124, 0.0 ], [ -38.23543, -12.66123, 0.0 ], [ -38.23577, -12.66117, 0.0 ], [ -38.23605, -12.66116, 0.0 ], [ -38.23637, -12.66112, 0.0 ], [ -38.23676, -12.66109, 0.0 ], [ -38.23725, -12.66109, 0.0 ], [ -38.23758, -12.66108, 0.0 ], [ -38.23758, -12.66108, 0.0 ], [ -38.23779, -12.66111, 0.0 ], [ -38.23849, -12.66117, 0.0 ], [ -38.23879, -12.66114, 0.0 ], [ -38.23908, -12.66102, 0.0 ], [ -38.2392, -12.66089, 0.0 ], [ -38.23938, -12.66066, 0.0 ], [ -38.23958, -12.66032, 0.0 ], [ -38.23969, -12.66009, 0.0 ], [ -38.23991, -12.65967, 0.0 ], [ -38.24008, -12.65933, 0.0 ], [ -38.24026, -12.65893, 0.0 ], [ -38.24032, -12.65869, 0.0 ], [ -38.24036, -12.65851, 0.0 ], [ -38.24039, -12.65845, 0.0 ], [ -38.24046, -12.65821, 0.0 ], [ -38.24059, -12.65779, 0.0 ], [ -38.24065, -12.65752, 0.0 ], [ -38.2407, -12.65706, 0.0 ], [ -38.2407, -12.65697, 0.0 ], [ -38.24069, -12.65677, 0.0 ], [ -38.24068, -12.65646, 0.0 ], [ -38.24068, -12.65633, 0.0 ], [ -38.24065, -12.65597, 0.0 ], [ -38.24079, -12.65559, 0.0 ], [ -38.24097, -12.65526, 0.0 ], [ -38.24112, -12.65511, 0.0 ], [ -38.24124, -12.65502, 0.0 ], [ -38.24127, -12.655, 0.0 ], [ -38.2413, -12.65498, 0.0 ], [ -38.24151, -12.65482, 0.0 ], [ -38.24177, -12.65463, 0.0 ], [ -38.242, -12.6545, 0.0 ], [ -38.24221, -12.65435, 0.0 ], [ -38.24236, -12.65423, 0.0 ], [ -38.24248, -12.65415, 0.0 ], [ -38.24259, -12.65406, 0.0 ], [ -38.24289, -12.6538, 0.0 ], [ -38.2431, -12.65356, 0.0 ], [ -38.24314, -12.65349, 0.0 ], [ -38.24328, -12.65326, 0.0 ], [ -38.25335, -12.65123, 0.0 ], [ -38.25653, -12.65058, 0.0 ], [ -38.26294, -12.65481, 0.0 ], [ -38.27963, -12.66581, 0.0 ], [ -38.28263, -12.66404, 0.0 ], [ -38.28311, -12.66385, 0.0 ], [ -38.2914, -12.65916, 0.0 ], [ -38.29183, -12.65863, 0.0 ], [ -38.29201, -12.65826, 0.0 ], [ -38.29207, -12.65768, 0.0 ], [ -38.29209, -12.65753, 0.0 ], [ -38.29312, -12.65486, 0.0 ], [ -38.29321, -12.65474, 0.0 ], [ -38.29368, -12.65412, 0.0 ], [ -38.29413, -12.65371, 0.0 ], [ -38.29438, -12.65349, 0.0 ], [ -38.29506, -12.65308, 0.0 ], [ -38.29518, -12.653, 0.0 ], [ -38.29606, -12.65267, 0.0 ], [ -38.3028, -12.65132, 0.0 ], [ -38.30313, -12.64905, 0.0 ], [ -38.30321, -12.64852, 0.0 ], [ -38.30328, -12.6484, 0.0 ], [ -38.30384, -12.64499, 0.0 ], [ -38.30387, -12.64473, 0.0 ], [ -38.3038, -12.64449, 0.0 ], [ -38.3037, -12.64433, 0.0 ], [ -38.30362, -12.64421, 0.0 ], [ -38.30359, -12.64417, 0.0 ], [ -38.30355, -12.64412, 0.0 ], [ -38.30335, -12.64388, 0.0 ], [ -38.30328, -12.64378, 0.0 ], [ -38.30323, -12.64371, 0.0 ], [ -38.30313, -12.64358, 0.0 ], [ -38.30306, -12.64346, 0.0 ], [ -38.30302, -12.64338, 0.0 ], [ -38.30293, -12.64319, 0.0 ], [ -38.30286, -12.64303, 0.0 ], [ -38.30287, -12.64289, 0.0 ], [ -38.30287, -12.64282, 0.0 ], [ -38.30286, -12.64257, 0.0 ], [ -38.30306, -12.64237, 0.0 ], [ -38.30319, -12.64231, 0.0 ], [ -38.30334, -12.64222, 0.0 ], [ -38.30347, -12.64216, 0.0 ], [ -38.30355, -12.64215, 0.0 ], [ -38.30358, -12.64215, 0.0 ], [ -38.30358, -12.64215, 0.0 ], [ -38.3038, -12.64212, 0.0 ], [ -38.30398, -12.64207, 0.0 ], [ -38.30409, -12.64199, 0.0 ], [ -38.30413, -12.64179, 0.0 ], [ -38.30416, -12.64166, 0.0 ], [ -38.30411, -12.64145, 0.0 ], [ -38.3041, -12.64144, 0.0 ], [ -38.30405, -12.64138, 0.0 ], [ -38.30374, -12.64115, 0.0 ], [ -38.3036, -12.64107, 0.0 ], [ -38.30359, -12.641, 0.0 ], [ -38.30347, -12.64098, 0.0 ], [ -38.30324, -12.64082, 0.0 ], [ -38.30314, -12.64055, 0.0 ], [ -38.30307, -12.6404, 0.0 ], [ -38.30303, -12.64016, 0.0 ], [ -38.30312, -12.63967, 0.0 ], [ -38.30317, -12.63938, 0.0 ], [ -38.30325, -12.6393, 0.0 ], [ -38.30337, -12.63921, 0.0 ], [ -38.30345, -12.63915, 0.0 ], [ -38.30346, -12.63914, 0.0 ], [ -38.30356, -12.63904, 0.0 ], [ -38.30366, -12.63892, 0.0 ], [ -38.3036, -12.63862, 0.0 ], [ -38.30356, -12.63846, 0.0 ], [ -38.30347, -12.63835, 0.0 ], [ -38.30343, -12.63832, 0.0 ], [ -38.30336, -12.63826, 0.0 ], [ -38.30313, -12.63828, 0.0 ], [ -38.30282, -12.63833, 0.0 ], [ -38.30255, -12.6384, 0.0 ], [ -38.30241, -12.63848, 0.0 ], [ -38.30228, -12.63866, 0.0 ], [ -38.30208, -12.63884, 0.0 ], [ -38.30187, -12.63902, 0.0 ], [ -38.30181, -12.63906, 0.0 ], [ -38.30174, -12.6391, 0.0 ], [ -38.3015, -12.63919, 0.0 ], [ -38.3012, -12.63925, 0.0 ], [ -38.30111, -12.63919, 0.0 ], [ -38.3011, -12.63918, 0.0 ], [ -38.30103, -12.63901, 0.0 ], [ -38.30103, -12.63901, 0.0 ], [ -38.30103, -12.63885, 0.0 ], [ -38.30109, -12.63868, 0.0 ], [ -38.3011, -12.63864, 0.0 ], [ -38.30112, -12.63859, 0.0 ], [ -38.30116, -12.63847, 0.0 ], [ -38.30119, -12.6383, 0.0 ], [ -38.3012, -12.63816, 0.0 ], [ -38.30121, -12.63806, 0.0 ], [ -38.30122, -12.63786, 0.0 ], [ -38.30122, -12.63781, 0.0 ], [ -38.30122, -12.63771, 0.0 ], [ -38.30119, -12.63753, 0.0 ], [ -38.30114, -12.63738, 0.0 ], [ -38.30113, -12.63737, 0.0 ], [ -38.3011, -12.63724, 0.0 ], [ -38.30123, -12.637, 0.0 ], [ -38.30133, -12.6369, 0.0 ], [ -38.3015, -12.63675, 0.0 ], [ -38.30164, -12.63661, 0.0 ], [ -38.30176, -12.63644, 0.0 ], [ -38.30183, -12.63626, 0.0 ], [ -38.3019, -12.63606, 0.0 ], [ -38.30188, -12.636, 0.0 ], [ -38.30183, -12.63585, 0.0 ], [ -38.30177, -12.63574, 0.0 ], [ -38.30167, -12.6357, 0.0 ], [ -38.30161, -12.63568, 0.0 ], [ -38.30131, -12.63574, 0.0 ], [ -38.30104, -12.63579, 0.0 ], [ -38.30077, -12.63585, 0.0 ], [ -38.30067, -12.63587, 0.0 ], [ -38.30058, -12.63589, 0.0 ], [ -38.30041, -12.63597, 0.0 ], [ -38.30027, -12.63612, 0.0 ], [ -38.30025, -12.63614, 0.0 ], [ -38.30009, -12.63633, 0.0 ], [ -38.29996, -12.63647, 0.0 ], [ -38.29983, -12.6366, 0.0 ], [ -38.29966, -12.6367, 0.0 ], [ -38.29947, -12.63681, 0.0 ], [ -38.29931, -12.63682, 0.0 ], [ -38.29921, -12.63676, 0.0 ], [ -38.29908, -12.63668, 0.0 ], [ -38.29893, -12.63654, 0.0 ], [ -38.29885, -12.63647, 0.0 ], [ -38.29876, -12.63628, 0.0 ], [ -38.2986, -12.63596, 0.0 ], [ -38.29845, -12.63569, 0.0 ], [ -38.2983, -12.6354, 0.0 ], [ -38.29821, -12.63521, 0.0 ], [ -38.29811, -12.63505, 0.0 ], [ -38.29802, -12.63502, 0.0 ], [ -38.29792, -12.63498, 0.0 ], [ -38.29783, -12.63501, 0.0 ], [ -38.29781, -12.6352, 0.0 ], [ -38.29778, -12.63539, 0.0 ], [ -38.29777, -12.63543, 0.0 ], [ -38.29773, -12.63568, 0.0 ], [ -38.29772, -12.63571, 0.0 ], [ -38.29766, -12.63597, 0.0 ], [ -38.29759, -12.63614, 0.0 ], [ -38.29758, -12.63618, 0.0 ], [ -38.29755, -12.63621, 0.0 ], [ -38.29743, -12.63636, 0.0 ], [ -38.29704, -12.63641, 0.0 ], [ -38.29685, -12.63638, 0.0 ], [ -38.29672, -12.63635, 0.0 ], [ -38.2966, -12.63628, 0.0 ], [ -38.29652, -12.63624, 0.0 ], [ -38.29635, -12.63613, 0.0 ], [ -38.29623, -12.63599, 0.0 ], [ -38.29622, -12.63598, 0.0 ], [ -38.29612, -12.63591, 0.0 ], [ -38.29609, -12.63588, 0.0 ], [ -38.29607, -12.63586, 0.0 ], [ -38.29592, -12.63566, 0.0 ], [ -38.29592, -12.63565, 0.0 ], [ -38.29587, -12.63546, 0.0 ], [ -38.29593, -12.63525, 0.0 ], [ -38.29607, -12.6351, 0.0 ], [ -38.29633, -12.6348, 0.0 ], [ -38.29646, -12.63465, 0.0 ], [ -38.29654, -12.63456, 0.0 ], [ -38.29663, -12.63438, 0.0 ], [ -38.29669, -12.63427, 0.0 ], [ -38.29679, -12.63408, 0.0 ], [ -38.2969, -12.63381, 0.0 ], [ -38.29694, -12.63355, 0.0 ], [ -38.29695, -12.63341, 0.0 ], [ -38.29695, -12.6334, 0.0 ], [ -38.29688, -12.63333, 0.0 ], [ -38.2968, -12.63326, 0.0 ], [ -38.29677, -12.63322, 0.0 ], [ -38.29672, -12.63317, 0.0 ], [ -38.29663, -12.63313, 0.0 ], [ -38.29659, -12.63311, 0.0 ], [ -38.29644, -12.63304, 0.0 ], [ -38.2964, -12.63304, 0.0 ], [ -38.29624, -12.63302, 0.0 ], [ -38.2961, -12.63311, 0.0 ], [ -38.29588, -12.63311, 0.0 ], [ -38.29574, -12.63306, 0.0 ], [ -38.29571, -12.63305, 0.0 ], [ -38.29555, -12.63293, 0.0 ], [ -38.29552, -12.63289, 0.0 ], [ -38.29547, -12.63284, 0.0 ], [ -38.29546, -12.63278, 0.0 ], [ -38.29544, -12.6327, 0.0 ], [ -38.29547, -12.63252, 0.0 ], [ -38.29547, -12.63247, 0.0 ], [ -38.2957, -12.6323, 0.0 ], [ -38.29582, -12.63233, 0.0 ], [ -38.29589, -12.63234, 0.0 ], [ -38.29598, -12.63234, 0.0 ], [ -38.29614, -12.63232, 0.0 ], [ -38.29626, -12.6323, 0.0 ], [ -38.29645, -12.63228, 0.0 ], [ -38.29666, -12.63226, 0.0 ], [ -38.29667, -12.63226, 0.0 ], [ -38.29667, -12.63226, 0.0 ], [ -38.29684, -12.63224, 0.0 ], [ -38.29699, -12.63217, 0.0 ], [ -38.29716, -12.63205, 0.0 ], [ -38.29727, -12.63194, 0.0 ], [ -38.29743, -12.63173, 0.0 ], [ -38.29755, -12.63151, 0.0 ], [ -38.29763, -12.6312, 0.0 ], [ -38.29777, -12.63094, 0.0 ], [ -38.29777, -12.63093, 0.0 ], [ -38.2978, -12.63089, 0.0 ], [ -38.29796, -12.63063, 0.0 ], [ -38.2982, -12.63037, 0.0 ], [ -38.29849, -12.63013, 0.0 ], [ -38.29875, -12.62985, 0.0 ], [ -38.299, -12.62955, 0.0 ], [ -38.2993, -12.62922, 0.0 ], [ -38.29947, -12.62905, 0.0 ], [ -38.29947, -12.62899, 0.0 ], [ -38.29947, -12.62898, 0.0 ], [ -38.29895, -12.62742, 0.0 ], [ -38.2988, -12.62701, 0.0 ], [ -38.29855, -12.6263, 0.0 ], [ -38.29835, -12.62576, 0.0 ], [ -38.29825, -12.62537, 0.0 ], [ -38.2982, -12.62519, 0.0 ], [ -38.29816, -12.62511, 0.0 ], [ -38.29814, -12.62514, 0.0 ], [ -38.29796, -12.62563, 0.0 ], [ -38.29767, -12.62584, 0.0 ], [ -38.29749, -12.62607, 0.0 ], [ -38.29744, -12.62666, 0.0 ], [ -38.2973, -12.62677, 0.0 ], [ -38.29617, -12.62789, 0.0 ], [ -38.29533, -12.6289, 0.0 ], [ -38.29383, -12.63061, 0.0 ], [ -38.29332, -12.63119, 0.0 ], [ -38.29305, -12.63145, 0.0 ], [ -38.29264, -12.63168, 0.0 ], [ -38.29198, -12.63189, 0.0 ], [ -38.291, -12.63217, 0.0 ] ] ] ] } },
{ "type": "Feature", "properties": { "Id": 6, "Name": "ZOUC 1", "DISTRITO": "SEDE", "categoria": "ZOUC", "perímetro_ellip_m": 50219.2, "área_ellip_m²": 17528379.8 }, "geometry": { "type": "MultiPolygon", "coordinates": [ [ [ [ -38.31884, -12.69936, 0.0 ], [ -38.31879, -12.69939, 0.0 ], [ -38.3187, -12.69978, 0.0 ], [ -38.31867, -12.69993, 0.0 ], [ -38.31858, -12.70047, 0.0 ], [ -38.3185, -12.70087, 0.0 ], [ -38.31821, -12.70082, 0.0 ], [ -38.31818, -12.70098, 0.0 ], [ -38.31811, -12.70146, 0.0 ], [ -38.31808, -12.70167, 0.0 ], [ -38.31808, -12.70178, 0.0 ], [ -38.31826, -12.7021, 0.0 ], [ -38.31835, -12.7022, 0.0 ], [ -38.31839, -12.70227, 0.0 ], [ -38.3183, -12.70266, 0.0 ], [ -38.31826, -12.70292, 0.0 ], [ -38.31831, -12.70293, 0.0 ], [ -38.31833, -12.70293, 0.0 ], [ -38.3183, -12.70315, 0.0 ], [ -38.31824, -12.70345, 0.0 ], [ -38.31817, -12.7038, 0.0 ], [ -38.31814, -12.70398, 0.0 ], [ -38.3182, -12.70399, 0.0 ], [ -38.31822, -12.704, 0.0 ], [ -38.3182, -12.70412, 0.0 ], [ -38.3183, -12.70414, 0.0 ], [ -38.31827, -12.70428, 0.0 ], [ -38.31822, -12.7045, 0.0 ], [ -38.31824, -12.70455, 0.0 ], [ -38.31827, -12.70476, 0.0 ], [ -38.31823, -12.70489, 0.0 ], [ -38.31818, -12.70486, 0.0 ], [ -38.31788, -12.70501, 0.0 ], [ -38.31781, -12.70531, 0.0 ], [ -38.31701, -12.70512, 0.0 ], [ -38.31667, -12.70494, 0.0 ], [ -38.31606, -12.70483, 0.0 ], [ -38.31578, -12.70476, 0.0 ], [ -38.31568, -12.70473, 0.0 ], [ -38.31544, -12.7048, 0.0 ], [ -38.31517, -12.7048, 0.0 ], [ -38.31527, -12.70456, 0.0 ], [ -38.31477, -12.70444, 0.0 ], [ -38.31421, -12.70428, 0.0 ], [ -38.31358, -12.7041, 0.0 ], [ -38.31358, -12.7041, 0.0 ], [ -38.31358, -12.7041, 0.0 ], [ -38.31365, -12.70393, 0.0 ], [ -38.3137, -12.70342, 0.0 ], [ -38.31358, -12.70331, 0.0 ], [ -38.31286, -12.70312, 0.0 ], [ -38.31236, -12.70304, 0.0 ], [ -38.3121, -12.70306, 0.0 ], [ -38.3119, -12.70398, 0.0 ], [ -38.31182, -12.704, 0.0 ], [ -38.31171, -12.70406, 0.0 ], [ -38.31171, -12.70406, 0.0 ], [ -38.31171, -12.70406, 0.0 ], [ -38.3117, -12.70405, 0.0 ], [ -38.31166, -12.70401, 0.0 ], [ -38.31104, -12.70385, 0.0 ], [ -38.31098, -12.70406, 0.0 ], [ -38.31064, -12.70397, 0.0 ], [ -38.31059, -12.70419, 0.0 ], [ -38.30817, -12.70364, 0.0 ], [ -38.30472, -12.70285, 0.0 ], [ -38.30465, -12.70283, 0.0 ], [ -38.30352, -12.70257, 0.0 ], [ -38.30125, -12.70205, 0.0 ], [ -38.30161, -12.701, 0.0 ], [ -38.30039, -12.70068, 0.0 ], [ -38.30045, -12.70042, 0.0 ], [ -38.30066, -12.69952, 0.0 ], [ -38.30019, -12.6994, 0.0 ], [ -38.30018, -12.6994, 0.0 ], [ -38.30016, -12.69955, 0.0 ], [ -38.29968, -12.69935, 0.0 ], [ -38.29937, -12.69922, 0.0 ], [ -38.29916, -12.69916, 0.0 ], [ -38.29894, -12.69911, 0.0 ], [ -38.29861, -12.69994, 0.0 ], [ -38.29848, -12.70041, 0.0 ], [ -38.29832, -12.70098, 0.0 ], [ -38.29832, -12.70098, 0.0 ], [ -38.29832, -12.70098, 0.0 ], [ -38.29798, -12.70084, 0.0 ], [ -38.29781, -12.70109, 0.0 ], [ -38.29781, -12.70109, 0.0 ], [ -38.29781, -12.70109, 0.0 ], [ -38.29721, -12.70046, 0.0 ], [ -38.29787, -12.69935, 0.0 ], [ -38.29767, -12.69913, 0.0 ], [ -38.29767, -12.69913, 0.0 ], [ -38.29767, -12.69913, 0.0 ], [ -38.29767, -12.69913, 0.0 ], [ -38.29756, -12.69906, 0.0 ], [ -38.29781, -12.69863, 0.0 ], [ -38.29781, -12.69863, 0.0 ], [ -38.29748, -12.69856, 0.0 ], [ -38.29654, -12.69824, 0.0 ], [ -38.29525, -12.69784, 0.0 ], [ -38.2948, -12.69734, 0.0 ], [ -38.29455, -12.69697, 0.0 ], [ -38.29384, -12.69617, 0.0 ], [ -38.29419, -12.69585, 0.0 ], [ -38.29419, -12.69585, 0.0 ], [ -38.29232, -12.69399, 0.0 ], [ -38.29291, -12.6934, 0.0 ], [ -38.29145, -12.69213, 0.0 ], [ -38.29134, -12.69203, 0.0 ], [ -38.29159, -12.69182, 0.0 ], [ -38.29062, -12.6909, 0.0 ], [ -38.28962, -12.69121, 0.0 ], [ -38.28877, -12.69187, 0.0 ], [ -38.28867, -12.69194, 0.0 ], [ -38.29006, -12.69336, 0.0 ], [ -38.28987, -12.69354, 0.0 ], [ -38.28864, -12.69474, 0.0 ], [ -38.28887, -12.69493, 0.0 ], [ -38.28955, -12.6957, 0.0 ], [ -38.28886, -12.69632, 0.0 ], [ -38.28811, -12.69713, 0.0 ], [ -38.29288, -12.70141, 0.0 ], [ -38.29162, -12.70235, 0.0 ], [ -38.2912, -12.7028, 0.0 ], [ -38.2912, -12.70281, 0.0 ], [ -38.29356, -12.70535, 0.0 ], [ -38.29347, -12.70864, 0.0 ], [ -38.29339, -12.70944, 0.0 ], [ -38.29338, -12.71049, 0.0 ], [ -38.29367, -12.71096, 0.0 ], [ -38.29383, -12.7109, 0.0 ], [ -38.29371, -12.71022, 0.0 ], [ -38.29447, -12.70999, 0.0 ], [ -38.29483, -12.70984, 0.0 ], [ -38.29554, -12.70957, 0.0 ], [ -38.29497, -12.70903, 0.0 ], [ -38.29593, -12.70554, 0.0 ], [ -38.29731, -12.70381, 0.0 ], [ -38.29946, -12.70456, 0.0 ], [ -38.30106, -12.70534, 0.0 ], [ -38.30202, -12.70476, 0.0 ], [ -38.30263, -12.70511, 0.0 ], [ -38.30331, -12.70519, 0.0 ], [ -38.30371, -12.70628, 0.0 ], [ -38.30366, -12.7081, 0.0 ], [ -38.30292, -12.70776, 0.0 ], [ -38.30264, -12.70873, 0.0 ], [ -38.30288, -12.70939, 0.0 ], [ -38.30176, -12.71082, 0.0 ], [ -38.30261, -12.7115, 0.0 ], [ -38.30286, -12.71403, 0.0 ], [ -38.30279, -12.71737, 0.0 ], [ -38.30166, -12.71806, 0.0 ], [ -38.3017, -12.71822, 0.0 ], [ -38.30176, -12.7182, 0.0 ], [ -38.30283, -12.72138, 0.0 ], [ -38.30476, -12.72077, 0.0 ], [ -38.30532, -12.72247, 0.0 ], [ -38.30524, -12.72249, 0.0 ], [ -38.30477, -12.72267, 0.0 ], [ -38.30492, -12.72306, 0.0 ], [ -38.30499, -12.72349, 0.0 ], [ -38.30414, -12.72409, 0.0 ], [ -38.30406, -12.72419, 0.0 ], [ -38.30382, -12.72442, 0.0 ], [ -38.30378, -12.72457, 0.0 ], [ -38.30375, -12.72471, 0.0 ], [ -38.30367, -12.72488, 0.0 ], [ -38.3036, -12.72501, 0.0 ], [ -38.3034, -12.72531, 0.0 ], [ -38.3032, -12.72518, 0.0 ], [ -38.30307, -12.72539, 0.0 ], [ -38.30289, -12.72567, 0.0 ], [ -38.30275, -12.72589, 0.0 ], [ -38.30262, -12.72609, 0.0 ], [ -38.30283, -12.72613, 0.0 ], [ -38.30477, -12.72654, 0.0 ], [ -38.30456, -12.72685, 0.0 ], [ -38.30428, -12.72725, 0.0 ], [ -38.30425, -12.72738, 0.0 ], [ -38.30425, -12.72749, 0.0 ], [ -38.30427, -12.72762, 0.0 ], [ -38.30427, -12.72771, 0.0 ], [ -38.30421, -12.72787, 0.0 ], [ -38.30411, -12.72803, 0.0 ], [ -38.30405, -12.72812, 0.0 ], [ -38.30402, -12.72813, 0.0 ], [ -38.30395, -12.72813, 0.0 ], [ -38.30388, -12.72812, 0.0 ], [ -38.30382, -12.72795, 0.0 ], [ -38.30367, -12.72768, 0.0 ], [ -38.30356, -12.72747, 0.0 ], [ -38.30349, -12.72738, 0.0 ], [ -38.30339, -12.72731, 0.0 ], [ -38.30333, -12.72729, 0.0 ], [ -38.30326, -12.72728, 0.0 ], [ -38.3032, -12.72728, 0.0 ], [ -38.30312, -12.72729, 0.0 ], [ -38.30296, -12.72736, 0.0 ], [ -38.30266, -12.72749, 0.0 ], [ -38.30229, -12.72766, 0.0 ], [ -38.30221, -12.7277, 0.0 ], [ -38.30215, -12.72771, 0.0 ], [ -38.30206, -12.7277, 0.0 ], [ -38.30194, -12.72766, 0.0 ], [ -38.30191, -12.72761, 0.0 ], [ -38.30188, -12.72757, 0.0 ], [ -38.30167, -12.72742, 0.0 ], [ -38.30139, -12.72771, 0.0 ], [ -38.30168, -12.72788, 0.0 ], [ -38.30198, -12.72944, 0.0 ], [ -38.30206, -12.72953, 0.0 ], [ -38.30213, -12.72954, 0.0 ], [ -38.30213, -12.72951, 0.0 ], [ -38.30235, -12.72952, 0.0 ], [ -38.30239, -12.72954, 0.0 ], [ -38.30257, -12.72988, 0.0 ], [ -38.30259, -12.72988, 0.0 ], [ -38.30278, -12.72984, 0.0 ], [ -38.30278, -12.72986, 0.0 ], [ -38.30293, -12.72974, 0.0 ], [ -38.30316, -12.72953, 0.0 ], [ -38.30337, -12.72929, 0.0 ], [ -38.30349, -12.72911, 0.0 ], [ -38.30364, -12.72884, 0.0 ], [ -38.30419, -12.72826, 0.0 ], [ -38.30423, -12.7282, 0.0 ], [ -38.30423, -12.7282, 0.0 ], [ -38.3073, -12.72367, 0.0 ], [ -38.30836, -12.72263, 0.0 ], [ -38.30936, -12.72232, 0.0 ], [ -38.30995, -12.72407, 0.0 ], [ -38.30882, -12.72453, 0.0 ], [ -38.3102, -12.72931, 0.0 ], [ -38.31125, -12.72899, 0.0 ], [ -38.31205, -12.73201, 0.0 ], [ -38.31492, -12.73093, 0.0 ], [ -38.31493, -12.7315, 0.0 ], [ -38.31496, -12.7315, 0.0 ], [ -38.31705, -12.73145, 0.0 ], [ -38.31714, -12.73138, 0.0 ], [ -38.3175, -12.73137, 0.0 ], [ -38.31751, -12.73116, 0.0 ], [ -38.3175, -12.73087, 0.0 ], [ -38.31783, -12.73086, 0.0 ], [ -38.31783, -12.73086, 0.0 ], [ -38.31783, -12.73086, 0.0 ], [ -38.31783, -12.73089, 0.0 ], [ -38.31798, -12.73088, 0.0 ], [ -38.31798, -12.73088, 0.0 ], [ -38.31798, -12.73088, 0.0 ], [ -38.31799, -12.73096, 0.0 ], [ -38.31821, -12.73092, 0.0 ], [ -38.31861, -12.73121, 0.0 ], [ -38.31861, -12.73121, 0.0 ], [ -38.31861, -12.73121, 0.0 ], [ -38.31869, -12.7314, 0.0 ], [ -38.3188, -12.73137, 0.0 ], [ -38.31889, -12.73135, 0.0 ], [ -38.31893, -12.73132, 0.0 ], [ -38.31902, -12.73128, 0.0 ], [ -38.31905, -12.73128, 0.0 ], [ -38.31905, -12.73128, 0.0 ], [ -38.31905, -12.73143, 0.0 ], [ -38.31896, -12.73143, 0.0 ], [ -38.31895, -12.73167, 0.0 ], [ -38.31943, -12.73167, 0.0 ], [ -38.31953, -12.73174, 0.0 ], [ -38.31985, -12.73174, 0.0 ], [ -38.31985, -12.73174, 0.0 ], [ -38.31985, -12.73174, 0.0 ], [ -38.31978, -12.73205, 0.0 ], [ -38.31972, -12.73246, 0.0 ], [ -38.31969, -12.73281, 0.0 ], [ -38.31969, -12.73296, 0.0 ], [ -38.31967, -12.73329, 0.0 ], [ -38.3197, -12.73384, 0.0 ], [ -38.3197, -12.73388, 0.0 ], [ -38.31966, -12.73391, 0.0 ], [ -38.31957, -12.73393, 0.0 ], [ -38.31934, -12.73393, 0.0 ], [ -38.31926, -12.73395, 0.0 ], [ -38.31902, -12.73399, 0.0 ], [ -38.31882, -12.73404, 0.0 ], [ -38.31862, -12.7341, 0.0 ], [ -38.31715, -12.73458, 0.0 ], [ -38.31618, -12.73505, 0.0 ], [ -38.31618, -12.73505, 0.0 ], [ -38.31618, -12.73505, 0.0 ], [ -38.31589, -12.73452, 0.0 ], [ -38.31544, -12.73453, 0.0 ], [ -38.31553, -12.73524, 0.0 ], [ -38.31534, -12.73532, 0.0 ], [ -38.31506, -12.73542, 0.0 ], [ -38.31619, -12.73902, 0.0 ], [ -38.31894, -12.73822, 0.0 ], [ -38.31968, -12.73861, 0.0 ], [ -38.31981, -12.73879, 0.0 ], [ -38.32062, -12.7392, 0.0 ], [ -38.32066, -12.73904, 0.0 ], [ -38.32075, -12.7391, 0.0 ], [ -38.32091, -12.73912, 0.0 ], [ -38.32091, -12.73902, 0.0 ], [ -38.32086, -12.73821, 0.0 ], [ -38.32068, -12.73699, 0.0 ], [ -38.32046, -12.73608, 0.0 ], [ -38.32031, -12.73566, 0.0 ], [ -38.32005, -12.735, 0.0 ], [ -38.31997, -12.73452, 0.0 ], [ -38.31987, -12.73351, 0.0 ], [ -38.31997, -12.73202, 0.0 ], [ -38.32008, -12.73197, 0.0 ], [ -38.32008, -12.73197, 0.0 ], [ -38.32008, -12.73197, 0.0 ], [ -38.32023, -12.73206, 0.0 ], [ -38.32034, -12.73212, 0.0 ], [ -38.32069, -12.73225, 0.0 ], [ -38.32078, -12.73228, 0.0 ], [ -38.32173, -12.73255, 0.0 ], [ -38.32178, -12.73248, 0.0 ], [ -38.32188, -12.73238, 0.0 ], [ -38.32224, -12.73224, 0.0 ], [ -38.32255, -12.73216, 0.0 ], [ -38.32277, -12.7319, 0.0 ], [ -38.32292, -12.73162, 0.0 ], [ -38.32345, -12.73127, 0.0 ], [ -38.32378, -12.7309, 0.0 ], [ -38.32403, -12.73072, 0.0 ], [ -38.32583, -12.7303, 0.0 ], [ -38.32583, -12.7303, 0.0 ], [ -38.32583, -12.7303, 0.0 ], [ -38.32584, -12.7303, 0.0 ], [ -38.32617, -12.73032, 0.0 ], [ -38.32695, -12.73, 0.0 ], [ -38.32761, -12.72957, 0.0 ], [ -38.32792, -12.72881, 0.0 ], [ -38.32842, -12.72806, 0.0 ], [ -38.32878, -12.72761, 0.0 ], [ -38.3289, -12.72752, 0.0 ], [ -38.32964, -12.72712, 0.0 ], [ -38.32957, -12.72689, 0.0 ], [ -38.33, -12.72679, 0.0 ], [ -38.33131, -12.72629, 0.0 ], [ -38.33131, -12.72629, 0.0 ], [ -38.33131, -12.72629, 0.0 ], [ -38.33184, -12.72634, 0.0 ], [ -38.33209, -12.72631, 0.0 ], [ -38.33255, -12.72613, 0.0 ], [ -38.33255, -12.72613, 0.0 ], [ -38.33255, -12.72613, 0.0 ], [ -38.33256, -12.72615, 0.0 ], [ -38.33296, -12.72596, 0.0 ], [ -38.33291, -12.72569, 0.0 ], [ -38.33317, -12.72527, 0.0 ], [ -38.33317, -12.72527, 0.0 ], [ -38.33317, -12.72527, 0.0 ], [ -38.33324, -12.72532, 0.0 ], [ -38.33344, -12.7252, 0.0 ], [ -38.33344, -12.7252, 0.0 ], [ -38.33344, -12.7252, 0.0 ], [ -38.33382, -12.7256, 0.0 ], [ -38.33386, -12.7256, 0.0 ], [ -38.33401, -12.72561, 0.0 ], [ -38.33454, -12.72535, 0.0 ], [ -38.33492, -12.72529, 0.0 ], [ -38.33492, -12.72529, 0.0 ], [ -38.33492, -12.72529, 0.0 ], [ -38.33513, -12.72576, 0.0 ], [ -38.33521, -12.72594, 0.0 ], [ -38.33617, -12.726, 0.0 ], [ -38.33624, -12.726, 0.0 ], [ -38.33662, -12.72574, 0.0 ], [ -38.33689, -12.72577, 0.0 ], [ -38.33731, -12.72591, 0.0 ], [ -38.3375, -12.72597, 0.0 ], [ -38.33752, -12.72541, 0.0 ], [ -38.33745, -12.72537, 0.0 ], [ -38.33738, -12.72531, 0.0 ], [ -38.33728, -12.72527, 0.0 ], [ -38.33717, -12.72522, 0.0 ], [ -38.33709, -12.72519, 0.0 ], [ -38.33704, -12.72516, 0.0 ], [ -38.33702, -12.72511, 0.0 ], [ -38.33697, -12.72504, 0.0 ], [ -38.33683, -12.72467, 0.0 ], [ -38.33634, -12.72492, 0.0 ], [ -38.33625, -12.72497, 0.0 ], [ -38.33624, -12.72495, 0.0 ], [ -38.33615, -12.72473, 0.0 ], [ -38.33613, -12.72456, 0.0 ], [ -38.33616, -12.72434, 0.0 ], [ -38.33617, -12.72418, 0.0 ], [ -38.33616, -12.72406, 0.0 ], [ -38.33616, -12.72404, 0.0 ], [ -38.33616, -12.72402, 0.0 ], [ -38.33613, -12.72389, 0.0 ], [ -38.33603, -12.72364, 0.0 ], [ -38.3361, -12.7231, 0.0 ], [ -38.33615, -12.72306, 0.0 ], [ -38.33647, -12.72302, 0.0 ], [ -38.33666, -12.72276, 0.0 ], [ -38.33677, -12.72148, 0.0 ], [ -38.33687, -12.71972, 0.0 ], [ -38.33697, -12.71798, 0.0 ], [ -38.337, -12.71768, 0.0 ], [ -38.337, -12.71768, 0.0 ], [ -38.33733, -12.71769, 0.0 ], [ -38.33764, -12.71773, 0.0 ], [ -38.33817, -12.71711, 0.0 ], [ -38.33817, -12.71711, 0.0 ], [ -38.33877, -12.716, 0.0 ], [ -38.33902, -12.71556, 0.0 ], [ -38.33929, -12.71519, 0.0 ], [ -38.33945, -12.71501, 0.0 ], [ -38.33994, -12.71473, 0.0 ], [ -38.33994, -12.71473, 0.0 ], [ -38.33998, -12.71373, 0.0 ], [ -38.33852, -12.7134, 0.0 ], [ -38.338, -12.71222, 0.0 ], [ -38.33722, -12.71157, 0.0 ], [ -38.3375, -12.71031, 0.0 ], [ -38.33816, -12.71012, 0.0 ], [ -38.3399, -12.70972, 0.0 ], [ -38.34032, -12.70962, 0.0 ], [ -38.34053, -12.70939, 0.0 ], [ -38.34059, -12.70906, 0.0 ], [ -38.34055, -12.70867, 0.0 ], [ -38.34048, -12.70846, 0.0 ], [ -38.34025, -12.70786, 0.0 ], [ -38.33993, -12.70715, 0.0 ], [ -38.33965, -12.70624, 0.0 ], [ -38.33936, -12.70599, 0.0 ], [ -38.33916, -12.70596, 0.0 ], [ -38.33909, -12.70572, 0.0 ], [ -38.33856, -12.70514, 0.0 ], [ -38.33752, -12.70422, 0.0 ], [ -38.33772, -12.70378, 0.0 ], [ -38.33815, -12.70332, 0.0 ], [ -38.3388, -12.70272, 0.0 ], [ -38.3376, -12.70079, 0.0 ], [ -38.33741, -12.70029, 0.0 ], [ -38.33779, -12.6995, 0.0 ], [ -38.33805, -12.69919, 0.0 ], [ -38.33954, -12.69895, 0.0 ], [ -38.33978, -12.69885, 0.0 ], [ -38.34013, -12.69828, 0.0 ], [ -38.34013, -12.69828, 0.0 ], [ -38.34013, -12.69828, 0.0 ], [ -38.34079, -12.69892, 0.0 ], [ -38.341, -12.69938, 0.0 ], [ -38.34099, -12.69944, 0.0 ], [ -38.34182, -12.69932, 0.0 ], [ -38.34198, -12.69926, 0.0 ], [ -38.34214, -12.69929, 0.0 ], [ -38.34222, -12.69931, 0.0 ], [ -38.34223, -12.69924, 0.0 ], [ -38.34248, -12.69886, 0.0 ], [ -38.34289, -12.69852, 0.0 ], [ -38.34245, -12.69834, 0.0 ], [ -38.34238, -12.69832, 0.0 ], [ -38.34225, -12.69834, 0.0 ], [ -38.34224, -12.69826, 0.0 ], [ -38.34201, -12.69819, 0.0 ], [ -38.34192, -12.69815, 0.0 ], [ -38.34185, -12.6981, 0.0 ], [ -38.34182, -12.69804, 0.0 ], [ -38.34177, -12.69794, 0.0 ], [ -38.34225, -12.69766, 0.0 ], [ -38.34238, -12.69761, 0.0 ], [ -38.3425, -12.69744, 0.0 ], [ -38.34268, -12.69716, 0.0 ], [ -38.34291, -12.69677, 0.0 ], [ -38.34299, -12.69669, 0.0 ], [ -38.34343, -12.69613, 0.0 ], [ -38.34355, -12.6959, 0.0 ], [ -38.34364, -12.69576, 0.0 ], [ -38.34369, -12.69558, 0.0 ], [ -38.34372, -12.69546, 0.0 ], [ -38.34386, -12.69527, 0.0 ], [ -38.34392, -12.69511, 0.0 ], [ -38.34394, -12.69506, 0.0 ], [ -38.34394, -12.69506, 0.0 ], [ -38.34394, -12.69506, 0.0 ], [ -38.34403, -12.69511, 0.0 ], [ -38.34411, -12.69514, 0.0 ], [ -38.34422, -12.69518, 0.0 ], [ -38.34428, -12.6952, 0.0 ], [ -38.34432, -12.69521, 0.0 ], [ -38.3446, -12.69525, 0.0 ], [ -38.34471, -12.69518, 0.0 ], [ -38.34473, -12.695, 0.0 ], [ -38.34475, -12.69478, 0.0 ], [ -38.34486, -12.69461, 0.0 ], [ -38.34503, -12.69434, 0.0 ], [ -38.34519, -12.69409, 0.0 ], [ -38.34544, -12.69373, 0.0 ], [ -38.34571, -12.69346, 0.0 ], [ -38.3458, -12.69338, 0.0 ], [ -38.34581, -12.69315, 0.0 ], [ -38.34582, -12.69306, 0.0 ], [ -38.3459, -12.69289, 0.0 ], [ -38.34616, -12.69237, 0.0 ], [ -38.34624, -12.69213, 0.0 ], [ -38.34626, -12.69192, 0.0 ], [ -38.34622, -12.69166, 0.0 ], [ -38.3461, -12.69167, 0.0 ], [ -38.3461, -12.69167, 0.0 ], [ -38.3461, -12.69167, 0.0 ], [ -38.34608, -12.6914, 0.0 ], [ -38.34628, -12.69127, 0.0 ], [ -38.34628, -12.69127, 0.0 ], [ -38.34628, -12.69127, 0.0 ], [ -38.34628, -12.69131, 0.0 ], [ -38.34629, -12.69132, 0.0 ], [ -38.34631, -12.69135, 0.0 ], [ -38.34636, -12.69137, 0.0 ], [ -38.34638, -12.69137, 0.0 ], [ -38.34642, -12.69138, 0.0 ], [ -38.34645, -12.69134, 0.0 ], [ -38.34649, -12.69132, 0.0 ], [ -38.34649, -12.69132, 0.0 ], [ -38.34649, -12.69132, 0.0 ], [ -38.3465, -12.69133, 0.0 ], [ -38.34651, -12.69134, 0.0 ], [ -38.34656, -12.69133, 0.0 ], [ -38.34662, -12.69133, 0.0 ], [ -38.34665, -12.69113, 0.0 ], [ -38.34668, -12.69099, 0.0 ], [ -38.34673, -12.691, 0.0 ], [ -38.34693, -12.69103, 0.0 ], [ -38.34698, -12.69111, 0.0 ], [ -38.34702, -12.69119, 0.0 ], [ -38.34701, -12.69132, 0.0 ], [ -38.34696, -12.69138, 0.0 ], [ -38.34678, -12.69151, 0.0 ], [ -38.3468, -12.69167, 0.0 ], [ -38.34685, -12.69182, 0.0 ], [ -38.34687, -12.69197, 0.0 ], [ -38.34688, -12.69198, 0.0 ], [ -38.34694, -12.6921, 0.0 ], [ -38.34695, -12.69212, 0.0 ], [ -38.34695, -12.69212, 0.0 ], [ -38.34695, -12.69212, 0.0 ], [ -38.34695, -12.69213, 0.0 ], [ -38.34699, -12.69213, 0.0 ], [ -38.34699, -12.69213, 0.0 ], [ -38.34699, -12.69213, 0.0 ], [ -38.347, -12.69228, 0.0 ], [ -38.347, -12.69248, 0.0 ], [ -38.34704, -12.69248, 0.0 ], [ -38.34704, -12.69248, 0.0 ], [ -38.34704, -12.69248, 0.0 ], [ -38.34704, -12.69267, 0.0 ], [ -38.34709, -12.69268, 0.0 ], [ -38.34708, -12.69286, 0.0 ], [ -38.34712, -12.69293, 0.0 ], [ -38.34711, -12.69302, 0.0 ], [ -38.34715, -12.69314, 0.0 ], [ -38.34714, -12.69327, 0.0 ], [ -38.34705, -12.69362, 0.0 ], [ -38.34695, -12.6936, 0.0 ], [ -38.34688, -12.69379, 0.0 ], [ -38.34691, -12.69394, 0.0 ], [ -38.34694, -12.69416, 0.0 ], [ -38.34703, -12.69428, 0.0 ], [ -38.3471, -12.69436, 0.0 ], [ -38.3473, -12.69463, 0.0 ], [ -38.34745, -12.69484, 0.0 ], [ -38.34757, -12.69489, 0.0 ], [ -38.34752, -12.695, 0.0 ], [ -38.34777, -12.69514, 0.0 ], [ -38.34784, -12.69513, 0.0 ], [ -38.34792, -12.69508, 0.0 ], [ -38.34797, -12.69502, 0.0 ], [ -38.34799, -12.69495, 0.0 ], [ -38.34802, -12.69495, 0.0 ], [ -38.34803, -12.6949, 0.0 ], [ -38.34808, -12.6948, 0.0 ], [ -38.3485, -12.69471, 0.0 ], [ -38.34883, -12.69473, 0.0 ], [ -38.34935, -12.69468, 0.0 ], [ -38.3501, -12.6946, 0.0 ], [ -38.3505, -12.69451, 0.0 ], [ -38.35084, -12.69438, 0.0 ], [ -38.3511, -12.69428, 0.0 ], [ -38.35123, -12.69425, 0.0 ], [ -38.35124, -12.6942, 0.0 ], [ -38.35081, -12.69374, 0.0 ], [ -38.3505, -12.69339, 0.0 ], [ -38.35029, -12.69306, 0.0 ], [ -38.35031, -12.69298, 0.0 ], [ -38.35116, -12.69229, 0.0 ], [ -38.3518, -12.69179, 0.0 ], [ -38.35186, -12.69176, 0.0 ], [ -38.35193, -12.6917, 0.0 ], [ -38.35195, -12.69159, 0.0 ], [ -38.35187, -12.69147, 0.0 ], [ -38.35157, -12.69106, 0.0 ], [ -38.35128, -12.69073, 0.0 ], [ -38.35098, -12.69088, 0.0 ], [ -38.35084, -12.69065, 0.0 ], [ -38.35061, -12.6903, 0.0 ], [ -38.3503, -12.69044, 0.0 ], [ -38.34985, -12.69058, 0.0 ], [ -38.34961, -12.69065, 0.0 ], [ -38.34959, -12.69061, 0.0 ], [ -38.34891, -12.68905, 0.0 ], [ -38.34888, -12.68898, 0.0 ], [ -38.34894, -12.68895, 0.0 ], [ -38.34921, -12.68884, 0.0 ], [ -38.34934, -12.68878, 0.0 ], [ -38.34976, -12.68852, 0.0 ], [ -38.35028, -12.68825, 0.0 ], [ -38.35119, -12.68771, 0.0 ], [ -38.35046, -12.68647, 0.0 ], [ -38.35008, -12.68689, 0.0 ], [ -38.34607, -12.6878, 0.0 ], [ -38.34574, -12.68787, 0.0 ], [ -38.3456, -12.68766, 0.0 ], [ -38.34476, -12.68767, 0.0 ], [ -38.34469, -12.6875, 0.0 ], [ -38.3441, -12.68757, 0.0 ], [ -38.34322, -12.68756, 0.0 ], [ -38.3432, -12.68808, 0.0 ], [ -38.34277, -12.68803, 0.0 ], [ -38.34263, -12.68805, 0.0 ], [ -38.34213, -12.68815, 0.0 ], [ -38.34207, -12.68807, 0.0 ], [ -38.34208, -12.68797, 0.0 ], [ -38.34213, -12.68768, 0.0 ], [ -38.34214, -12.68759, 0.0 ], [ -38.34213, -12.6874, 0.0 ], [ -38.34212, -12.68731, 0.0 ], [ -38.34214, -12.68724, 0.0 ], [ -38.34217, -12.68716, 0.0 ], [ -38.34229, -12.68699, 0.0 ], [ -38.34231, -12.68695, 0.0 ], [ -38.34232, -12.68693, 0.0 ], [ -38.34231, -12.68691, 0.0 ], [ -38.34228, -12.68689, 0.0 ], [ -38.34219, -12.68685, 0.0 ], [ -38.34215, -12.68683, 0.0 ], [ -38.34213, -12.68681, 0.0 ], [ -38.34211, -12.68678, 0.0 ], [ -38.3421, -12.68674, 0.0 ], [ -38.34208, -12.68671, 0.0 ], [ -38.34206, -12.68667, 0.0 ], [ -38.34201, -12.68661, 0.0 ], [ -38.34194, -12.68655, 0.0 ], [ -38.34189, -12.6865, 0.0 ], [ -38.34186, -12.68647, 0.0 ], [ -38.34184, -12.68643, 0.0 ], [ -38.34183, -12.68639, 0.0 ], [ -38.34181, -12.68641, 0.0 ], [ -38.34142, -12.68661, 0.0 ], [ -38.34113, -12.68675, 0.0 ], [ -38.34087, -12.68689, 0.0 ], [ -38.34065, -12.68711, 0.0 ], [ -38.33995, -12.68723, 0.0 ], [ -38.33995, -12.68723, 0.0 ], [ -38.33995, -12.68723, 0.0 ], [ -38.3391, -12.68716, 0.0 ], [ -38.33878, -12.6872, 0.0 ], [ -38.33804, -12.68721, 0.0 ], [ -38.33804, -12.68721, 0.0 ], [ -38.3379, -12.68677, 0.0 ], [ -38.33771, -12.6865, 0.0 ], [ -38.33739, -12.6861, 0.0 ], [ -38.3373, -12.68599, 0.0 ], [ -38.33724, -12.68591, 0.0 ], [ -38.33713, -12.68583, 0.0 ], [ -38.33708, -12.68579, 0.0 ], [ -38.33698, -12.68572, 0.0 ], [ -38.33672, -12.68562, 0.0 ], [ -38.33685, -12.68519, 0.0 ], [ -38.33671, -12.68514, 0.0 ], [ -38.3359, -12.68485, 0.0 ], [ -38.3359, -12.68485, 0.0 ], [ -38.3359, -12.68485, 0.0 ], [ -38.33402, -12.68441, 0.0 ], [ -38.33364, -12.68382, 0.0 ], [ -38.33316, -12.68374, 0.0 ], [ -38.3328, -12.68431, 0.0 ], [ -38.33154, -12.68402, 0.0 ], [ -38.33093, -12.68396, 0.0 ], [ -38.33014, -12.68401, 0.0 ], [ -38.3302, -12.68435, 0.0 ], [ -38.3294, -12.68445, 0.0 ], [ -38.32947, -12.68501, 0.0 ], [ -38.32954, -12.68533, 0.0 ], [ -38.32931, -12.68541, 0.0 ], [ -38.32922, -12.68521, 0.0 ], [ -38.32918, -12.68522, 0.0 ], [ -38.32908, -12.68532, 0.0 ], [ -38.32899, -12.68534, 0.0 ], [ -38.32899, -12.68534, 0.0 ], [ -38.32899, -12.68517, 0.0 ], [ -38.32887, -12.68516, 0.0 ], [ -38.32885, -12.68524, 0.0 ], [ -38.32875, -12.68522, 0.0 ], [ -38.32876, -12.68514, 0.0 ], [ -38.32849, -12.68508, 0.0 ], [ -38.32842, -12.68507, 0.0 ], [ -38.32843, -12.68502, 0.0 ], [ -38.32789, -12.68509, 0.0 ], [ -38.3276, -12.68542, 0.0 ], [ -38.32737, -12.68554, 0.0 ], [ -38.32721, -12.68524, 0.0 ], [ -38.32721, -12.68524, 0.0 ], [ -38.32721, -12.68524, 0.0 ], [ -38.32682, -12.68544, 0.0 ], [ -38.32642, -12.68552, 0.0 ], [ -38.32591, -12.68561, 0.0 ], [ -38.326, -12.68615, 0.0 ], [ -38.32565, -12.68618, 0.0 ], [ -38.32548, -12.68625, 0.0 ], [ -38.32531, -12.68625, 0.0 ], [ -38.32537, -12.68678, 0.0 ], [ -38.32533, -12.68679, 0.0 ], [ -38.32533, -12.68679, 0.0 ], [ -38.32533, -12.68679, 0.0 ], [ -38.32532, -12.68677, 0.0 ], [ -38.32475, -12.68711, 0.0 ], [ -38.3241, -12.68764, 0.0 ], [ -38.32376, -12.68786, 0.0 ], [ -38.32309, -12.68828, 0.0 ], [ -38.32295, -12.68844, 0.0 ], [ -38.32295, -12.68844, 0.0 ], [ -38.32283, -12.68839, 0.0 ], [ -38.32262, -12.6883, 0.0 ], [ -38.3224, -12.68828, 0.0 ], [ -38.32226, -12.6883, 0.0 ], [ -38.32211, -12.68932, 0.0 ], [ -38.32202, -12.68938, 0.0 ], [ -38.32169, -12.68971, 0.0 ], [ -38.32129, -12.69013, 0.0 ], [ -38.32114, -12.69025, 0.0 ], [ -38.3208, -12.69043, 0.0 ], [ -38.32008, -12.6908, 0.0 ], [ -38.31971, -12.69099, 0.0 ], [ -38.31948, -12.69123, 0.0 ], [ -38.3191, -12.69162, 0.0 ], [ -38.31904, -12.69189, 0.0 ], [ -38.31889, -12.69189, 0.0 ], [ -38.31881, -12.6919, 0.0 ], [ -38.31878, -12.6913, 0.0 ], [ -38.3186, -12.68839, 0.0 ], [ -38.31765, -12.68847, 0.0 ], [ -38.31597, -12.6895, 0.0 ], [ -38.31579, -12.68985, 0.0 ], [ -38.31625, -12.69005, 0.0 ], [ -38.31653, -12.69028, 0.0 ], [ -38.31676, -12.69054, 0.0 ], [ -38.31692, -12.69081, 0.0 ], [ -38.31701, -12.69125, 0.0 ], [ -38.31703, -12.69186, 0.0 ], [ -38.31709, -12.69235, 0.0 ], [ -38.31709, -12.69235, 0.0 ], [ -38.3171, -12.69242, 0.0 ], [ -38.3171, -12.69242, 0.0 ], [ -38.31713, -12.69261, 0.0 ], [ -38.31714, -12.69277, 0.0 ], [ -38.31714, -12.69277, 0.0 ], [ -38.31715, -12.69285, 0.0 ], [ -38.31717, -12.69302, 0.0 ], [ -38.31688, -12.69297, 0.0 ], [ -38.31652, -12.69313, 0.0 ], [ -38.31486, -12.69312, 0.0 ], [ -38.31458, -12.69336, 0.0 ], [ -38.31423, -12.69347, 0.0 ], [ -38.31404, -12.69361, 0.0 ], [ -38.31373, -12.69435, 0.0 ], [ -38.31212, -12.69492, 0.0 ], [ -38.31197, -12.69509, 0.0 ], [ -38.31221, -12.69578, 0.0 ], [ -38.3124, -12.6962, 0.0 ], [ -38.31124, -12.69612, 0.0 ], [ -38.31042, -12.69628, 0.0 ], [ -38.30678, -12.69527, 0.0 ], [ -38.30614, -12.69784, 0.0 ], [ -38.3115, -12.69925, 0.0 ], [ -38.31171, -12.69846, 0.0 ], [ -38.31177, -12.69822, 0.0 ], [ -38.31186, -12.69812, 0.0 ], [ -38.3121, -12.69813, 0.0 ], [ -38.3121, -12.69813, 0.0 ], [ -38.3121, -12.69813, 0.0 ], [ -38.31216, -12.69829, 0.0 ], [ -38.31241, -12.69832, 0.0 ], [ -38.31258, -12.69824, 0.0 ], [ -38.3127, -12.69805, 0.0 ], [ -38.31295, -12.69771, 0.0 ], [ -38.31322, -12.69695, 0.0 ], [ -38.31335, -12.69676, 0.0 ], [ -38.31335, -12.69676, 0.0 ], [ -38.31335, -12.69676, 0.0 ], [ -38.31387, -12.69709, 0.0 ], [ -38.31407, -12.69741, 0.0 ], [ -38.31415, -12.69776, 0.0 ], [ -38.31435, -12.69787, 0.0 ], [ -38.31445, -12.69786, 0.0 ], [ -38.31476, -12.69777, 0.0 ], [ -38.31495, -12.6977, 0.0 ], [ -38.31516, -12.69762, 0.0 ], [ -38.31527, -12.69757, 0.0 ], [ -38.3153, -12.69762, 0.0 ], [ -38.31546, -12.69752, 0.0 ], [ -38.31555, -12.69752, 0.0 ], [ -38.3157, -12.69738, 0.0 ], [ -38.31581, -12.69719, 0.0 ], [ -38.31581, -12.69717, 0.0 ], [ -38.31586, -12.6971, 0.0 ], [ -38.31595, -12.69677, 0.0 ], [ -38.31598, -12.69673, 0.0 ], [ -38.31606, -12.69622, 0.0 ], [ -38.31606, -12.69619, 0.0 ], [ -38.31617, -12.69586, 0.0 ], [ -38.31642, -12.69542, 0.0 ], [ -38.3172, -12.69559, 0.0 ], [ -38.3172, -12.69559, 0.0 ], [ -38.3172, -12.69559, 0.0 ], [ -38.31705, -12.69614, 0.0 ], [ -38.31703, -12.69642, 0.0 ], [ -38.31706, -12.69656, 0.0 ], [ -38.31709, -12.69674, 0.0 ], [ -38.31707, -12.69692, 0.0 ], [ -38.31703, -12.69706, 0.0 ], [ -38.31703, -12.6971, 0.0 ], [ -38.31698, -12.69711, 0.0 ], [ -38.31701, -12.69722, 0.0 ], [ -38.31713, -12.69771, 0.0 ], [ -38.3172, -12.69781, 0.0 ], [ -38.31709, -12.69785, 0.0 ], [ -38.31677, -12.69785, 0.0 ], [ -38.31657, -12.6979, 0.0 ], [ -38.31614, -12.69804, 0.0 ], [ -38.31544, -12.69833, 0.0 ], [ -38.31537, -12.69836, 0.0 ], [ -38.31516, -12.69847, 0.0 ], [ -38.31506, -12.69852, 0.0 ], [ -38.3147, -12.6987, 0.0 ], [ -38.31439, -12.69884, 0.0 ], [ -38.31422, -12.6989, 0.0 ], [ -38.31396, -12.69912, 0.0 ], [ -38.31367, -12.69933, 0.0 ], [ -38.31344, -12.69947, 0.0 ], [ -38.31313, -12.69951, 0.0 ], [ -38.31304, -12.69952, 0.0 ], [ -38.31297, -12.69949, 0.0 ], [ -38.31296, -12.69948, 0.0 ], [ -38.31283, -12.69946, 0.0 ], [ -38.31252, -12.69951, 0.0 ], [ -38.31256, -12.69971, 0.0 ], [ -38.31256, -12.69971, 0.0 ], [ -38.31275, -12.69964, 0.0 ], [ -38.31298, -12.69962, 0.0 ], [ -38.3136, -12.69955, 0.0 ], [ -38.31446, -12.69916, 0.0 ], [ -38.31481, -12.69891, 0.0 ], [ -38.31573, -12.69856, 0.0 ], [ -38.31648, -12.69822, 0.0 ], [ -38.31731, -12.698, 0.0 ], [ -38.31767, -12.69809, 0.0 ], [ -38.31771, -12.6982, 0.0 ], [ -38.31779, -12.69843, 0.0 ], [ -38.31782, -12.69846, 0.0 ], [ -38.31799, -12.69861, 0.0 ], [ -38.3186, -12.6988, 0.0 ], [ -38.3187, -12.69878, 0.0 ], [ -38.31894, -12.69882, 0.0 ], [ -38.31897, -12.69883, 0.0 ], [ -38.31911, -12.6989, 0.0 ], [ -38.31911, -12.6989, 0.0 ], [ -38.31911, -12.6989, 0.0 ], [ -38.31901, -12.69909, 0.0 ], [ -38.31898, -12.69915, 0.0 ], [ -38.31884, -12.69936, 0.0 ] ], [ [ -38.31899, -12.69912, 0.0 ], [ -38.31891, -12.69928, 0.0 ], [ -38.31898, -12.69915, 0.0 ], [ -38.31899, -12.69912, 0.0 ] ], [ [ -38.33762, -12.69312, 0.0 ], [ -38.338, -12.69299, 0.0 ], [ -38.3381, -12.6929, 0.0 ], [ -38.33844, -12.69277, 0.0 ], [ -38.33849, -12.69275, 0.0 ], [ -38.33837, -12.69213, 0.0 ], [ -38.33836, -12.6921, 0.0 ], [ -38.3384, -12.69208, 0.0 ], [ -38.33873, -12.69203, 0.0 ], [ -38.33895, -12.69199, 0.0 ], [ -38.33901, -12.69197, 0.0 ], [ -38.33895, -12.69172, 0.0 ], [ -38.33889, -12.69158, 0.0 ], [ -38.33877, -12.69125, 0.0 ], [ -38.3387, -12.69113, 0.0 ], [ -38.33869, -12.69111, 0.0 ], [ -38.33867, -12.69107, 0.0 ], [ -38.33884, -12.69091, 0.0 ], [ -38.33877, -12.69085, 0.0 ], [ -38.3388, -12.6908, 0.0 ], [ -38.3389, -12.69065, 0.0 ], [ -38.33894, -12.6906, 0.0 ], [ -38.33893, -12.6905, 0.0 ], [ -38.33892, -12.69026, 0.0 ], [ -38.33892, -12.69021, 0.0 ], [ -38.33893, -12.68986, 0.0 ], [ -38.33917, -12.68984, 0.0 ], [ -38.33915, -12.69002, 0.0 ], [ -38.3396, -12.69129, 0.0 ], [ -38.33967, -12.6913, 0.0 ], [ -38.34019, -12.69121, 0.0 ], [ -38.34019, -12.69124, 0.0 ], [ -38.34031, -12.69174, 0.0 ], [ -38.34055, -12.69178, 0.0 ], [ -38.34061, -12.69176, 0.0 ], [ -38.34075, -12.69241, 0.0 ], [ -38.34072, -12.69252, 0.0 ], [ -38.34067, -12.69254, 0.0 ], [ -38.3407, -12.69275, 0.0 ], [ -38.34071, -12.69288, 0.0 ], [ -38.34069, -12.693, 0.0 ], [ -38.34063, -12.69305, 0.0 ], [ -38.34056, -12.6931, 0.0 ], [ -38.34057, -12.69325, 0.0 ], [ -38.34039, -12.69427, 0.0 ], [ -38.34038, -12.69432, 0.0 ], [ -38.34029, -12.69431, 0.0 ], [ -38.34025, -12.69429, 0.0 ], [ -38.34023, -12.69433, 0.0 ], [ -38.34017, -12.69442, 0.0 ], [ -38.34014, -12.69449, 0.0 ], [ -38.3401, -12.69456, 0.0 ], [ -38.34008, -12.69464, 0.0 ], [ -38.34008, -12.69466, 0.0 ], [ -38.34006, -12.69466, 0.0 ], [ -38.34005, -12.69468, 0.0 ], [ -38.34002, -12.69474, 0.0 ], [ -38.34, -12.69476, 0.0 ], [ -38.34, -12.69492, 0.0 ], [ -38.33994, -12.69493, 0.0 ], [ -38.33995, -12.69505, 0.0 ], [ -38.33995, -12.6951, 0.0 ], [ -38.33978, -12.69517, 0.0 ], [ -38.33964, -12.69518, 0.0 ], [ -38.3396, -12.69519, 0.0 ], [ -38.33957, -12.69519, 0.0 ], [ -38.33952, -12.69517, 0.0 ], [ -38.33944, -12.69513, 0.0 ], [ -38.33903, -12.69495, 0.0 ], [ -38.33833, -12.69457, 0.0 ], [ -38.33797, -12.69431, 0.0 ], [ -38.33796, -12.6943, 0.0 ], [ -38.33774, -12.69377, 0.0 ], [ -38.33762, -12.69312, 0.0 ] ], [ [ -38.33005, -12.70556, 0.0 ], [ -38.3297, -12.70518, 0.0 ], [ -38.32938, -12.70457, 0.0 ], [ -38.32922, -12.70432, 0.0 ], [ -38.32892, -12.70412, 0.0 ], [ -38.32832, -12.70398, 0.0 ], [ -38.328, -12.70402, 0.0 ], [ -38.32778, -12.70402, 0.0 ], [ -38.32755, -12.70385, 0.0 ], [ -38.32749, -12.70369, 0.0 ], [ -38.32744, -12.70258, 0.0 ], [ -38.32744, -12.70224, 0.0 ], [ -38.32753, -12.70203, 0.0 ], [ -38.32775, -12.70175, 0.0 ], [ -38.32784, -12.70141, 0.0 ], [ -38.32806, -12.70085, 0.0 ], [ -38.32864, -12.70103, 0.0 ], [ -38.32859, -12.70111, 0.0 ], [ -38.32864, -12.70121, 0.0 ], [ -38.32946, -12.70206, 0.0 ], [ -38.32978, -12.70234, 0.0 ], [ -38.33029, -12.70282, 0.0 ], [ -38.33081, -12.70328, 0.0 ], [ -38.33112, -12.70352, 0.0 ], [ -38.33093, -12.70385, 0.0 ], [ -38.3307, -12.70438, 0.0 ], [ -38.33059, -12.70468, 0.0 ], [ -38.33059, -12.70508, 0.0 ], [ -38.33062, -12.70549, 0.0 ], [ -38.33005, -12.70556, 0.0 ] ], [ [ -38.32834, -12.70882, 0.0 ], [ -38.32815, -12.7088, 0.0 ], [ -38.32801, -12.70898, 0.0 ], [ -38.32781, -12.70946, 0.0 ], [ -38.32741, -12.70943, 0.0 ], [ -38.32739, -12.70921, 0.0 ], [ -38.32713, -12.70903, 0.0 ], [ -38.32712, -12.70902, 0.0 ], [ -38.32724, -12.70885, 0.0 ], [ -38.32742, -12.70881, 0.0 ], [ -38.32745, -12.70871, 0.0 ], [ -38.3279, -12.70857, 0.0 ], [ -38.32809, -12.7084, 0.0 ], [ -38.32823, -12.70806, 0.0 ], [ -38.32882, -12.70786, 0.0 ], [ -38.32892, -12.70804, 0.0 ], [ -38.3288, -12.70821, 0.0 ], [ -38.32857, -12.70846, 0.0 ], [ -38.32834, -12.70882, 0.0 ] ], [ [ -38.31735, -12.71359, 0.0 ], [ -38.31738, -12.71397, 0.0 ], [ -38.31751, -12.71443, 0.0 ], [ -38.31764, -12.71496, 0.0 ], [ -38.31777, -12.71544, 0.0 ], [ -38.31788, -12.71592, 0.0 ], [ -38.31778, -12.71599, 0.0 ], [ -38.31773, -12.71593, 0.0 ], [ -38.31769, -12.71594, 0.0 ], [ -38.31756, -12.71587, 0.0 ], [ -38.31749, -12.71582, 0.0 ], [ -38.31742, -12.71575, 0.0 ], [ -38.31736, -12.71571, 0.0 ], [ -38.31728, -12.71568, 0.0 ], [ -38.31721, -12.71565, 0.0 ], [ -38.3172, -12.71562, 0.0 ], [ -38.3172, -12.71559, 0.0 ], [ -38.31721, -12.71556, 0.0 ], [ -38.31719, -12.71553, 0.0 ], [ -38.31715, -12.7155, 0.0 ], [ -38.31709, -12.71551, 0.0 ], [ -38.31704, -12.71555, 0.0 ], [ -38.31699, -12.71555, 0.0 ], [ -38.31696, -12.71552, 0.0 ], [ -38.31694, -12.71549, 0.0 ], [ -38.3169, -12.71547, 0.0 ], [ -38.31683, -12.71544, 0.0 ], [ -38.31674, -12.71542, 0.0 ], [ -38.31666, -12.71542, 0.0 ], [ -38.31658, -12.71544, 0.0 ], [ -38.31656, -12.7154, 0.0 ], [ -38.31647, -12.71536, 0.0 ], [ -38.31643, -12.71532, 0.0 ], [ -38.31644, -12.71524, 0.0 ], [ -38.31651, -12.71518, 0.0 ], [ -38.31647, -12.71511, 0.0 ], [ -38.3164, -12.71505, 0.0 ], [ -38.31637, -12.71494, 0.0 ], [ -38.31633, -12.71477, 0.0 ], [ -38.3163, -12.7147, 0.0 ], [ -38.3162, -12.71464, 0.0 ], [ -38.31618, -12.71458, 0.0 ], [ -38.31618, -12.71458, 0.0 ], [ -38.31617, -12.71458, 0.0 ], [ -38.31432, -12.71467, 0.0 ], [ -38.3145, -12.71417, 0.0 ], [ -38.31456, -12.71398, 0.0 ], [ -38.3146, -12.71384, 0.0 ], [ -38.31462, -12.71351, 0.0 ], [ -38.31462, -12.71321, 0.0 ], [ -38.31621, -12.71318, 0.0 ], [ -38.31625, -12.71333, 0.0 ], [ -38.31626, -12.71345, 0.0 ], [ -38.31628, -12.71345, 0.0 ], [ -38.31667, -12.71305, 0.0 ], [ -38.31702, -12.71289, 0.0 ], [ -38.31718, -12.71256, 0.0 ], [ -38.31745, -12.71225, 0.0 ], [ -38.31778, -12.71197, 0.0 ], [ -38.318, -12.712, 0.0 ], [ -38.31784, -12.71223, 0.0 ], [ -38.31771, -12.71247, 0.0 ], [ -38.31757, -12.71274, 0.0 ], [ -38.31748, -12.71292, 0.0 ], [ -38.31741, -12.71315, 0.0 ], [ -38.31738, -12.71332, 0.0 ], [ -38.31735, -12.71359, 0.0 ] ], [ [ -38.31839, -12.71558, 0.0 ], [ -38.31926, -12.71637, 0.0 ], [ -38.31937, -12.71648, 0.0 ], [ -38.31944, -12.71664, 0.0 ], [ -38.31957, -12.7168, 0.0 ], [ -38.31973, -12.717, 0.0 ], [ -38.31984, -12.71719, 0.0 ], [ -38.31989, -12.71719, 0.0 ], [ -38.31999, -12.7171, 0.0 ], [ -38.32065, -12.71776, 0.0 ], [ -38.32061, -12.71779, 0.0 ], [ -38.32058, -12.7178, 0.0 ], [ -38.32047, -12.71781, 0.0 ], [ -38.32039, -12.71782, 0.0 ], [ -38.32031, -12.71781, 0.0 ], [ -38.32022, -12.7178, 0.0 ], [ -38.32017, -12.71778, 0.0 ], [ -38.32007, -12.71781, 0.0 ], [ -38.32002, -12.71793, 0.0 ], [ -38.31996, -12.71808, 0.0 ], [ -38.31996, -12.71815, 0.0 ], [ -38.31997, -12.71825, 0.0 ], [ -38.31993, -12.71837, 0.0 ], [ -38.31989, -12.71846, 0.0 ], [ -38.31985, -12.71848, 0.0 ], [ -38.31977, -12.71845, 0.0 ], [ -38.3197, -12.71842, 0.0 ], [ -38.31968, -12.71842, 0.0 ], [ -38.31965, -12.71841, 0.0 ], [ -38.3196, -12.71841, 0.0 ], [ -38.3195, -12.71841, 0.0 ], [ -38.31938, -12.71839, 0.0 ], [ -38.31928, -12.71835, 0.0 ], [ -38.31917, -12.71829, 0.0 ], [ -38.31908, -12.71819, 0.0 ], [ -38.319, -12.71809, 0.0 ], [ -38.31892, -12.71798, 0.0 ], [ -38.31883, -12.71777, 0.0 ], [ -38.3188, -12.71753, 0.0 ], [ -38.31873, -12.7173, 0.0 ], [ -38.31867, -12.7172, 0.0 ], [ -38.31851, -12.71704, 0.0 ], [ -38.31838, -12.71687, 0.0 ], [ -38.31822, -12.71667, 0.0 ], [ -38.31814, -12.71647, 0.0 ], [ -38.31802, -12.71625, 0.0 ], [ -38.31789, -12.71602, 0.0 ], [ -38.31839, -12.71558, 0.0 ] ], [ [ -38.32979, -12.71676, 0.0 ], [ -38.32992, -12.71654, 0.0 ], [ -38.32991, -12.71639, 0.0 ], [ -38.32968, -12.71588, 0.0 ], [ -38.32926, -12.71486, 0.0 ], [ -38.32947, -12.71434, 0.0 ], [ -38.32973, -12.71403, 0.0 ], [ -38.3299, -12.71363, 0.0 ], [ -38.32992, -12.71358, 0.0 ], [ -38.33023, -12.71366, 0.0 ], [ -38.3305, -12.71376, 0.0 ], [ -38.33024, -12.71445, 0.0 ], [ -38.33017, -12.71463, 0.0 ], [ -38.33014, -12.71472, 0.0 ], [ -38.3301, -12.71491, 0.0 ], [ -38.33004, -12.71534, 0.0 ], [ -38.33002, -12.71568, 0.0 ], [ -38.33002, -12.71586, 0.0 ], [ -38.33051, -12.71582, 0.0 ], [ -38.33055, -12.71603, 0.0 ], [ -38.33054, -12.7161, 0.0 ], [ -38.33047, -12.71636, 0.0 ], [ -38.33041, -12.71636, 0.0 ], [ -38.33032, -12.71638, 0.0 ], [ -38.33016, -12.7165, 0.0 ], [ -38.33034, -12.71687, 0.0 ], [ -38.33046, -12.71683, 0.0 ], [ -38.33047, -12.71683, 0.0 ], [ -38.33065, -12.71742, 0.0 ], [ -38.33007, -12.71762, 0.0 ], [ -38.33007, -12.71758, 0.0 ], [ -38.32979, -12.71676, 0.0 ] ], [ [ -38.3327, -12.71406, 0.0 ], [ -38.33345, -12.7141, 0.0 ], [ -38.33335, -12.71424, 0.0 ], [ -38.33385, -12.71455, 0.0 ], [ -38.33386, -12.71456, 0.0 ], [ -38.33374, -12.71472, 0.0 ], [ -38.33354, -12.71484, 0.0 ], [ -38.33293, -12.71528, 0.0 ], [ -38.3326, -12.71505, 0.0 ], [ -38.3327, -12.71406, 0.0 ] ] ], [ [ [ -38.29159, -12.69182, 0.0 ], [ -38.29159, -12.69182, 0.0 ], [ -38.29159, -12.69182, 0.0 ], [ -38.29159, -12.69182, 0.0 ] ] ] ] } },
{ "type": "Feature", "properties": { "Id": 7, "Name": "ZOUC 1", "DISTRITO": "SEDE", "categoria": "ZOUC", "perímetro_ellip_m": 8071.3, "área_ellip_m²": 1313681.1 }, "geometry": { "type": "MultiPolygon", "coordinates": [ [ [ [ -38.3297, -12.76525, 0.0 ], [ -38.32971, -12.76527, 0.0 ], [ -38.32861, -12.76496, 0.0 ], [ -38.32555, -12.763, 0.0 ], [ -38.32357, -12.76174, 0.0 ], [ -38.32269, -12.76231, 0.0 ], [ -38.32156, -12.76309, 0.0 ], [ -38.32061, -12.76372, 0.0 ], [ -38.32009, -12.76485, 0.0 ], [ -38.32085, -12.76472, 0.0 ], [ -38.32162, -12.76423, 0.0 ], [ -38.32269, -12.76444, 0.0 ], [ -38.32318, -12.76507, 0.0 ], [ -38.322, -12.76598, 0.0 ], [ -38.32112, -12.7668, 0.0 ], [ -38.32175, -12.76755, 0.0 ], [ -38.32078, -12.76809, 0.0 ], [ -38.31952, -12.76829, 0.0 ], [ -38.31923, -12.76621, 0.0 ], [ -38.31816, -12.76685, 0.0 ], [ -38.31748, -12.76754, 0.0 ], [ -38.32088, -12.76897, 0.0 ], [ -38.32098, -12.77148, 0.0 ], [ -38.32138, -12.77154, 0.0 ], [ -38.32519, -12.77216, 0.0 ], [ -38.32542, -12.77219, 0.0 ], [ -38.32601, -12.77229, 0.0 ], [ -38.32713, -12.77035, 0.0 ], [ -38.32873, -12.76967, 0.0 ], [ -38.32978, -12.77017, 0.0 ], [ -38.32978, -12.77175, 0.0 ], [ -38.33278, -12.77451, 0.0 ], [ -38.33372, -12.77456, 0.0 ], [ -38.33408, -12.77446, 0.0 ], [ -38.33411, -12.77366, 0.0 ], [ -38.33398, -12.77301, 0.0 ], [ -38.33437, -12.77199, 0.0 ], [ -38.33437, -12.77199, 0.0 ], [ -38.3342, -12.7709, 0.0 ], [ -38.3337, -12.77, 0.0 ], [ -38.33277, -12.76904, 0.0 ], [ -38.33216, -12.76854, 0.0 ], [ -38.33195, -12.76734, 0.0 ], [ -38.33131, -12.76675, 0.0 ], [ -38.33047, -12.76631, 0.0 ], [ -38.33041, -12.76596, 0.0 ], [ -38.33139, -12.76605, 0.0 ], [ -38.33318, -12.76637, 0.0 ], [ -38.33431, -12.76605, 0.0 ], [ -38.33429, -12.76223, 0.0 ], [ -38.33274, -12.76172, 0.0 ], [ -38.33036, -12.76391, 0.0 ], [ -38.3297, -12.76525, 0.0 ] ] ] ] } },
{ "type": "Feature", "properties": { "Id": 8, "Name": "ZOUC 1", "DISTRITO": "SEDE", "categoria": "ZOUC", "perímetro_ellip_m": 8789.5, "área_ellip_m²": 2242246.2 }, "geometry": { "type": "MultiPolygon", "coordinates": [ [ [ [ -38.27281, -12.63728, 0.0 ], [ -38.27212, -12.63748, 0.0 ], [ -38.27129, -12.63757, 0.0 ], [ -38.26941, -12.63742, 0.0 ], [ -38.26908, -12.63739, 0.0 ], [ -38.26895, -12.63738, 0.0 ], [ -38.26892, -12.63737, 0.0 ], [ -38.26881, -12.63737, 0.0 ], [ -38.2687, -12.63735, 0.0 ], [ -38.26859, -12.63734, 0.0 ], [ -38.26849, -12.63734, 0.0 ], [ -38.26837, -12.63733, 0.0 ], [ -38.26805, -12.6373, 0.0 ], [ -38.26789, -12.63728, 0.0 ], [ -38.26769, -12.63726, 0.0 ], [ -38.26762, -12.63725, 0.0 ], [ -38.26757, -12.63724, 0.0 ], [ -38.26756, -12.63723, 0.0 ], [ -38.26753, -12.63722, 0.0 ], [ -38.2675, -12.63721, 0.0 ], [ -38.26746, -12.6372, 0.0 ], [ -38.26741, -12.63719, 0.0 ], [ -38.26699, -12.63708, 0.0 ], [ -38.26663, -12.63692, 0.0 ], [ -38.26658, -12.63691, 0.0 ], [ -38.26656, -12.63689, 0.0 ], [ -38.26617, -12.63672, 0.0 ], [ -38.26579, -12.63643, 0.0 ], [ -38.26561, -12.63623, 0.0 ], [ -38.26559, -12.63621, 0.0 ], [ -38.26557, -12.63618, 0.0 ], [ -38.26518, -12.63576, 0.0 ], [ -38.26505, -12.63558, 0.0 ], [ -38.26508, -12.63542, 0.0 ], [ -38.26508, -12.63542, 0.0 ], [ -38.26466, -12.63531, 0.0 ], [ -38.26387, -12.63451, 0.0 ], [ -38.26284, -12.63406, 0.0 ], [ -38.26231, -12.63363, 0.0 ], [ -38.26181, -12.63339, 0.0 ], [ -38.26103, -12.63327, 0.0 ], [ -38.26061, -12.63328, 0.0 ], [ -38.26014, -12.63337, 0.0 ], [ -38.25985, -12.63308, 0.0 ], [ -38.25951, -12.63301, 0.0 ], [ -38.25914, -12.63304, 0.0 ], [ -38.25856, -12.63329, 0.0 ], [ -38.25856, -12.63329, 0.0 ], [ -38.25855, -12.63329, 0.0 ], [ -38.25787, -12.63353, 0.0 ], [ -38.25752, -12.63378, 0.0 ], [ -38.25682, -12.63436, 0.0 ], [ -38.25608, -12.63493, 0.0 ], [ -38.25504, -12.63554, 0.0 ], [ -38.25435, -12.63598, 0.0 ], [ -38.25376, -12.63632, 0.0 ], [ -38.25376, -12.63632, 0.0 ], [ -38.25376, -12.63632, 0.0 ], [ -38.25348, -12.63639, 0.0 ], [ -38.25273, -12.63647, 0.0 ], [ -38.25169, -12.63666, 0.0 ], [ -38.25078, -12.63678, 0.0 ], [ -38.25008, -12.63687, 0.0 ], [ -38.24976, -12.63691, 0.0 ], [ -38.25801, -12.64585, 0.0 ], [ -38.26627, -12.6423, 0.0 ], [ -38.2674, -12.64181, 0.0 ], [ -38.26843, -12.64137, 0.0 ], [ -38.26994, -12.64086, 0.0 ], [ -38.27081, -12.64097, 0.0 ], [ -38.27147, -12.64075, 0.0 ], [ -38.27232, -12.6403, 0.0 ], [ -38.2726, -12.63994, 0.0 ], [ -38.27298, -12.63939, 0.0 ], [ -38.27365, -12.63896, 0.0 ], [ -38.27427, -12.63882, 0.0 ], [ -38.27535, -12.63852, 0.0 ], [ -38.27594, -12.63815, 0.0 ], [ -38.27641, -12.63765, 0.0 ], [ -38.27939, -12.63742, 0.0 ], [ -38.27945, -12.63753, 0.0 ], [ -38.27979, -12.63775, 0.0 ], [ -38.2802, -12.63762, 0.0 ], [ -38.28041, -12.63739, 0.0 ], [ -38.28055, -12.63696, 0.0 ], [ -38.28068, -12.6366, 0.0 ], [ -38.28073, -12.63592, 0.0 ], [ -38.28166, -12.63421, 0.0 ], [ -38.2819, -12.63365, 0.0 ], [ -38.28136, -12.63245, 0.0 ], [ -38.28078, -12.63083, 0.0 ], [ -38.27603, -12.6352, 0.0 ], [ -38.27567, -12.63538, 0.0 ], [ -38.27567, -12.63538, 0.0 ], [ -38.27566, -12.63538, 0.0 ], [ -38.27532, -12.63543, 0.0 ], [ -38.2748, -12.6355, 0.0 ], [ -38.27475, -12.63551, 0.0 ], [ -38.27395, -12.63562, 0.0 ], [ -38.27386, -12.63599, 0.0 ], [ -38.27366, -12.63654, 0.0 ], [ -38.27337, -12.63688, 0.0 ], [ -38.27281, -12.63728, 0.0 ], [ -38.27281, -12.63728, 0.0 ], [ -38.27281, -12.63728, 0.0 ] ] ] ] } },
{ "type": "Feature", "properties": { "Id": 9, "Name": "ZOUC 1", "DISTRITO": "SEDE", "categoria": "ZOUC", "perímetro_ellip_m": 4436.7, "área_ellip_m²": 257742.1 }, "geometry": { "type": "MultiPolygon", "coordinates": [ [ [ [ -38.31048, -12.62417, 0.0 ], [ -38.31037, -12.62433, 0.0 ], [ -38.31096, -12.62426, 0.0 ], [ -38.31126, -12.62422, 0.0 ], [ -38.31181, -12.62434, 0.0 ], [ -38.31542, -12.62515, 0.0 ], [ -38.32052, -12.62433, 0.0 ], [ -38.32065, -12.62436, 0.0 ], [ -38.32098, -12.62444, 0.0 ], [ -38.3213, -12.62451, 0.0 ], [ -38.32135, -12.62452, 0.0 ], [ -38.32147, -12.62455, 0.0 ], [ -38.3217, -12.6246, 0.0 ], [ -38.32201, -12.62467, 0.0 ], [ -38.32211, -12.62469, 0.0 ], [ -38.32221, -12.62471, 0.0 ], [ -38.32223, -12.62472, 0.0 ], [ -38.32226, -12.62472, 0.0 ], [ -38.32239, -12.62476, 0.0 ], [ -38.32242, -12.62476, 0.0 ], [ -38.32285, -12.62487, 0.0 ], [ -38.32285, -12.62487, 0.0 ], [ -38.32224, -12.62472, 0.0 ], [ -38.31692, -12.62352, 0.0 ], [ -38.31378, -12.62283, 0.0 ], [ -38.31269, -12.62237, 0.0 ], [ -38.31125, -12.62146, 0.0 ], [ -38.30805, -12.6187, 0.0 ], [ -38.30771, -12.61919, 0.0 ], [ -38.30769, -12.61941, 0.0 ], [ -38.30773, -12.61988, 0.0 ], [ -38.30795, -12.62032, 0.0 ], [ -38.30884, -12.62117, 0.0 ], [ -38.30965, -12.62188, 0.0 ], [ -38.30997, -12.62225, 0.0 ], [ -38.31022, -12.62271, 0.0 ], [ -38.31034, -12.62287, 0.0 ], [ -38.31038, -12.6232, 0.0 ], [ -38.31042, -12.62352, 0.0 ], [ -38.31048, -12.6238, 0.0 ], [ -38.31048, -12.62417, 0.0 ] ] ], [ [ [ -38.309, -12.62532, 0.0 ], [ -38.30902, -12.62532, 0.0 ], [ -38.30902, -12.62532, 0.0 ], [ -38.30873, -12.62532, 0.0 ], [ -38.30841, -12.62528, 0.0 ], [ -38.30799, -12.62511, 0.0 ], [ -38.30687, -12.62464, 0.0 ], [ -38.30679, -12.62461, 0.0 ], [ -38.30679, -12.62462, 0.0 ], [ -38.30686, -12.62464, 0.0 ], [ -38.30798, -12.62511, 0.0 ], [ -38.30822, -12.62521, 0.0 ], [ -38.3084, -12.62528, 0.0 ], [ -38.30847, -12.62529, 0.0 ], [ -38.30872, -12.62532, 0.0 ], [ -38.309, -12.62532, 0.0 ] ] ] ] } },
{ "type": "Feature", "properties": { "Id": 10, "Name": "ZOUC 2", "DISTRITO": "SEDE", "categoria": "ZOUC", "perímetro_ellip_m": 7954.5, "área_ellip_m²": 816374.8 }, "geometry": { "type": "MultiPolygon", "coordinates": [ [ [ [ -38.34176, -12.70755, 0.0 ], [ -38.34275, -12.70911, 0.0 ], [ -38.34216, -12.70953, 0.0 ], [ -38.34177, -12.7098, 0.0 ], [ -38.34165, -12.70992, 0.0 ], [ -38.3413, -12.71036, 0.0 ], [ -38.3409, -12.7108, 0.0 ], [ -38.34068, -12.71095, 0.0 ], [ -38.34068, -12.71095, 0.0 ], [ -38.34049, -12.71107, 0.0 ], [ -38.34023, -12.71119, 0.0 ], [ -38.34008, -12.71122, 0.0 ], [ -38.33999, -12.71046, 0.0 ], [ -38.3399, -12.70972, 0.0 ], [ -38.33816, -12.71012, 0.0 ], [ -38.3375, -12.71031, 0.0 ], [ -38.33722, -12.71157, 0.0 ], [ -38.338, -12.71222, 0.0 ], [ -38.33852, -12.7134, 0.0 ], [ -38.33998, -12.71373, 0.0 ], [ -38.33994, -12.71473, 0.0 ], [ -38.34007, -12.71461, 0.0 ], [ -38.34024, -12.71449, 0.0 ], [ -38.34069, -12.71454, 0.0 ], [ -38.34078, -12.71456, 0.0 ], [ -38.34101, -12.71462, 0.0 ], [ -38.34112, -12.71467, 0.0 ], [ -38.34139, -12.71446, 0.0 ], [ -38.34134, -12.71439, 0.0 ], [ -38.34129, -12.71433, 0.0 ], [ -38.34159, -12.71406, 0.0 ], [ -38.34148, -12.71389, 0.0 ], [ -38.34198, -12.71347, 0.0 ], [ -38.34209, -12.71349, 0.0 ], [ -38.34246, -12.71326, 0.0 ], [ -38.34303, -12.71293, 0.0 ], [ -38.34403, -12.71394, 0.0 ], [ -38.34413, -12.71395, 0.0 ], [ -38.34455, -12.71356, 0.0 ], [ -38.34495, -12.71398, 0.0 ], [ -38.34425, -12.71464, 0.0 ], [ -38.34371, -12.71514, 0.0 ], [ -38.34339, -12.71543, 0.0 ], [ -38.34254, -12.71617, 0.0 ], [ -38.34221, -12.71659, 0.0 ], [ -38.34176, -12.71698, 0.0 ], [ -38.34219, -12.71744, 0.0 ], [ -38.3409, -12.71858, 0.0 ], [ -38.34078, -12.7183, 0.0 ], [ -38.34077, -12.71823, 0.0 ], [ -38.34062, -12.71798, 0.0 ], [ -38.34046, -12.71804, 0.0 ], [ -38.34044, -12.71804, 0.0 ], [ -38.33973, -12.71801, 0.0 ], [ -38.33968, -12.71802, 0.0 ], [ -38.33936, -12.71796, 0.0 ], [ -38.33919, -12.71791, 0.0 ], [ -38.33903, -12.71784, 0.0 ], [ -38.33888, -12.71778, 0.0 ], [ -38.33875, -12.71772, 0.0 ], [ -38.33867, -12.71766, 0.0 ], [ -38.33843, -12.71749, 0.0 ], [ -38.33831, -12.71739, 0.0 ], [ -38.3382, -12.71727, 0.0 ], [ -38.33818, -12.71722, 0.0 ], [ -38.33817, -12.71711, 0.0 ], [ -38.33764, -12.71773, 0.0 ], [ -38.3377, -12.71777, 0.0 ], [ -38.33801, -12.71802, 0.0 ], [ -38.3381, -12.71811, 0.0 ], [ -38.33851, -12.71842, 0.0 ], [ -38.33867, -12.71852, 0.0 ], [ -38.33925, -12.71885, 0.0 ], [ -38.33941, -12.71895, 0.0 ], [ -38.3395, -12.71913, 0.0 ], [ -38.33958, -12.71859, 0.0 ], [ -38.33989, -12.71891, 0.0 ], [ -38.34002, -12.71913, 0.0 ], [ -38.34034, -12.7194, 0.0 ], [ -38.34069, -12.71963, 0.0 ], [ -38.34104, -12.71988, 0.0 ], [ -38.34123, -12.71997, 0.0 ], [ -38.34125, -12.71985, 0.0 ], [ -38.34135, -12.71959, 0.0 ], [ -38.34156, -12.71945, 0.0 ], [ -38.34181, -12.7193, 0.0 ], [ -38.3422, -12.71876, 0.0 ], [ -38.34265, -12.71809, 0.0 ], [ -38.34301, -12.71748, 0.0 ], [ -38.34325, -12.71767, 0.0 ], [ -38.34433, -12.71833, 0.0 ], [ -38.34501, -12.71878, 0.0 ], [ -38.34564, -12.71792, 0.0 ], [ -38.34596, -12.71747, 0.0 ], [ -38.34673, -12.71641, 0.0 ], [ -38.3458, -12.71554, 0.0 ], [ -38.34637, -12.71483, 0.0 ], [ -38.34733, -12.71375, 0.0 ], [ -38.3464, -12.71326, 0.0 ], [ -38.34591, -12.71299, 0.0 ], [ -38.34585, -12.71295, 0.0 ], [ -38.34581, -12.71291, 0.0 ], [ -38.34521, -12.7122, 0.0 ], [ -38.34557, -12.7117, 0.0 ], [ -38.34578, -12.71186, 0.0 ], [ -38.34598, -12.71159, 0.0 ], [ -38.34639, -12.71136, 0.0 ], [ -38.34688, -12.7111, 0.0 ], [ -38.34721, -12.71089, 0.0 ], [ -38.34765, -12.7107, 0.0 ], [ -38.34888, -12.71028, 0.0 ], [ -38.34854, -12.70965, 0.0 ], [ -38.34781, -12.70895, 0.0 ], [ -38.34712, -12.7097, 0.0 ], [ -38.34552, -12.70857, 0.0 ], [ -38.34635, -12.70753, 0.0 ], [ -38.34574, -12.707, 0.0 ], [ -38.34515, -12.70772, 0.0 ], [ -38.34464, -12.7053, 0.0 ], [ -38.34119, -12.7067, 0.0 ], [ -38.34176, -12.70755, 0.0 ] ] ] ] } },
{ "type": "Feature", "properties": { "Id": 11, "Name": "ZOUC 2", "DISTRITO": "SEDE", "categoria": "ZOUC", "perímetro_ellip_m": 13657.3, "área_ellip_m²": 5087654.3 }, "geometry": { "type": "MultiPolygon", "coordinates": [ [ [ [ -38.2997, -12.73176, 0.0 ], [ -38.29775, -12.73302, 0.0 ], [ -38.29634, -12.7344, 0.0 ], [ -38.29287, -12.73893, 0.0 ], [ -38.29144, -12.73747, 0.0 ], [ -38.29091, -12.73698, 0.0 ], [ -38.29027, -12.7367, 0.0 ], [ -38.28905, -12.73643, 0.0 ], [ -38.28748, -12.73637, 0.0 ], [ -38.28525, -12.73688, 0.0 ], [ -38.28491, -12.73569, 0.0 ], [ -38.28421, -12.73577, 0.0 ], [ -38.28409, -12.73478, 0.0 ], [ -38.2833, -12.73476, 0.0 ], [ -38.28328, -12.73477, 0.0 ], [ -38.2835, -12.73486, 0.0 ], [ -38.28385, -12.73481, 0.0 ], [ -38.284, -12.73597, 0.0 ], [ -38.28405, -12.73649, 0.0 ], [ -38.28422, -12.73775, 0.0 ], [ -38.28391, -12.73812, 0.0 ], [ -38.28368, -12.73861, 0.0 ], [ -38.28312, -12.7386, 0.0 ], [ -38.28267, -12.73858, 0.0 ], [ -38.28251, -12.73875, 0.0 ], [ -38.28235, -12.73917, 0.0 ], [ -38.28233, -12.73953, 0.0 ], [ -38.28264, -12.73988, 0.0 ], [ -38.28307, -12.74013, 0.0 ], [ -38.28345, -12.74017, 0.0 ], [ -38.28361, -12.74037, 0.0 ], [ -38.28365, -12.74075, 0.0 ], [ -38.28379, -12.74112, 0.0 ], [ -38.28372, -12.74152, 0.0 ], [ -38.28363, -12.74192, 0.0 ], [ -38.2834, -12.74214, 0.0 ], [ -38.28306, -12.74258, 0.0 ], [ -38.2829, -12.74304, 0.0 ], [ -38.28265, -12.74357, 0.0 ], [ -38.28265, -12.74393, 0.0 ], [ -38.28279, -12.74413, 0.0 ], [ -38.28279, -12.74435, 0.0 ], [ -38.28256, -12.74464, 0.0 ], [ -38.28236, -12.74477, 0.0 ], [ -38.28182, -12.74463, 0.0 ], [ -38.28137, -12.74443, 0.0 ], [ -38.28083, -12.74463, 0.0 ], [ -38.28037, -12.74512, 0.0 ], [ -38.27672, -12.74787, 0.0 ], [ -38.27608, -12.7503, 0.0 ], [ -38.27585, -12.75083, 0.0 ], [ -38.27545, -12.75156, 0.0 ], [ -38.27511, -12.75187, 0.0 ], [ -38.27477, -12.75224, 0.0 ], [ -38.27463, -12.75279, 0.0 ], [ -38.2745, -12.75317, 0.0 ], [ -38.27429, -12.75352, 0.0 ], [ -38.2744, -12.75396, 0.0 ], [ -38.27442, -12.75432, 0.0 ], [ -38.27427, -12.75511, 0.0 ], [ -38.27429, -12.75545, 0.0 ], [ -38.27402, -12.75609, 0.0 ], [ -38.27382, -12.75669, 0.0 ], [ -38.27366, -12.75719, 0.0 ], [ -38.27359, -12.75768, 0.0 ], [ -38.28205, -12.7608, 0.0 ], [ -38.28646, -12.75143, 0.0 ], [ -38.28879, -12.752, 0.0 ], [ -38.2895, -12.75048, 0.0 ], [ -38.28968, -12.75056, 0.0 ], [ -38.28987, -12.75004, 0.0 ], [ -38.29027, -12.7495, 0.0 ], [ -38.29051, -12.74904, 0.0 ], [ -38.29071, -12.74873, 0.0 ], [ -38.29117, -12.74823, 0.0 ], [ -38.29149, -12.74791, 0.0 ], [ -38.29233, -12.74706, 0.0 ], [ -38.29326, -12.74609, 0.0 ], [ -38.2938, -12.74554, 0.0 ], [ -38.29596, -12.74674, 0.0 ], [ -38.29687, -12.74516, 0.0 ], [ -38.29852, -12.74296, 0.0 ], [ -38.29945, -12.7427, 0.0 ], [ -38.29974, -12.74159, 0.0 ], [ -38.30115, -12.74002, 0.0 ], [ -38.30493, -12.73889, 0.0 ], [ -38.30537, -12.73909, 0.0 ], [ -38.3058, -12.7394, 0.0 ], [ -38.30653, -12.7394, 0.0 ], [ -38.30752, -12.73955, 0.0 ], [ -38.30908, -12.73917, 0.0 ], [ -38.31058, -12.73526, 0.0 ], [ -38.31075, -12.73388, 0.0 ], [ -38.31062, -12.73347, 0.0 ], [ -38.31071, -12.73325, 0.0 ], [ -38.31061, -12.73285, 0.0 ], [ -38.31029, -12.733, 0.0 ], [ -38.31025, -12.73301, 0.0 ], [ -38.30987, -12.73277, 0.0 ], [ -38.31005, -12.73244, 0.0 ], [ -38.30965, -12.73221, 0.0 ], [ -38.31001, -12.7317, 0.0 ], [ -38.30892, -12.73078, 0.0 ], [ -38.30763, -12.72975, 0.0 ], [ -38.3071, -12.72903, 0.0 ], [ -38.30693, -12.7288, 0.0 ], [ -38.30653, -12.72855, 0.0 ], [ -38.30553, -12.7284, 0.0 ], [ -38.30423, -12.7282, 0.0 ], [ -38.30419, -12.72826, 0.0 ], [ -38.30364, -12.72884, 0.0 ], [ -38.30349, -12.72911, 0.0 ], [ -38.30337, -12.72929, 0.0 ], [ -38.30316, -12.72953, 0.0 ], [ -38.30293, -12.72974, 0.0 ], [ -38.30278, -12.72986, 0.0 ], [ -38.30251, -12.73003, 0.0 ], [ -38.30144, -12.73071, 0.0 ], [ -38.2997, -12.73176, 0.0 ] ] ] ] } },
{ "type": "Feature", "properties": { "Id": 12, "Name": "ZOUC 2", "DISTRITO": "SEDE", "categoria": "ZOUC", "perímetro_ellip_m": 8037.7, "área_ellip_m²": 3111193.7 }, "geometry": { "type": "MultiPolygon", "coordinates": [ [ [ [ -38.31409, -12.77073, 0.0 ], [ -38.32203, -12.78421, 0.0 ], [ -38.32294, -12.78575, 0.0 ], [ -38.32349, -12.78669, 0.0 ], [ -38.3239, -12.7873, 0.0 ], [ -38.32424, -12.78772, 0.0 ], [ -38.32476, -12.78828, 0.0 ], [ -38.32522, -12.78867, 0.0 ], [ -38.32556, -12.78892, 0.0 ], [ -38.32626, -12.78934, 0.0 ], [ -38.32892, -12.7905, 0.0 ], [ -38.33152, -12.79162, 0.0 ], [ -38.33166, -12.79106, 0.0 ], [ -38.33184, -12.79017, 0.0 ], [ -38.33184, -12.78922, 0.0 ], [ -38.33276, -12.78656, 0.0 ], [ -38.33285, -12.78559, 0.0 ], [ -38.33309, -12.7853, 0.0 ], [ -38.33372, -12.77456, 0.0 ], [ -38.33278, -12.77451, 0.0 ], [ -38.32978, -12.77175, 0.0 ], [ -38.32978, -12.77017, 0.0 ], [ -38.32873, -12.76967, 0.0 ], [ -38.32713, -12.77035, 0.0 ], [ -38.32601, -12.77229, 0.0 ], [ -38.32542, -12.77219, 0.0 ], [ -38.32519, -12.77216, 0.0 ], [ -38.32138, -12.77154, 0.0 ], [ -38.32098, -12.77148, 0.0 ], [ -38.32088, -12.76897, 0.0 ], [ -38.31748, -12.76754, 0.0 ], [ -38.31409, -12.77073, 0.0 ] ] ] ] } },
{ "type": "Feature", "properties": { "Id": 13, "Name": "ZOUC 1", "DISTRITO": "SEDE", "categoria": "ZOUC", "perímetro_ellip_m": 25065.5, "área_ellip_m²": 12590542.3 }, "geometry": { "type": "MultiPolygon", "coordinates": [ [ [ [ -38.27824, -12.69032, 0.0 ], [ -38.27745, -12.69083, 0.0 ], [ -38.27132, -12.69484, 0.0 ], [ -38.26761, -12.69673, 0.0 ], [ -38.26751, -12.69678, 0.0 ], [ -38.26739, -12.69768, 0.0 ], [ -38.26688, -12.69768, 0.0 ], [ -38.26669, -12.69768, 0.0 ], [ -38.26475, -12.69766, 0.0 ], [ -38.26603, -12.69981, 0.0 ], [ -38.26786, -12.7007, 0.0 ], [ -38.26778, -12.70088, 0.0 ], [ -38.26769, -12.70159, 0.0 ], [ -38.26754, -12.7028, 0.0 ], [ -38.26651, -12.70321, 0.0 ], [ -38.26584, -12.70317, 0.0 ], [ -38.26525, -12.70261, 0.0 ], [ -38.26494, -12.7023, 0.0 ], [ -38.26425, -12.70213, 0.0 ], [ -38.26364, -12.70252, 0.0 ], [ -38.26365, -12.70296, 0.0 ], [ -38.26377, -12.70319, 0.0 ], [ -38.26273, -12.7038, 0.0 ], [ -38.26254, -12.70424, 0.0 ], [ -38.26218, -12.70459, 0.0 ], [ -38.26212, -12.70472, 0.0 ], [ -38.26209, -12.70487, 0.0 ], [ -38.26208, -12.70502, 0.0 ], [ -38.26203, -12.70516, 0.0 ], [ -38.26185, -12.70545, 0.0 ], [ -38.26174, -12.70559, 0.0 ], [ -38.26141, -12.7059, 0.0 ], [ -38.26111, -12.70622, 0.0 ], [ -38.26105, -12.7063, 0.0 ], [ -38.26098, -12.70642, 0.0 ], [ -38.26095, -12.70654, 0.0 ], [ -38.26092, -12.70668, 0.0 ], [ -38.2609, -12.70684, 0.0 ], [ -38.26089, -12.70717, 0.0 ], [ -38.26084, -12.7073, 0.0 ], [ -38.2608, -12.70757, 0.0 ], [ -38.26078, -12.70763, 0.0 ], [ -38.26108, -12.70779, 0.0 ], [ -38.2614, -12.70791, 0.0 ], [ -38.26175, -12.70797, 0.0 ], [ -38.26193, -12.70802, 0.0 ], [ -38.26212, -12.70814, 0.0 ], [ -38.26228, -12.70832, 0.0 ], [ -38.26241, -12.70847, 0.0 ], [ -38.26257, -12.70865, 0.0 ], [ -38.26268, -12.70867, 0.0 ], [ -38.26281, -12.70869, 0.0 ], [ -38.26293, -12.70876, 0.0 ], [ -38.26312, -12.70895, 0.0 ], [ -38.26331, -12.70915, 0.0 ], [ -38.26344, -12.70931, 0.0 ], [ -38.26367, -12.70946, 0.0 ], [ -38.26384, -12.70953, 0.0 ], [ -38.26401, -12.70956, 0.0 ], [ -38.26416, -12.70959, 0.0 ], [ -38.26429, -12.70974, 0.0 ], [ -38.26448, -12.70989, 0.0 ], [ -38.26474, -12.70998, 0.0 ], [ -38.26503, -12.71011, 0.0 ], [ -38.26506, -12.71059, 0.0 ], [ -38.26533, -12.71058, 0.0 ], [ -38.2655, -12.71055, 0.0 ], [ -38.26578, -12.71081, 0.0 ], [ -38.26578, -12.7111, 0.0 ], [ -38.26603, -12.71156, 0.0 ], [ -38.26639, -12.71184, 0.0 ], [ -38.26668, -12.71223, 0.0 ], [ -38.26715, -12.7123, 0.0 ], [ -38.2675, -12.71226, 0.0 ], [ -38.26775, -12.71216, 0.0 ], [ -38.26805, -12.71229, 0.0 ], [ -38.26848, -12.71244, 0.0 ], [ -38.26871, -12.71266, 0.0 ], [ -38.26892, -12.7132, 0.0 ], [ -38.26912, -12.71358, 0.0 ], [ -38.26968, -12.71477, 0.0 ], [ -38.27007, -12.71546, 0.0 ], [ -38.2706, -12.71598, 0.0 ], [ -38.27037, -12.71619, 0.0 ], [ -38.27037, -12.717, 0.0 ], [ -38.27122, -12.71744, 0.0 ], [ -38.27244, -12.71775, 0.0 ], [ -38.27378, -12.71838, 0.0 ], [ -38.27448, -12.71922, 0.0 ], [ -38.2747, -12.7201, 0.0 ], [ -38.27479, -12.72041, 0.0 ], [ -38.27505, -12.72132, 0.0 ], [ -38.27544, -12.72161, 0.0 ], [ -38.27627, -12.72218, 0.0 ], [ -38.27641, -12.72276, 0.0 ], [ -38.27685, -12.72333, 0.0 ], [ -38.27682, -12.7241, 0.0 ], [ -38.27595, -12.72493, 0.0 ], [ -38.27533, -12.7256, 0.0 ], [ -38.27501, -12.72639, 0.0 ], [ -38.27504, -12.72704, 0.0 ], [ -38.27601, -12.72764, 0.0 ], [ -38.27669, -12.72783, 0.0 ], [ -38.27742, -12.72752, 0.0 ], [ -38.27813, -12.72747, 0.0 ], [ -38.27906, -12.72776, 0.0 ], [ -38.2801, -12.72772, 0.0 ], [ -38.28101, -12.72782, 0.0 ], [ -38.28158, -12.72794, 0.0 ], [ -38.28187, -12.72823, 0.0 ], [ -38.28204, -12.72865, 0.0 ], [ -38.28236, -12.72885, 0.0 ], [ -38.28264, -12.72923, 0.0 ], [ -38.28282, -12.72943, 0.0 ], [ -38.283, -12.72954, 0.0 ], [ -38.28337, -12.72947, 0.0 ], [ -38.28394, -12.7294, 0.0 ], [ -38.28738, -12.73043, 0.0 ], [ -38.28964, -12.73095, 0.0 ], [ -38.29079, -12.72982, 0.0 ], [ -38.29191, -12.73083, 0.0 ], [ -38.29229, -12.73132, 0.0 ], [ -38.29284, -12.73083, 0.0 ], [ -38.29305, -12.73043, 0.0 ], [ -38.29317, -12.7301, 0.0 ], [ -38.29317, -12.7301, 0.0 ], [ -38.29313, -12.72953, 0.0 ], [ -38.29278, -12.7281, 0.0 ], [ -38.29269, -12.72754, 0.0 ], [ -38.29413, -12.72714, 0.0 ], [ -38.29413, -12.72714, 0.0 ], [ -38.29387, -12.72672, 0.0 ], [ -38.29387, -12.72672, 0.0 ], [ -38.29566, -12.72669, 0.0 ], [ -38.2977, -12.72652, 0.0 ], [ -38.29785, -12.72638, 0.0 ], [ -38.30046, -12.72716, 0.0 ], [ -38.30139, -12.72771, 0.0 ], [ -38.30167, -12.72742, 0.0 ], [ -38.30188, -12.72757, 0.0 ], [ -38.30191, -12.72761, 0.0 ], [ -38.30194, -12.72766, 0.0 ], [ -38.30206, -12.7277, 0.0 ], [ -38.30215, -12.72771, 0.0 ], [ -38.30221, -12.7277, 0.0 ], [ -38.30229, -12.72766, 0.0 ], [ -38.30266, -12.72749, 0.0 ], [ -38.30296, -12.72736, 0.0 ], [ -38.30312, -12.72729, 0.0 ], [ -38.3032, -12.72728, 0.0 ], [ -38.30326, -12.72728, 0.0 ], [ -38.30333, -12.72729, 0.0 ], [ -38.30339, -12.72731, 0.0 ], [ -38.30349, -12.72738, 0.0 ], [ -38.30356, -12.72747, 0.0 ], [ -38.30367, -12.72768, 0.0 ], [ -38.30382, -12.72795, 0.0 ], [ -38.30388, -12.72812, 0.0 ], [ -38.30395, -12.72813, 0.0 ], [ -38.30402, -12.72813, 0.0 ], [ -38.30405, -12.72812, 0.0 ], [ -38.30411, -12.72803, 0.0 ], [ -38.30421, -12.72787, 0.0 ], [ -38.30427, -12.72771, 0.0 ], [ -38.30427, -12.72762, 0.0 ], [ -38.30425, -12.72749, 0.0 ], [ -38.30425, -12.72738, 0.0 ], [ -38.30428, -12.72725, 0.0 ], [ -38.30456, -12.72685, 0.0 ], [ -38.30477, -12.72654, 0.0 ], [ -38.30283, -12.72613, 0.0 ], [ -38.30262, -12.72609, 0.0 ], [ -38.30275, -12.72589, 0.0 ], [ -38.30289, -12.72567, 0.0 ], [ -38.30307, -12.72539, 0.0 ], [ -38.3032, -12.72518, 0.0 ], [ -38.3034, -12.72531, 0.0 ], [ -38.3036, -12.72501, 0.0 ], [ -38.30367, -12.72488, 0.0 ], [ -38.30375, -12.72471, 0.0 ], [ -38.30378, -12.72457, 0.0 ], [ -38.30382, -12.72442, 0.0 ], [ -38.30406, -12.72419, 0.0 ], [ -38.30414, -12.72409, 0.0 ], [ -38.30499, -12.72349, 0.0 ], [ -38.30492, -12.72306, 0.0 ], [ -38.30477, -12.72267, 0.0 ], [ -38.30524, -12.72249, 0.0 ], [ -38.30532, -12.72247, 0.0 ], [ -38.30476, -12.72077, 0.0 ], [ -38.30283, -12.72138, 0.0 ], [ -38.30176, -12.7182, 0.0 ], [ -38.3017, -12.71822, 0.0 ], [ -38.30166, -12.71806, 0.0 ], [ -38.30279, -12.71737, 0.0 ], [ -38.30286, -12.71403, 0.0 ], [ -38.30261, -12.7115, 0.0 ], [ -38.30176, -12.71082, 0.0 ], [ -38.30288, -12.70939, 0.0 ], [ -38.30264, -12.70873, 0.0 ], [ -38.30292, -12.70776, 0.0 ], [ -38.30366, -12.7081, 0.0 ], [ -38.30371, -12.70628, 0.0 ], [ -38.30331, -12.70519, 0.0 ], [ -38.30263, -12.70511, 0.0 ], [ -38.30202, -12.70476, 0.0 ], [ -38.30106, -12.70534, 0.0 ], [ -38.29946, -12.70456, 0.0 ], [ -38.29731, -12.70381, 0.0 ], [ -38.29593, -12.70554, 0.0 ], [ -38.29497, -12.70903, 0.0 ], [ -38.29554, -12.70957, 0.0 ], [ -38.29575, -12.70975, 0.0 ], [ -38.29604, -12.7099, 0.0 ], [ -38.29665, -12.70945, 0.0 ], [ -38.29668, -12.70979, 0.0 ], [ -38.29665, -12.70997, 0.0 ], [ -38.29697, -12.71013, 0.0 ], [ -38.29664, -12.71071, 0.0 ], [ -38.29716, -12.71097, 0.0 ], [ -38.2972, -12.71117, 0.0 ], [ -38.29733, -12.71127, 0.0 ], [ -38.29668, -12.71286, 0.0 ], [ -38.29665, -12.71299, 0.0 ], [ -38.29826, -12.71382, 0.0 ], [ -38.2982, -12.71415, 0.0 ], [ -38.29797, -12.71464, 0.0 ], [ -38.2973, -12.7144, 0.0 ], [ -38.29711, -12.71467, 0.0 ], [ -38.29566, -12.71399, 0.0 ], [ -38.2947, -12.71622, 0.0 ], [ -38.2946, -12.71628, 0.0 ], [ -38.29439, -12.71474, 0.0 ], [ -38.29335, -12.7149, 0.0 ], [ -38.29335, -12.71443, 0.0 ], [ -38.29337, -12.71382, 0.0 ], [ -38.29432, -12.71381, 0.0 ], [ -38.29434, -12.71364, 0.0 ], [ -38.29435, -12.71343, 0.0 ], [ -38.2944, -12.7132, 0.0 ], [ -38.29444, -12.7131, 0.0 ], [ -38.29445, -12.71298, 0.0 ], [ -38.29443, -12.71286, 0.0 ], [ -38.29437, -12.71276, 0.0 ], [ -38.29432, -12.71269, 0.0 ], [ -38.29428, -12.71261, 0.0 ], [ -38.29418, -12.71252, 0.0 ], [ -38.29408, -12.71245, 0.0 ], [ -38.29393, -12.71238, 0.0 ], [ -38.29379, -12.71208, 0.0 ], [ -38.2937, -12.71207, 0.0 ], [ -38.29365, -12.71166, 0.0 ], [ -38.29378, -12.71161, 0.0 ], [ -38.29378, -12.71144, 0.0 ], [ -38.29368, -12.71107, 0.0 ], [ -38.29367, -12.71096, 0.0 ], [ -38.29338, -12.71049, 0.0 ], [ -38.29339, -12.70944, 0.0 ], [ -38.29347, -12.70864, 0.0 ], [ -38.29356, -12.70535, 0.0 ], [ -38.2912, -12.70281, 0.0 ], [ -38.2912, -12.7028, 0.0 ], [ -38.29162, -12.70235, 0.0 ], [ -38.29288, -12.70141, 0.0 ], [ -38.28811, -12.69713, 0.0 ], [ -38.28886, -12.69632, 0.0 ], [ -38.28955, -12.6957, 0.0 ], [ -38.28887, -12.69493, 0.0 ], [ -38.28864, -12.69474, 0.0 ], [ -38.28987, -12.69354, 0.0 ], [ -38.29006, -12.69336, 0.0 ], [ -38.28867, -12.69194, 0.0 ], [ -38.28835, -12.69161, 0.0 ], [ -38.28822, -12.69147, 0.0 ], [ -38.2876, -12.69076, 0.0 ], [ -38.2871, -12.69043, 0.0 ], [ -38.2871, -12.69043, 0.0 ], [ -38.28498, -12.68886, 0.0 ], [ -38.28473, -12.68856, 0.0 ], [ -38.2844, -12.68806, 0.0 ], [ -38.28423, -12.6877, 0.0 ], [ -38.2838, -12.68668, 0.0 ], [ -38.28076, -12.68867, 0.0 ], [ -38.28036, -12.68893, 0.0 ], [ -38.27824, -12.69032, 0.0 ] ], [ [ -38.29818, -12.71976, 0.0 ], [ -38.29448, -12.72502, 0.0 ], [ -38.29331, -12.72514, 0.0 ], [ -38.29319, -12.72412, 0.0 ], [ -38.2927, -12.72406, 0.0 ], [ -38.29267, -12.72389, 0.0 ], [ -38.29147, -12.72366, 0.0 ], [ -38.29146, -12.72348, 0.0 ], [ -38.29161, -12.72318, 0.0 ], [ -38.2917, -12.72296, 0.0 ], [ -38.29188, -12.72275, 0.0 ], [ -38.29237, -12.72225, 0.0 ], [ -38.29276, -12.72161, 0.0 ], [ -38.2928, -12.72148, 0.0 ], [ -38.29285, -12.7214, 0.0 ], [ -38.29313, -12.72131, 0.0 ], [ -38.29369, -12.72081, 0.0 ], [ -38.29383, -12.72054, 0.0 ], [ -38.29393, -12.72023, 0.0 ], [ -38.2944, -12.71968, 0.0 ], [ -38.29459, -12.71965, 0.0 ], [ -38.29484, -12.71961, 0.0 ], [ -38.29494, -12.71949, 0.0 ], [ -38.29498, -12.7193, 0.0 ], [ -38.29523, -12.71894, 0.0 ], [ -38.29559, -12.7185, 0.0 ], [ -38.29572, -12.71844, 0.0 ], [ -38.29601, -12.71837, 0.0 ], [ -38.29642, -12.71838, 0.0 ], [ -38.29707, -12.71872, 0.0 ], [ -38.29721, -12.71847, 0.0 ], [ -38.29763, -12.71831, 0.0 ], [ -38.29909, -12.71911, 0.0 ], [ -38.2986, -12.71941, 0.0 ], [ -38.29818, -12.71976, 0.0 ] ] ] ] } },
{ "type": "Feature", "properties": { "Id": 14, "Name": "ZEIS - Parque Verde / Rio da Prata", "DISTRITO": "SEDE", "categoria": "ZEIS", "perímetro_ellip_m": 9079.0, "área_ellip_m²": 3272362.8 }, "geometry": { "type": "MultiPolygon", "coordinates": [ [ [ [ -38.33344, -12.7252, 0.0 ], [ -38.33324, -12.72532, 0.0 ], [ -38.33317, -12.72527, 0.0 ], [ -38.33291, -12.72569, 0.0 ], [ -38.33296, -12.72596, 0.0 ], [ -38.33256, -12.72615, 0.0 ], [ -38.33255, -12.72613, 0.0 ], [ -38.33209, -12.72631, 0.0 ], [ -38.33184, -12.72634, 0.0 ], [ -38.33131, -12.72629, 0.0 ], [ -38.33, -12.72679, 0.0 ], [ -38.32957, -12.72689, 0.0 ], [ -38.32964, -12.72712, 0.0 ], [ -38.3289, -12.72752, 0.0 ], [ -38.32878, -12.72761, 0.0 ], [ -38.32842, -12.72806, 0.0 ], [ -38.32792, -12.72881, 0.0 ], [ -38.32761, -12.72957, 0.0 ], [ -38.32695, -12.73, 0.0 ], [ -38.32617, -12.73032, 0.0 ], [ -38.32584, -12.7303, 0.0 ], [ -38.32583, -12.7303, 0.0 ], [ -38.32403, -12.73072, 0.0 ], [ -38.32378, -12.7309, 0.0 ], [ -38.32345, -12.73127, 0.0 ], [ -38.32292, -12.73162, 0.0 ], [ -38.32277, -12.7319, 0.0 ], [ -38.32255, -12.73216, 0.0 ], [ -38.32224, -12.73224, 0.0 ], [ -38.32188, -12.73238, 0.0 ], [ -38.32178, -12.73248, 0.0 ], [ -38.32173, -12.73255, 0.0 ], [ -38.32078, -12.73228, 0.0 ], [ -38.32069, -12.73225, 0.0 ], [ -38.32034, -12.73212, 0.0 ], [ -38.32023, -12.73206, 0.0 ], [ -38.32008, -12.73197, 0.0 ], [ -38.31997, -12.73202, 0.0 ], [ -38.31987, -12.73351, 0.0 ], [ -38.31997, -12.73452, 0.0 ], [ -38.32005, -12.735, 0.0 ], [ -38.32031, -12.73566, 0.0 ], [ -38.32046, -12.73608, 0.0 ], [ -38.32068, -12.73699, 0.0 ], [ -38.32086, -12.73821, 0.0 ], [ -38.32091, -12.73902, 0.0 ], [ -38.32091, -12.73912, 0.0 ], [ -38.32075, -12.7391, 0.0 ], [ -38.32066, -12.73904, 0.0 ], [ -38.32062, -12.7392, 0.0 ], [ -38.31998, -12.74175, 0.0 ], [ -38.31983, -12.74272, 0.0 ], [ -38.31966, -12.74338, 0.0 ], [ -38.32007, -12.74396, 0.0 ], [ -38.32007, -12.74421, 0.0 ], [ -38.32022, -12.74519, 0.0 ], [ -38.32041, -12.7476, 0.0 ], [ -38.32054, -12.7487, 0.0 ], [ -38.32074, -12.75009, 0.0 ], [ -38.32203, -12.74985, 0.0 ], [ -38.32231, -12.74988, 0.0 ], [ -38.32248, -12.75055, 0.0 ], [ -38.324, -12.7503, 0.0 ], [ -38.32478, -12.75029, 0.0 ], [ -38.32551, -12.75032, 0.0 ], [ -38.32546, -12.75058, 0.0 ], [ -38.32558, -12.75061, 0.0 ], [ -38.32565, -12.75061, 0.0 ], [ -38.3259, -12.75023, 0.0 ], [ -38.32617, -12.75001, 0.0 ], [ -38.32647, -12.74987, 0.0 ], [ -38.32656, -12.7497, 0.0 ], [ -38.32664, -12.74939, 0.0 ], [ -38.32685, -12.74913, 0.0 ], [ -38.32716, -12.74904, 0.0 ], [ -38.32768, -12.74855, 0.0 ], [ -38.32832, -12.74819, 0.0 ], [ -38.32863, -12.7481, 0.0 ], [ -38.32932, -12.74811, 0.0 ], [ -38.32967, -12.74767, 0.0 ], [ -38.3298, -12.74712, 0.0 ], [ -38.32925, -12.74628, 0.0 ], [ -38.32924, -12.74516, 0.0 ], [ -38.32995, -12.7448, 0.0 ], [ -38.33033, -12.74408, 0.0 ], [ -38.33043, -12.74377, 0.0 ], [ -38.33042, -12.74332, 0.0 ], [ -38.33061, -12.74256, 0.0 ], [ -38.33082, -12.74148, 0.0 ], [ -38.33268, -12.7416, 0.0 ], [ -38.33281, -12.74166, 0.0 ], [ -38.33337, -12.74167, 0.0 ], [ -38.33315, -12.74076, 0.0 ], [ -38.33317, -12.74053, 0.0 ], [ -38.33407, -12.73965, 0.0 ], [ -38.33446, -12.73932, 0.0 ], [ -38.33478, -12.7386, 0.0 ], [ -38.33517, -12.73827, 0.0 ], [ -38.33498, -12.73793, 0.0 ], [ -38.33483, -12.73757, 0.0 ], [ -38.3344, -12.73685, 0.0 ], [ -38.33395, -12.73625, 0.0 ], [ -38.33393, -12.73603, 0.0 ], [ -38.3341, -12.73597, 0.0 ], [ -38.33381, -12.73575, 0.0 ], [ -38.33383, -12.73563, 0.0 ], [ -38.33385, -12.73534, 0.0 ], [ -38.33416, -12.73523, 0.0 ], [ -38.33383, -12.73501, 0.0 ], [ -38.33351, -12.73438, 0.0 ], [ -38.33346, -12.73411, 0.0 ], [ -38.33353, -12.73391, 0.0 ], [ -38.3334, -12.73355, 0.0 ], [ -38.33357, -12.73344, 0.0 ], [ -38.33384, -12.73328, 0.0 ], [ -38.33393, -12.7332, 0.0 ], [ -38.33423, -12.73301, 0.0 ], [ -38.33489, -12.73255, 0.0 ], [ -38.33504, -12.73248, 0.0 ], [ -38.33602, -12.73174, 0.0 ], [ -38.33649, -12.73117, 0.0 ], [ -38.33663, -12.73116, 0.0 ], [ -38.33679, -12.73146, 0.0 ], [ -38.33719, -12.7312, 0.0 ], [ -38.33767, -12.73088, 0.0 ], [ -38.33794, -12.7307, 0.0 ], [ -38.33826, -12.73037, 0.0 ], [ -38.33799, -12.73, 0.0 ], [ -38.33772, -12.72975, 0.0 ], [ -38.33769, -12.72969, 0.0 ], [ -38.33779, -12.72947, 0.0 ], [ -38.33792, -12.72934, 0.0 ], [ -38.33785, -12.72926, 0.0 ], [ -38.338, -12.72913, 0.0 ], [ -38.33806, -12.72908, 0.0 ], [ -38.3379, -12.7289, 0.0 ], [ -38.33804, -12.72879, 0.0 ], [ -38.33821, -12.72833, 0.0 ], [ -38.33796, -12.72793, 0.0 ], [ -38.3378, -12.72773, 0.0 ], [ -38.33763, -12.72753, 0.0 ], [ -38.33759, -12.72744, 0.0 ], [ -38.33756, -12.72691, 0.0 ], [ -38.33759, -12.72662, 0.0 ], [ -38.3376, -12.72639, 0.0 ], [ -38.33754, -12.72611, 0.0 ], [ -38.3375, -12.72597, 0.0 ], [ -38.33731, -12.72591, 0.0 ], [ -38.33689, -12.72577, 0.0 ], [ -38.33662, -12.72574, 0.0 ], [ -38.33624, -12.726, 0.0 ], [ -38.33617, -12.726, 0.0 ], [ -38.33521, -12.72594, 0.0 ], [ -38.33513, -12.72576, 0.0 ], [ -38.33492, -12.72529, 0.0 ], [ -38.33454, -12.72535, 0.0 ], [ -38.33401, -12.72561, 0.0 ], [ -38.33386, -12.7256, 0.0 ], [ -38.33382, -12.7256, 0.0 ], [ -38.33344, -12.7252, 0.0 ] ] ] ] } },
{ "type": "Feature", "properties": { "Id": 15, "Name": "ZEIS - BURISSATUBA", "DISTRITO": "SEDE", "categoria": "ZEIS", "perímetro_ellip_m": 2209.7, "área_ellip_m²": 204350.4 }, "geometry": { "type": "MultiPolygon", "coordinates": [ [ [ [ -38.34246, -12.71326, 0.0 ], [ -38.34209, -12.71349, 0.0 ], [ -38.34198, -12.71347, 0.0 ], [ -38.34148, -12.71389, 0.0 ], [ -38.34159, -12.71406, 0.0 ], [ -38.34129, -12.71433, 0.0 ], [ -38.34134, -12.71439, 0.0 ], [ -38.34139, -12.71446, 0.0 ], [ -38.34112, -12.71467, 0.0 ], [ -38.34101, -12.71462, 0.0 ], [ -38.34078, -12.71456, 0.0 ], [ -38.34069, -12.71454, 0.0 ], [ -38.34024, -12.71449, 0.0 ], [ -38.34007, -12.71461, 0.0 ], [ -38.33994, -12.71473, 0.0 ], [ -38.33945, -12.71501, 0.0 ], [ -38.33929, -12.71519, 0.0 ], [ -38.33902, -12.71556, 0.0 ], [ -38.33877, -12.716, 0.0 ], [ -38.33817, -12.71711, 0.0 ], [ -38.33818, -12.71722, 0.0 ], [ -38.3382, -12.71727, 0.0 ], [ -38.33831, -12.71739, 0.0 ], [ -38.33843, -12.71749, 0.0 ], [ -38.33867, -12.71766, 0.0 ], [ -38.33875, -12.71772, 0.0 ], [ -38.33888, -12.71778, 0.0 ], [ -38.33903, -12.71784, 0.0 ], [ -38.33919, -12.71791, 0.0 ], [ -38.33936, -12.71796, 0.0 ], [ -38.33968, -12.71802, 0.0 ], [ -38.33973, -12.71801, 0.0 ], [ -38.34044, -12.71804, 0.0 ], [ -38.34046, -12.71804, 0.0 ], [ -38.34062, -12.71798, 0.0 ], [ -38.34077, -12.71823, 0.0 ], [ -38.34078, -12.7183, 0.0 ], [ -38.3409, -12.71858, 0.0 ], [ -38.34219, -12.71744, 0.0 ], [ -38.34176, -12.71698, 0.0 ], [ -38.34221, -12.71659, 0.0 ], [ -38.34254, -12.71617, 0.0 ], [ -38.34339, -12.71543, 0.0 ], [ -38.34371, -12.71514, 0.0 ], [ -38.34425, -12.71464, 0.0 ], [ -38.34495, -12.71398, 0.0 ], [ -38.34455, -12.71356, 0.0 ], [ -38.34413, -12.71395, 0.0 ], [ -38.34403, -12.71394, 0.0 ], [ -38.34303, -12.71293, 0.0 ], [ -38.34246, -12.71326, 0.0 ] ] ] ] } },
{ "type": "Feature", "properties": { "Id": 16, "Name": "ZEIS - NOVO HORIZONTE", "DISTRITO": "SEDE", "categoria": "ZEIS", "perímetro_ellip_m": 2004.7, "área_ellip_m²": 103672.5 }, "geometry": { "type": "MultiPolygon", "coordinates": [ [ [ [ -38.31546, -12.69752, 0.0 ], [ -38.3153, -12.69762, 0.0 ], [ -38.31527, -12.69757, 0.0 ], [ -38.31516, -12.69762, 0.0 ], [ -38.31495, -12.6977, 0.0 ], [ -38.31476, -12.69777, 0.0 ], [ -38.31445, -12.69786, 0.0 ], [ -38.31435, -12.69787, 0.0 ], [ -38.31415, -12.69776, 0.0 ], [ -38.31407, -12.69741, 0.0 ], [ -38.31387, -12.69709, 0.0 ], [ -38.31335, -12.69676, 0.0 ], [ -38.31322, -12.69695, 0.0 ], [ -38.31295, -12.69771, 0.0 ], [ -38.3127, -12.69805, 0.0 ], [ -38.31258, -12.69824, 0.0 ], [ -38.31241, -12.69832, 0.0 ], [ -38.31216, -12.69829, 0.0 ], [ -38.3121, -12.69813, 0.0 ], [ -38.31186, -12.69812, 0.0 ], [ -38.31177, -12.69822, 0.0 ], [ -38.31171, -12.69846, 0.0 ], [ -38.3115, -12.69925, 0.0 ], [ -38.3119, -12.69942, 0.0 ], [ -38.31216, -12.69957, 0.0 ], [ -38.31252, -12.69951, 0.0 ], [ -38.31283, -12.69946, 0.0 ], [ -38.31296, -12.69948, 0.0 ], [ -38.31297, -12.69949, 0.0 ], [ -38.31304, -12.69952, 0.0 ], [ -38.31313, -12.69951, 0.0 ], [ -38.31344, -12.69947, 0.0 ], [ -38.31367, -12.69933, 0.0 ], [ -38.31396, -12.69912, 0.0 ], [ -38.31422, -12.6989, 0.0 ], [ -38.31439, -12.69884, 0.0 ], [ -38.3147, -12.6987, 0.0 ], [ -38.31506, -12.69852, 0.0 ], [ -38.31516, -12.69847, 0.0 ], [ -38.31537, -12.69836, 0.0 ], [ -38.31544, -12.69833, 0.0 ], [ -38.31614, -12.69804, 0.0 ], [ -38.31657, -12.6979, 0.0 ], [ -38.31677, -12.69785, 0.0 ], [ -38.31709, -12.69785, 0.0 ], [ -38.3172, -12.69781, 0.0 ], [ -38.31713, -12.69771, 0.0 ], [ -38.31701, -12.69722, 0.0 ], [ -38.31698, -12.69711, 0.0 ], [ -38.31703, -12.6971, 0.0 ], [ -38.31703, -12.69706, 0.0 ], [ -38.31707, -12.69692, 0.0 ], [ -38.31709, -12.69674, 0.0 ], [ -38.31706, -12.69656, 0.0 ], [ -38.31703, -12.69642, 0.0 ], [ -38.31705, -12.69614, 0.0 ], [ -38.3172, -12.69559, 0.0 ], [ -38.31642, -12.69542, 0.0 ], [ -38.31617, -12.69586, 0.0 ], [ -38.31606, -12.69619, 0.0 ], [ -38.31606, -12.69622, 0.0 ], [ -38.31598, -12.69673, 0.0 ], [ -38.31595, -12.69677, 0.0 ], [ -38.31586, -12.6971, 0.0 ], [ -38.31581, -12.69717, 0.0 ], [ -38.31581, -12.69719, 0.0 ], [ -38.3157, -12.69738, 0.0 ], [ -38.31555, -12.69752, 0.0 ], [ -38.31546, -12.69752, 0.0 ] ] ] ] } },
{ "type": "Feature", "properties": { "Id": 17, "Name": "ZEIS - JARAGUÁ II", "DISTRITO": "SEDE", "categoria": "ZEIS", "perímetro_ellip_m": 1963.8, "área_ellip_m²": 137476.7 }, "geometry": { "type": "MultiPolygon", "coordinates": [ [ [ [ -38.34531, -12.69535, 0.0 ], [ -38.34497, -12.69542, 0.0 ], [ -38.34505, -12.69566, 0.0 ], [ -38.34507, -12.6957, 0.0 ], [ -38.34507, -12.69574, 0.0 ], [ -38.34493, -12.69574, 0.0 ], [ -38.34487, -12.69584, 0.0 ], [ -38.34482, -12.69589, 0.0 ], [ -38.34478, -12.69587, 0.0 ], [ -38.34472, -12.69584, 0.0 ], [ -38.34466, -12.69593, 0.0 ], [ -38.3445, -12.69598, 0.0 ], [ -38.34439, -12.69611, 0.0 ], [ -38.34441, -12.6964, 0.0 ], [ -38.34437, -12.69649, 0.0 ], [ -38.34432, -12.69647, 0.0 ], [ -38.34427, -12.69656, 0.0 ], [ -38.34411, -12.69651, 0.0 ], [ -38.34413, -12.69646, 0.0 ], [ -38.34368, -12.69628, 0.0 ], [ -38.34349, -12.69616, 0.0 ], [ -38.34343, -12.69613, 0.0 ], [ -38.34299, -12.69669, 0.0 ], [ -38.34291, -12.69677, 0.0 ], [ -38.34268, -12.69716, 0.0 ], [ -38.3425, -12.69744, 0.0 ], [ -38.34238, -12.69761, 0.0 ], [ -38.34225, -12.69766, 0.0 ], [ -38.34177, -12.69794, 0.0 ], [ -38.34182, -12.69804, 0.0 ], [ -38.34185, -12.6981, 0.0 ], [ -38.34192, -12.69815, 0.0 ], [ -38.34201, -12.69819, 0.0 ], [ -38.34224, -12.69826, 0.0 ], [ -38.34225, -12.69834, 0.0 ], [ -38.34238, -12.69832, 0.0 ], [ -38.34245, -12.69834, 0.0 ], [ -38.34289, -12.69852, 0.0 ], [ -38.34309, -12.69868, 0.0 ], [ -38.34311, -12.69885, 0.0 ], [ -38.34372, -12.69968, 0.0 ], [ -38.34402, -12.69951, 0.0 ], [ -38.34411, -12.69947, 0.0 ], [ -38.34412, -12.69947, 0.0 ], [ -38.34432, -12.69947, 0.0 ], [ -38.34433, -12.69945, 0.0 ], [ -38.34441, -12.69941, 0.0 ], [ -38.34443, -12.69918, 0.0 ], [ -38.34435, -12.69907, 0.0 ], [ -38.34425, -12.69906, 0.0 ], [ -38.34427, -12.69898, 0.0 ], [ -38.34428, -12.69892, 0.0 ], [ -38.34429, -12.69889, 0.0 ], [ -38.34419, -12.69872, 0.0 ], [ -38.34436, -12.69863, 0.0 ], [ -38.34446, -12.6986, 0.0 ], [ -38.34469, -12.69847, 0.0 ], [ -38.34486, -12.69836, 0.0 ], [ -38.34492, -12.69831, 0.0 ], [ -38.34513, -12.69857, 0.0 ], [ -38.3453, -12.69884, 0.0 ], [ -38.34539, -12.69876, 0.0 ], [ -38.34548, -12.6988, 0.0 ], [ -38.34569, -12.6986, 0.0 ], [ -38.34572, -12.69858, 0.0 ], [ -38.34583, -12.69847, 0.0 ], [ -38.34592, -12.69839, 0.0 ], [ -38.34599, -12.69828, 0.0 ], [ -38.34603, -12.69824, 0.0 ], [ -38.34612, -12.69814, 0.0 ], [ -38.34629, -12.69794, 0.0 ], [ -38.34631, -12.69791, 0.0 ], [ -38.34643, -12.69778, 0.0 ], [ -38.34648, -12.69777, 0.0 ], [ -38.3466, -12.69765, 0.0 ], [ -38.34688, -12.69743, 0.0 ], [ -38.34699, -12.69736, 0.0 ], [ -38.34681, -12.69726, 0.0 ], [ -38.34669, -12.69722, 0.0 ], [ -38.34677, -12.69713, 0.0 ], [ -38.34653, -12.69699, 0.0 ], [ -38.34652, -12.69692, 0.0 ], [ -38.34638, -12.69679, 0.0 ], [ -38.34633, -12.69673, 0.0 ], [ -38.34627, -12.69671, 0.0 ], [ -38.34621, -12.69666, 0.0 ], [ -38.34615, -12.6966, 0.0 ], [ -38.34634, -12.69649, 0.0 ], [ -38.34663, -12.69629, 0.0 ], [ -38.34682, -12.69592, 0.0 ], [ -38.34681, -12.69587, 0.0 ], [ -38.34675, -12.69576, 0.0 ], [ -38.3467, -12.69567, 0.0 ], [ -38.34664, -12.69564, 0.0 ], [ -38.34663, -12.69558, 0.0 ], [ -38.34639, -12.69556, 0.0 ], [ -38.3463, -12.69554, 0.0 ], [ -38.34622, -12.6955, 0.0 ], [ -38.34613, -12.69546, 0.0 ], [ -38.34609, -12.69544, 0.0 ], [ -38.34586, -12.69538, 0.0 ], [ -38.34581, -12.69538, 0.0 ], [ -38.34574, -12.69538, 0.0 ], [ -38.34567, -12.69538, 0.0 ], [ -38.3456, -12.69538, 0.0 ], [ -38.34554, -12.69538, 0.0 ], [ -38.34548, -12.6954, 0.0 ], [ -38.34543, -12.69538, 0.0 ], [ -38.34538, -12.69534, 0.0 ], [ -38.34531, -12.69535, 0.0 ] ] ] ] } },
{ "type": "Feature", "properties": { "Id": 18, "Name": "ZEIS - RIO BANDEIRA", "DISTRITO": "SEDE", "categoria": "ZEIS", "perímetro_ellip_m": 1657.0, "área_ellip_m²": 106249.8 }, "geometry": { "type": "MultiPolygon", "coordinates": [ [ [ [ -38.33877, -12.69125, 0.0 ], [ -38.33889, -12.69158, 0.0 ], [ -38.33895, -12.69172, 0.0 ], [ -38.33901, -12.69197, 0.0 ], [ -38.33895, -12.69199, 0.0 ], [ -38.33873, -12.69203, 0.0 ], [ -38.3384, -12.69208, 0.0 ], [ -38.33836, -12.6921, 0.0 ], [ -38.33837, -12.69213, 0.0 ], [ -38.33849, -12.69275, 0.0 ], [ -38.33844, -12.69277, 0.0 ], [ -38.3381, -12.6929, 0.0 ], [ -38.338, -12.69299, 0.0 ], [ -38.33762, -12.69312, 0.0 ], [ -38.33774, -12.69377, 0.0 ], [ -38.33796, -12.6943, 0.0 ], [ -38.33797, -12.69431, 0.0 ], [ -38.33833, -12.69457, 0.0 ], [ -38.33903, -12.69495, 0.0 ], [ -38.33944, -12.69513, 0.0 ], [ -38.33952, -12.69517, 0.0 ], [ -38.33957, -12.69519, 0.0 ], [ -38.3396, -12.69519, 0.0 ], [ -38.33964, -12.69518, 0.0 ], [ -38.33978, -12.69517, 0.0 ], [ -38.33995, -12.6951, 0.0 ], [ -38.33995, -12.69505, 0.0 ], [ -38.33994, -12.69493, 0.0 ], [ -38.34, -12.69492, 0.0 ], [ -38.34, -12.69476, 0.0 ], [ -38.34002, -12.69474, 0.0 ], [ -38.34005, -12.69468, 0.0 ], [ -38.34006, -12.69466, 0.0 ], [ -38.34008, -12.69466, 0.0 ], [ -38.34008, -12.69464, 0.0 ], [ -38.3401, -12.69456, 0.0 ], [ -38.34014, -12.69449, 0.0 ], [ -38.34017, -12.69442, 0.0 ], [ -38.34023, -12.69433, 0.0 ], [ -38.34025, -12.69429, 0.0 ], [ -38.34029, -12.69431, 0.0 ], [ -38.34038, -12.69432, 0.0 ], [ -38.34039, -12.69427, 0.0 ], [ -38.34057, -12.69325, 0.0 ], [ -38.34056, -12.6931, 0.0 ], [ -38.34063, -12.69305, 0.0 ], [ -38.34069, -12.693, 0.0 ], [ -38.34071, -12.69288, 0.0 ], [ -38.3407, -12.69275, 0.0 ], [ -38.34067, -12.69254, 0.0 ], [ -38.34072, -12.69252, 0.0 ], [ -38.34075, -12.69241, 0.0 ], [ -38.34061, -12.69176, 0.0 ], [ -38.34055, -12.69178, 0.0 ], [ -38.34031, -12.69174, 0.0 ], [ -38.34019, -12.69124, 0.0 ], [ -38.34019, -12.69121, 0.0 ], [ -38.33967, -12.6913, 0.0 ], [ -38.3396, -12.69129, 0.0 ], [ -38.33915, -12.69002, 0.0 ], [ -38.33917, -12.68984, 0.0 ], [ -38.33893, -12.68986, 0.0 ], [ -38.33892, -12.69021, 0.0 ], [ -38.33892, -12.69026, 0.0 ], [ -38.33893, -12.6905, 0.0 ], [ -38.33894, -12.6906, 0.0 ], [ -38.3389, -12.69065, 0.0 ], [ -38.3388, -12.6908, 0.0 ], [ -38.33877, -12.69085, 0.0 ], [ -38.33884, -12.69091, 0.0 ], [ -38.33867, -12.69107, 0.0 ], [ -38.33869, -12.69111, 0.0 ], [ -38.3387, -12.69113, 0.0 ], [ -38.33877, -12.69125, 0.0 ] ] ] ] } },
{ "type": "Feature", "properties": { "Id": 19, "Name": "ZEIS - BAIRRO DOS 46", "DISTRITO": "SEDE", "categoria": "ZEIS", "perímetro_ellip_m": 578.9, "área_ellip_m²": 12042.8 }, "geometry": { "type": "MultiPolygon", "coordinates": [ [ [ [ -38.32745, -12.70871, 0.0 ], [ -38.32742, -12.70881, 0.0 ], [ -38.32724, -12.70885, 0.0 ], [ -38.32712, -12.70902, 0.0 ], [ -38.32713, -12.70903, 0.0 ], [ -38.32739, -12.70921, 0.0 ], [ -38.32741, -12.70943, 0.0 ], [ -38.32781, -12.70946, 0.0 ], [ -38.32801, -12.70898, 0.0 ], [ -38.32815, -12.7088, 0.0 ], [ -38.32834, -12.70882, 0.0 ], [ -38.32857, -12.70846, 0.0 ], [ -38.3288, -12.70821, 0.0 ], [ -38.32892, -12.70804, 0.0 ], [ -38.32882, -12.70786, 0.0 ], [ -38.32823, -12.70806, 0.0 ], [ -38.32809, -12.7084, 0.0 ], [ -38.3279, -12.70857, 0.0 ], [ -38.32745, -12.70871, 0.0 ] ] ] ] } },
{ "type": "Feature", "properties": { "Id": 20, "Name": "ZEIS - JARAGUÁ III", "DISTRITO": "SEDE", "categoria": "ZEIS", "perímetro_ellip_m": 1996.4, "área_ellip_m²": 88163.7 }, "geometry": { "type": "MultiPolygon", "coordinates": [ [ [ [ -38.34665, -12.69113, 0.0 ], [ -38.34662, -12.69133, 0.0 ], [ -38.34656, -12.69133, 0.0 ], [ -38.34651, -12.69134, 0.0 ], [ -38.3465, -12.69133, 0.0 ], [ -38.34649, -12.69132, 0.0 ], [ -38.34645, -12.69134, 0.0 ], [ -38.34642, -12.69138, 0.0 ], [ -38.34638, -12.69137, 0.0 ], [ -38.34636, -12.69137, 0.0 ], [ -38.34631, -12.69135, 0.0 ], [ -38.34629, -12.69132, 0.0 ], [ -38.34628, -12.69131, 0.0 ], [ -38.34628, -12.69127, 0.0 ], [ -38.34608, -12.6914, 0.0 ], [ -38.3461, -12.69167, 0.0 ], [ -38.34622, -12.69166, 0.0 ], [ -38.34626, -12.69192, 0.0 ], [ -38.34624, -12.69213, 0.0 ], [ -38.34616, -12.69237, 0.0 ], [ -38.3459, -12.69289, 0.0 ], [ -38.34582, -12.69306, 0.0 ], [ -38.34581, -12.69315, 0.0 ], [ -38.3458, -12.69338, 0.0 ], [ -38.34571, -12.69346, 0.0 ], [ -38.34544, -12.69373, 0.0 ], [ -38.34519, -12.69409, 0.0 ], [ -38.34503, -12.69434, 0.0 ], [ -38.34486, -12.69461, 0.0 ], [ -38.34475, -12.69478, 0.0 ], [ -38.34473, -12.695, 0.0 ], [ -38.34471, -12.69518, 0.0 ], [ -38.3446, -12.69525, 0.0 ], [ -38.34432, -12.69521, 0.0 ], [ -38.34428, -12.6952, 0.0 ], [ -38.34422, -12.69518, 0.0 ], [ -38.34411, -12.69514, 0.0 ], [ -38.34403, -12.69511, 0.0 ], [ -38.34394, -12.69506, 0.0 ], [ -38.34392, -12.69511, 0.0 ], [ -38.34386, -12.69527, 0.0 ], [ -38.34372, -12.69546, 0.0 ], [ -38.34369, -12.69558, 0.0 ], [ -38.34364, -12.69576, 0.0 ], [ -38.34355, -12.6959, 0.0 ], [ -38.34343, -12.69613, 0.0 ], [ -38.34349, -12.69616, 0.0 ], [ -38.34368, -12.69628, 0.0 ], [ -38.34413, -12.69646, 0.0 ], [ -38.34411, -12.69651, 0.0 ], [ -38.34427, -12.69656, 0.0 ], [ -38.34432, -12.69647, 0.0 ], [ -38.34437, -12.69649, 0.0 ], [ -38.34441, -12.6964, 0.0 ], [ -38.34439, -12.69611, 0.0 ], [ -38.3445, -12.69598, 0.0 ], [ -38.34466, -12.69593, 0.0 ], [ -38.34472, -12.69584, 0.0 ], [ -38.34478, -12.69587, 0.0 ], [ -38.34482, -12.69589, 0.0 ], [ -38.34487, -12.69584, 0.0 ], [ -38.34493, -12.69574, 0.0 ], [ -38.34507, -12.69574, 0.0 ], [ -38.34507, -12.6957, 0.0 ], [ -38.34505, -12.69566, 0.0 ], [ -38.34497, -12.69542, 0.0 ], [ -38.34531, -12.69535, 0.0 ], [ -38.34538, -12.69534, 0.0 ], [ -38.34543, -12.69538, 0.0 ], [ -38.34548, -12.6954, 0.0 ], [ -38.34554, -12.69538, 0.0 ], [ -38.3456, -12.69538, 0.0 ], [ -38.34567, -12.69538, 0.0 ], [ -38.34574, -12.69538, 0.0 ], [ -38.34581, -12.69538, 0.0 ], [ -38.34586, -12.69538, 0.0 ], [ -38.34609, -12.69544, 0.0 ], [ -38.34613, -12.69546, 0.0 ], [ -38.34622, -12.6955, 0.0 ], [ -38.3463, -12.69554, 0.0 ], [ -38.34639, -12.69556, 0.0 ], [ -38.34663, -12.69558, 0.0 ], [ -38.34666, -12.69553, 0.0 ], [ -38.34667, -12.6955, 0.0 ], [ -38.34691, -12.69494, 0.0 ], [ -38.34713, -12.69485, 0.0 ], [ -38.34727, -12.69489, 0.0 ], [ -38.34737, -12.69493, 0.0 ], [ -38.3474, -12.69494, 0.0 ], [ -38.34746, -12.69498, 0.0 ], [ -38.34752, -12.695, 0.0 ], [ -38.34757, -12.69489, 0.0 ], [ -38.34745, -12.69484, 0.0 ], [ -38.3473, -12.69463, 0.0 ], [ -38.3471, -12.69436, 0.0 ], [ -38.34703, -12.69428, 0.0 ], [ -38.34694, -12.69416, 0.0 ], [ -38.34691, -12.69394, 0.0 ], [ -38.34688, -12.69379, 0.0 ], [ -38.34695, -12.6936, 0.0 ], [ -38.34705, -12.69362, 0.0 ], [ -38.34714, -12.69327, 0.0 ], [ -38.34715, -12.69314, 0.0 ], [ -38.34711, -12.69302, 0.0 ], [ -38.34712, -12.69293, 0.0 ], [ -38.34708, -12.69286, 0.0 ], [ -38.34709, -12.69268, 0.0 ], [ -38.34704, -12.69267, 0.0 ], [ -38.34704, -12.69248, 0.0 ], [ -38.347, -12.69248, 0.0 ], [ -38.347, -12.69228, 0.0 ], [ -38.34699, -12.69213, 0.0 ], [ -38.34695, -12.69213, 0.0 ], [ -38.34695, -12.69212, 0.0 ], [ -38.34694, -12.6921, 0.0 ], [ -38.34688, -12.69198, 0.0 ], [ -38.34687, -12.69197, 0.0 ], [ -38.34685, -12.69182, 0.0 ], [ -38.3468, -12.69167, 0.0 ], [ -38.34678, -12.69151, 0.0 ], [ -38.34696, -12.69138, 0.0 ], [ -38.34701, -12.69132, 0.0 ], [ -38.34702, -12.69119, 0.0 ], [ -38.34698, -12.69111, 0.0 ], [ -38.34693, -12.69103, 0.0 ], [ -38.34673, -12.691, 0.0 ], [ -38.34668, -12.69099, 0.0 ], [ -38.34665, -12.69113, 0.0 ] ] ] ] } },
{ "type": "Feature", "properties": { "Id": 21, "Name": "ZEIS - Santo Antonio", "DISTRITO": "SEDE", "categoria": "ZEIS", "perímetro_ellip_m": 1773.5, "área_ellip_m²": 130428.5 }, "geometry": { "type": "MultiPolygon", "coordinates": [ [ [ [ -38.35492, -12.68165, 0.0 ], [ -38.35454, -12.68201, 0.0 ], [ -38.3544, -12.68216, 0.0 ], [ -38.35342, -12.68323, 0.0 ], [ -38.35262, -12.6841, 0.0 ], [ -38.35046, -12.68647, 0.0 ], [ -38.35119, -12.68771, 0.0 ], [ -38.35126, -12.68767, 0.0 ], [ -38.35151, -12.68751, 0.0 ], [ -38.35175, -12.68736, 0.0 ], [ -38.35175, -12.68736, 0.0 ], [ -38.35187, -12.68728, 0.0 ], [ -38.35219, -12.68707, 0.0 ], [ -38.35243, -12.6869, 0.0 ], [ -38.35267, -12.68664, 0.0 ], [ -38.35288, -12.68639, 0.0 ], [ -38.35336, -12.68591, 0.0 ], [ -38.35394, -12.68524, 0.0 ], [ -38.35519, -12.68392, 0.0 ], [ -38.35519, -12.68392, 0.0 ], [ -38.35515, -12.68372, 0.0 ], [ -38.35508, -12.68345, 0.0 ], [ -38.35508, -12.68345, 0.0 ], [ -38.3551, -12.68322, 0.0 ], [ -38.35515, -12.68317, 0.0 ], [ -38.35522, -12.6831, 0.0 ], [ -38.35529, -12.68303, 0.0 ], [ -38.35533, -12.68299, 0.0 ], [ -38.3554, -12.68283, 0.0 ], [ -38.35543, -12.68275, 0.0 ], [ -38.35545, -12.68273, 0.0 ], [ -38.35546, -12.68248, 0.0 ], [ -38.35546, -12.68247, 0.0 ], [ -38.35543, -12.68225, 0.0 ], [ -38.35492, -12.68165, 0.0 ] ] ] ] } },
{ "type": "Feature", "properties": { "Id": 22, "Name": "ZEIS - Jaraguá I", "DISTRITO": "SEDE", "categoria": "ZEIS", "perímetro_ellip_m": 1158.5, "área_ellip_m²": 70889.0 }, "geometry": { "type": "MultiPolygon", "coordinates": [ [ [ [ -38.34223, -12.69924, 0.0 ], [ -38.34222, -12.69931, 0.0 ], [ -38.34214, -12.69929, 0.0 ], [ -38.34198, -12.69926, 0.0 ], [ -38.34182, -12.69932, 0.0 ], [ -38.34099, -12.69944, 0.0 ], [ -38.34099, -12.69944, 0.0 ], [ -38.34097, -12.69959, 0.0 ], [ -38.34132, -12.70012, 0.0 ], [ -38.34141, -12.70036, 0.0 ], [ -38.34143, -12.70065, 0.0 ], [ -38.34144, -12.70083, 0.0 ], [ -38.34161, -12.7009, 0.0 ], [ -38.34181, -12.70101, 0.0 ], [ -38.34196, -12.70106, 0.0 ], [ -38.34229, -12.7019, 0.0 ], [ -38.3424, -12.70198, 0.0 ], [ -38.3425, -12.70201, 0.0 ], [ -38.34262, -12.70207, 0.0 ], [ -38.34276, -12.70222, 0.0 ], [ -38.34347, -12.70193, 0.0 ], [ -38.34369, -12.70147, 0.0 ], [ -38.34359, -12.70075, 0.0 ], [ -38.34351, -12.70049, 0.0 ], [ -38.34351, -12.69995, 0.0 ], [ -38.34354, -12.69977, 0.0 ], [ -38.34372, -12.69968, 0.0 ], [ -38.34311, -12.69885, 0.0 ], [ -38.34309, -12.69868, 0.0 ], [ -38.34289, -12.69852, 0.0 ], [ -38.34248, -12.69886, 0.0 ], [ -38.34223, -12.69924, 0.0 ] ] ] ] } },
{ "type": "Feature", "properties": { "Id": 23, "Name": "ZEIS - Fazenda São João", "DISTRITO": "SEDE", "categoria": "ZEIS", "perímetro_ellip_m": 1574.0, "área_ellip_m²": 127399.1 }, "geometry": { "type": "MultiPolygon", "coordinates": [ [ [ [ -38.34891, -12.68905, 0.0 ], [ -38.34959, -12.69061, 0.0 ], [ -38.34961, -12.69065, 0.0 ], [ -38.34985, -12.69058, 0.0 ], [ -38.3503, -12.69044, 0.0 ], [ -38.35061, -12.6903, 0.0 ], [ -38.35084, -12.69065, 0.0 ], [ -38.35098, -12.69088, 0.0 ], [ -38.35128, -12.69073, 0.0 ], [ -38.35157, -12.69106, 0.0 ], [ -38.35201, -12.6908, 0.0 ], [ -38.35213, -12.6908, 0.0 ], [ -38.35225, -12.69078, 0.0 ], [ -38.35249, -12.69074, 0.0 ], [ -38.35287, -12.69059, 0.0 ], [ -38.35297, -12.69045, 0.0 ], [ -38.35264, -12.68979, 0.0 ], [ -38.35262, -12.6896, 0.0 ], [ -38.3527, -12.68956, 0.0 ], [ -38.35341, -12.68953, 0.0 ], [ -38.35341, -12.68953, 0.0 ], [ -38.35347, -12.68803, 0.0 ], [ -38.3527, -12.68788, 0.0 ], [ -38.35225, -12.68779, 0.0 ], [ -38.35185, -12.68744, 0.0 ], [ -38.35175, -12.68736, 0.0 ], [ -38.35151, -12.68751, 0.0 ], [ -38.35126, -12.68767, 0.0 ], [ -38.35119, -12.68771, 0.0 ], [ -38.35028, -12.68825, 0.0 ], [ -38.34976, -12.68852, 0.0 ], [ -38.34934, -12.68878, 0.0 ], [ -38.34921, -12.68884, 0.0 ], [ -38.34894, -12.68895, 0.0 ], [ -38.34888, -12.68898, 0.0 ], [ -38.34891, -12.68905, 0.0 ] ] ] ] } },
{ "type": "Feature", "properties": { "Id": 24, "Name": "ZEIS - Cristo Redentor", "DISTRITO": "SEDE", "categoria": "ZEIS", "perímetro_ellip_m": 1985.0, "área_ellip_m²": 213735.1 }, "geometry": { "type": "MultiPolygon", "coordinates": [ [ [ [ -38.33903, -12.68349, 0.0 ], [ -38.33868, -12.6837, 0.0 ], [ -38.33868, -12.68371, 0.0 ], [ -38.33862, -12.68378, 0.0 ], [ -38.33853, -12.68388, 0.0 ], [ -38.33829, -12.68409, 0.0 ], [ -38.33816, -12.68428, 0.0 ], [ -38.33814, -12.68432, 0.0 ], [ -38.33776, -12.68445, 0.0 ], [ -38.33769, -12.68445, 0.0 ], [ -38.33729, -12.68448, 0.0 ], [ -38.33701, -12.6845, 0.0 ], [ -38.33687, -12.68451, 0.0 ], [ -38.33675, -12.68449, 0.0 ], [ -38.33655, -12.68447, 0.0 ], [ -38.33636, -12.68441, 0.0 ], [ -38.33609, -12.68438, 0.0 ], [ -38.3359, -12.68485, 0.0 ], [ -38.33671, -12.68514, 0.0 ], [ -38.33685, -12.68519, 0.0 ], [ -38.33672, -12.68562, 0.0 ], [ -38.33698, -12.68572, 0.0 ], [ -38.33708, -12.68579, 0.0 ], [ -38.33713, -12.68583, 0.0 ], [ -38.33724, -12.68591, 0.0 ], [ -38.3373, -12.68599, 0.0 ], [ -38.33739, -12.6861, 0.0 ], [ -38.33771, -12.6865, 0.0 ], [ -38.3379, -12.68677, 0.0 ], [ -38.33804, -12.68721, 0.0 ], [ -38.33878, -12.6872, 0.0 ], [ -38.3391, -12.68716, 0.0 ], [ -38.33995, -12.68723, 0.0 ], [ -38.34065, -12.68711, 0.0 ], [ -38.34087, -12.68689, 0.0 ], [ -38.34113, -12.68675, 0.0 ], [ -38.34142, -12.68661, 0.0 ], [ -38.34181, -12.68641, 0.0 ], [ -38.34183, -12.68639, 0.0 ], [ -38.34237, -12.68605, 0.0 ], [ -38.34242, -12.68591, 0.0 ], [ -38.3425, -12.68559, 0.0 ], [ -38.34259, -12.68487, 0.0 ], [ -38.34252, -12.68454, 0.0 ], [ -38.34252, -12.68369, 0.0 ], [ -38.34236, -12.68367, 0.0 ], [ -38.34222, -12.68367, 0.0 ], [ -38.34193, -12.68355, 0.0 ], [ -38.34181, -12.68349, 0.0 ], [ -38.34168, -12.68345, 0.0 ], [ -38.34157, -12.6835, 0.0 ], [ -38.34156, -12.68351, 0.0 ], [ -38.34154, -12.68352, 0.0 ], [ -38.34123, -12.68358, 0.0 ], [ -38.34102, -12.68353, 0.0 ], [ -38.34102, -12.68353, 0.0 ], [ -38.3409, -12.68346, 0.0 ], [ -38.34069, -12.68337, 0.0 ], [ -38.34054, -12.68331, 0.0 ], [ -38.34037, -12.68322, 0.0 ], [ -38.34018, -12.68319, 0.0 ], [ -38.33997, -12.68317, 0.0 ], [ -38.33971, -12.68326, 0.0 ], [ -38.3395, -12.68333, 0.0 ], [ -38.33929, -12.68338, 0.0 ], [ -38.33903, -12.68349, 0.0 ] ] ] ] } },
{ "type": "Feature", "properties": { "Id": 25, "Name": "ZEIS - NOVA BRASÍLIA", "DISTRITO": "SEDE", "categoria": "ZEIS", "perímetro_ellip_m": 1465.2, "área_ellip_m²": 106724.7 }, "geometry": { "type": "MultiPolygon", "coordinates": [ [ [ [ -38.32755, -12.70385, 0.0 ], [ -38.32778, -12.70402, 0.0 ], [ -38.328, -12.70402, 0.0 ], [ -38.32832, -12.70398, 0.0 ], [ -38.32892, -12.70412, 0.0 ], [ -38.32922, -12.70432, 0.0 ], [ -38.32938, -12.70457, 0.0 ], [ -38.3297, -12.70518, 0.0 ], [ -38.33005, -12.70556, 0.0 ], [ -38.33062, -12.70549, 0.0 ], [ -38.33059, -12.70508, 0.0 ], [ -38.33059, -12.70468, 0.0 ], [ -38.3307, -12.70438, 0.0 ], [ -38.33093, -12.70385, 0.0 ], [ -38.33112, -12.70352, 0.0 ], [ -38.33081, -12.70328, 0.0 ], [ -38.33029, -12.70282, 0.0 ], [ -38.32978, -12.70234, 0.0 ], [ -38.32946, -12.70206, 0.0 ], [ -38.32864, -12.70121, 0.0 ], [ -38.32859, -12.70111, 0.0 ], [ -38.32864, -12.70103, 0.0 ], [ -38.32806, -12.70085, 0.0 ], [ -38.32784, -12.70141, 0.0 ], [ -38.32775, -12.70175, 0.0 ], [ -38.32753, -12.70203, 0.0 ], [ -38.32744, -12.70224, 0.0 ], [ -38.32744, -12.70258, 0.0 ], [ -38.32749, -12.70369, 0.0 ], [ -38.32755, -12.70385, 0.0 ] ] ] ] } },
{ "type": "Feature", "properties": { "Id": 26, "Name": "ZEIS - Gleba H", "DISTRITO": "SEDE", "categoria": "ZEIS", "perímetro_ellip_m": 1711.3, "área_ellip_m²": 176296.8 }, "geometry": { "type": "MultiPolygon", "coordinates": [ [ [ [ -38.34598, -12.71159, 0.0 ], [ -38.34578, -12.71186, 0.0 ], [ -38.34557, -12.7117, 0.0 ], [ -38.34521, -12.7122, 0.0 ], [ -38.34581, -12.71291, 0.0 ], [ -38.34585, -12.71295, 0.0 ], [ -38.34591, -12.71299, 0.0 ], [ -38.3464, -12.71326, 0.0 ], [ -38.34733, -12.71375, 0.0 ], [ -38.34774, -12.71396, 0.0 ], [ -38.34818, -12.71421, 0.0 ], [ -38.34832, -12.71428, 0.0 ], [ -38.34868, -12.71462, 0.0 ], [ -38.34961, -12.71349, 0.0 ], [ -38.35113, -12.71238, 0.0 ], [ -38.35142, -12.71202, 0.0 ], [ -38.35026, -12.71089, 0.0 ], [ -38.34908, -12.71034, 0.0 ], [ -38.34888, -12.71028, 0.0 ], [ -38.34765, -12.7107, 0.0 ], [ -38.34721, -12.71089, 0.0 ], [ -38.34688, -12.7111, 0.0 ], [ -38.34639, -12.71136, 0.0 ], [ -38.34598, -12.71159, 0.0 ] ] ] ] } },
{ "type": "Feature", "properties": { "Id": 27, "Name": "ZEIS - NOVA VITÓRIA", "DISTRITO": "SEDE", "categoria": "ZEIS", "perímetro_ellip_m": 3239.8, "área_ellip_m²": 456828.0 }, "geometry": { "type": "MultiPolygon", "coordinates": [ [ [ [ -38.31898, -12.69915, 0.0 ], [ -38.31901, -12.69909, 0.0 ], [ -38.31911, -12.6989, 0.0 ], [ -38.31897, -12.69883, 0.0 ], [ -38.31894, -12.69882, 0.0 ], [ -38.3187, -12.69878, 0.0 ], [ -38.3186, -12.6988, 0.0 ], [ -38.31799, -12.69861, 0.0 ], [ -38.31782, -12.69846, 0.0 ], [ -38.31779, -12.69843, 0.0 ], [ -38.31771, -12.6982, 0.0 ], [ -38.31767, -12.69809, 0.0 ], [ -38.31731, -12.698, 0.0 ], [ -38.31648, -12.69822, 0.0 ], [ -38.31573, -12.69856, 0.0 ], [ -38.31481, -12.69891, 0.0 ], [ -38.31446, -12.69916, 0.0 ], [ -38.3136, -12.69955, 0.0 ], [ -38.31298, -12.69962, 0.0 ], [ -38.31275, -12.69964, 0.0 ], [ -38.31256, -12.69971, 0.0 ], [ -38.31244, -12.69992, 0.0 ], [ -38.31228, -12.70012, 0.0 ], [ -38.31203, -12.70017, 0.0 ], [ -38.31176, -12.70037, 0.0 ], [ -38.31164, -12.70054, 0.0 ], [ -38.31152, -12.70081, 0.0 ], [ -38.31145, -12.70091, 0.0 ], [ -38.31138, -12.70097, 0.0 ], [ -38.3112, -12.70166, 0.0 ], [ -38.31064, -12.70397, 0.0 ], [ -38.31098, -12.70406, 0.0 ], [ -38.31104, -12.70385, 0.0 ], [ -38.31166, -12.70401, 0.0 ], [ -38.3117, -12.70405, 0.0 ], [ -38.31171, -12.70406, 0.0 ], [ -38.31182, -12.704, 0.0 ], [ -38.3119, -12.70398, 0.0 ], [ -38.3121, -12.70306, 0.0 ], [ -38.31236, -12.70304, 0.0 ], [ -38.31286, -12.70312, 0.0 ], [ -38.31358, -12.70331, 0.0 ], [ -38.3137, -12.70342, 0.0 ], [ -38.31365, -12.70393, 0.0 ], [ -38.31358, -12.7041, 0.0 ], [ -38.31421, -12.70428, 0.0 ], [ -38.31477, -12.70444, 0.0 ], [ -38.31527, -12.70456, 0.0 ], [ -38.31517, -12.7048, 0.0 ], [ -38.31544, -12.7048, 0.0 ], [ -38.31568, -12.70473, 0.0 ], [ -38.31578, -12.70476, 0.0 ], [ -38.31606, -12.70483, 0.0 ], [ -38.31667, -12.70494, 0.0 ], [ -38.31701, -12.70512, 0.0 ], [ -38.31781, -12.70531, 0.0 ], [ -38.31788, -12.70501, 0.0 ], [ -38.31818, -12.70486, 0.0 ], [ -38.31823, -12.70489, 0.0 ], [ -38.31827, -12.70476, 0.0 ], [ -38.31824, -12.70455, 0.0 ], [ -38.31822, -12.7045, 0.0 ], [ -38.31827, -12.70428, 0.0 ], [ -38.3183, -12.70414, 0.0 ], [ -38.3182, -12.70412, 0.0 ], [ -38.31822, -12.704, 0.0 ], [ -38.3182, -12.70399, 0.0 ], [ -38.31814, -12.70398, 0.0 ], [ -38.31817, -12.7038, 0.0 ], [ -38.31824, -12.70345, 0.0 ], [ -38.3183, -12.70315, 0.0 ], [ -38.31833, -12.70293, 0.0 ], [ -38.31831, -12.70293, 0.0 ], [ -38.31826, -12.70292, 0.0 ], [ -38.3183, -12.70266, 0.0 ], [ -38.31839, -12.70227, 0.0 ], [ -38.31835, -12.7022, 0.0 ], [ -38.31826, -12.7021, 0.0 ], [ -38.31808, -12.70178, 0.0 ], [ -38.31808, -12.70167, 0.0 ], [ -38.31811, -12.70146, 0.0 ], [ -38.31818, -12.70098, 0.0 ], [ -38.31821, -12.70082, 0.0 ], [ -38.3185, -12.70087, 0.0 ], [ -38.31858, -12.70047, 0.0 ], [ -38.31867, -12.69993, 0.0 ], [ -38.3187, -12.69978, 0.0 ], [ -38.31879, -12.69939, 0.0 ], [ -38.31884, -12.69936, 0.0 ], [ -38.31898, -12.69915, 0.0 ] ] ], [ [ [ -38.31898, -12.69915, 0.0 ], [ -38.31891, -12.69928, 0.0 ], [ -38.31899, -12.69912, 0.0 ], [ -38.31898, -12.69915, 0.0 ] ] ] ] } },
{ "type": "Feature", "properties": { "Id": 28, "Name": "ZEIS - Parque Palmeiras", "DISTRITO": "SEDE", "categoria": "ZEIS", "perímetro_ellip_m": 1671.8, "área_ellip_m²": 148967.7 }, "geometry": { "type": "MultiPolygon", "coordinates": [ [ [ [ -38.29305, -12.69154, 0.0 ], [ -38.29233, -12.6916, 0.0 ], [ -38.29204, -12.69144, 0.0 ], [ -38.29159, -12.69182, 0.0 ], [ -38.29159, -12.69182, 0.0 ], [ -38.29134, -12.69203, 0.0 ], [ -38.29145, -12.69213, 0.0 ], [ -38.29291, -12.6934, 0.0 ], [ -38.29232, -12.69399, 0.0 ], [ -38.29413, -12.69578, 0.0 ], [ -38.29413, -12.69578, 0.0 ], [ -38.29419, -12.69584, 0.0 ], [ -38.29419, -12.69585, 0.0 ], [ -38.29419, -12.69585, 0.0 ], [ -38.29419, -12.69585, 0.0 ], [ -38.29658, -12.69364, 0.0 ], [ -38.29658, -12.69364, 0.0 ], [ -38.29438, -12.69139, 0.0 ], [ -38.29368, -12.6914, 0.0 ], [ -38.29305, -12.69154, 0.0 ] ] ] ] } },
{ "type": "Feature", "properties": { "Id": 29, "Name": "ZEIS - Jardim Limoeiro", "DISTRITO": "SEDE", "categoria": "ZEIS", "perímetro_ellip_m": 2670.6, "área_ellip_m²": 200304.2 }, "geometry": { "type": "MultiPolygon", "coordinates": [ [ [ [ -38.29665, -12.70945, 0.0 ], [ -38.29604, -12.7099, 0.0 ], [ -38.29575, -12.70975, 0.0 ], [ -38.29554, -12.70957, 0.0 ], [ -38.29483, -12.70984, 0.0 ], [ -38.29447, -12.70999, 0.0 ], [ -38.29371, -12.71022, 0.0 ], [ -38.29383, -12.7109, 0.0 ], [ -38.29367, -12.71096, 0.0 ], [ -38.29368, -12.71107, 0.0 ], [ -38.29378, -12.71144, 0.0 ], [ -38.29378, -12.71161, 0.0 ], [ -38.29365, -12.71166, 0.0 ], [ -38.2937, -12.71207, 0.0 ], [ -38.29379, -12.71208, 0.0 ], [ -38.29393, -12.71238, 0.0 ], [ -38.29408, -12.71245, 0.0 ], [ -38.29418, -12.71252, 0.0 ], [ -38.29428, -12.71261, 0.0 ], [ -38.29432, -12.71269, 0.0 ], [ -38.29437, -12.71276, 0.0 ], [ -38.29443, -12.71286, 0.0 ], [ -38.29445, -12.71298, 0.0 ], [ -38.29444, -12.7131, 0.0 ], [ -38.2944, -12.7132, 0.0 ], [ -38.29435, -12.71343, 0.0 ], [ -38.29434, -12.71364, 0.0 ], [ -38.29432, -12.71381, 0.0 ], [ -38.29337, -12.71382, 0.0 ], [ -38.29335, -12.71443, 0.0 ], [ -38.29335, -12.7149, 0.0 ], [ -38.29439, -12.71474, 0.0 ], [ -38.2946, -12.71628, 0.0 ], [ -38.2947, -12.71622, 0.0 ], [ -38.29566, -12.71399, 0.0 ], [ -38.29711, -12.71467, 0.0 ], [ -38.2973, -12.7144, 0.0 ], [ -38.29797, -12.71464, 0.0 ], [ -38.2982, -12.71415, 0.0 ], [ -38.29826, -12.71382, 0.0 ], [ -38.29665, -12.71299, 0.0 ], [ -38.29668, -12.71286, 0.0 ], [ -38.29733, -12.71127, 0.0 ], [ -38.2972, -12.71117, 0.0 ], [ -38.29716, -12.71097, 0.0 ], [ -38.29664, -12.71071, 0.0 ], [ -38.29697, -12.71013, 0.0 ], [ -38.29665, -12.70997, 0.0 ], [ -38.29668, -12.70979, 0.0 ], [ -38.29665, -12.70945, 0.0 ] ] ] ] } },
{ "type": "Feature", "properties": { "Id": 30, "Name": "ZEIS - Verdes Horizontes", "DISTRITO": "SEDE", "categoria": "ZEIS", "perímetro_ellip_m": 1807.3, "área_ellip_m²": 172195.4 }, "geometry": { "type": "MultiPolygon", "coordinates": [ [ [ [ -38.3175, -12.73087, 0.0 ], [ -38.31751, -12.73116, 0.0 ], [ -38.3175, -12.73137, 0.0 ], [ -38.31714, -12.73138, 0.0 ], [ -38.31705, -12.73145, 0.0 ], [ -38.31496, -12.7315, 0.0 ], [ -38.31496, -12.7337, 0.0 ], [ -38.31541, -12.73453, 0.0 ], [ -38.31544, -12.73453, 0.0 ], [ -38.31589, -12.73452, 0.0 ], [ -38.31618, -12.73505, 0.0 ], [ -38.31715, -12.73458, 0.0 ], [ -38.31862, -12.7341, 0.0 ], [ -38.31882, -12.73404, 0.0 ], [ -38.31902, -12.73399, 0.0 ], [ -38.31926, -12.73395, 0.0 ], [ -38.31934, -12.73393, 0.0 ], [ -38.31957, -12.73393, 0.0 ], [ -38.31966, -12.73391, 0.0 ], [ -38.3197, -12.73388, 0.0 ], [ -38.3197, -12.73384, 0.0 ], [ -38.31967, -12.73329, 0.0 ], [ -38.31969, -12.73296, 0.0 ], [ -38.31969, -12.73281, 0.0 ], [ -38.31972, -12.73246, 0.0 ], [ -38.31978, -12.73205, 0.0 ], [ -38.31985, -12.73174, 0.0 ], [ -38.31953, -12.73174, 0.0 ], [ -38.31943, -12.73167, 0.0 ], [ -38.31895, -12.73167, 0.0 ], [ -38.31896, -12.73143, 0.0 ], [ -38.31905, -12.73143, 0.0 ], [ -38.31905, -12.73128, 0.0 ], [ -38.31905, -12.73128, 0.0 ], [ -38.31902, -12.73128, 0.0 ], [ -38.31893, -12.73132, 0.0 ], [ -38.31889, -12.73135, 0.0 ], [ -38.3188, -12.73137, 0.0 ], [ -38.31869, -12.7314, 0.0 ], [ -38.31861, -12.73121, 0.0 ], [ -38.31821, -12.73092, 0.0 ], [ -38.31799, -12.73096, 0.0 ], [ -38.31798, -12.73088, 0.0 ], [ -38.31783, -12.73089, 0.0 ], [ -38.31783, -12.73086, 0.0 ], [ -38.3175, -12.73087, 0.0 ] ] ] ] } },
{ "type": "Feature", "properties": { "Id": 31, "Name": "ZEIS - Dom Avelar", "DISTRITO": "SEDE", "categoria": "ZEIS", "perímetro_ellip_m": 949.0, "área_ellip_m²": 38111.0 }, "geometry": { "type": "MultiPolygon", "coordinates": [ [ [ [ -38.31851, -12.71704, 0.0 ], [ -38.31867, -12.7172, 0.0 ], [ -38.31873, -12.7173, 0.0 ], [ -38.3188, -12.71753, 0.0 ], [ -38.31883, -12.71777, 0.0 ], [ -38.31892, -12.71798, 0.0 ], [ -38.319, -12.71809, 0.0 ], [ -38.31908, -12.71819, 0.0 ], [ -38.31917, -12.71829, 0.0 ], [ -38.31928, -12.71835, 0.0 ], [ -38.31938, -12.71839, 0.0 ], [ -38.3195, -12.71841, 0.0 ], [ -38.3196, -12.71841, 0.0 ], [ -38.31965, -12.71841, 0.0 ], [ -38.31968, -12.71842, 0.0 ], [ -38.3197, -12.71842, 0.0 ], [ -38.31977, -12.71845, 0.0 ], [ -38.31985, -12.71848, 0.0 ], [ -38.31989, -12.71846, 0.0 ], [ -38.31993, -12.71837, 0.0 ], [ -38.31997, -12.71825, 0.0 ], [ -38.31996, -12.71815, 0.0 ], [ -38.31996, -12.71808, 0.0 ], [ -38.32002, -12.71793, 0.0 ], [ -38.32007, -12.71781, 0.0 ], [ -38.32017, -12.71778, 0.0 ], [ -38.32022, -12.7178, 0.0 ], [ -38.32031, -12.71781, 0.0 ], [ -38.32039, -12.71782, 0.0 ], [ -38.32047, -12.71781, 0.0 ], [ -38.32058, -12.7178, 0.0 ], [ -38.32061, -12.71779, 0.0 ], [ -38.32065, -12.71776, 0.0 ], [ -38.31999, -12.7171, 0.0 ], [ -38.31989, -12.71719, 0.0 ], [ -38.31984, -12.71719, 0.0 ], [ -38.31973, -12.717, 0.0 ], [ -38.31957, -12.7168, 0.0 ], [ -38.31944, -12.71664, 0.0 ], [ -38.31937, -12.71648, 0.0 ], [ -38.31926, -12.71637, 0.0 ], [ -38.31839, -12.71558, 0.0 ], [ -38.31789, -12.71602, 0.0 ], [ -38.31802, -12.71625, 0.0 ], [ -38.31814, -12.71647, 0.0 ], [ -38.31822, -12.71667, 0.0 ], [ -38.31838, -12.71687, 0.0 ], [ -38.31851, -12.71704, 0.0 ] ] ] ] } },
{ "type": "Feature", "properties": { "Id": 32, "Name": "ZEIS - Blue Life", "DISTRITO": "SEDE", "categoria": "ZEIS", "perímetro_ellip_m": 701.3, "área_ellip_m²": 29842.3 }, "geometry": { "type": "MultiPolygon", "coordinates": [ [ [ [ -38.31462, -12.71321, 0.0 ], [ -38.31462, -12.71351, 0.0 ], [ -38.3146, -12.71384, 0.0 ], [ -38.31456, -12.71398, 0.0 ], [ -38.3145, -12.71417, 0.0 ], [ -38.31432, -12.71467, 0.0 ], [ -38.31617, -12.71458, 0.0 ], [ -38.31618, -12.71458, 0.0 ], [ -38.31622, -12.71446, 0.0 ], [ -38.3163, -12.71429, 0.0 ], [ -38.31633, -12.71417, 0.0 ], [ -38.31633, -12.71399, 0.0 ], [ -38.31631, -12.71373, 0.0 ], [ -38.31628, -12.71345, 0.0 ], [ -38.31626, -12.71345, 0.0 ], [ -38.31625, -12.71333, 0.0 ], [ -38.31621, -12.71318, 0.0 ], [ -38.31462, -12.71321, 0.0 ] ] ] ] } },
{ "type": "Feature", "properties": { "Id": 33, "Name": "ZEIS - Ponto Certo", "DISTRITO": "SEDE", "categoria": "ZEIS", "perímetro_ellip_m": 1139.1, "área_ellip_m²": 41709.7 }, "geometry": { "type": "MultiPolygon", "coordinates": [ [ [ [ -38.31656, -12.7154, 0.0 ], [ -38.31658, -12.71544, 0.0 ], [ -38.31666, -12.71542, 0.0 ], [ -38.31674, -12.71542, 0.0 ], [ -38.31683, -12.71544, 0.0 ], [ -38.3169, -12.71547, 0.0 ], [ -38.31694, -12.71549, 0.0 ], [ -38.31696, -12.71552, 0.0 ], [ -38.31699, -12.71555, 0.0 ], [ -38.31704, -12.71555, 0.0 ], [ -38.31709, -12.71551, 0.0 ], [ -38.31715, -12.7155, 0.0 ], [ -38.31719, -12.71553, 0.0 ], [ -38.31721, -12.71556, 0.0 ], [ -38.3172, -12.71559, 0.0 ], [ -38.3172, -12.71562, 0.0 ], [ -38.31721, -12.71565, 0.0 ], [ -38.31728, -12.71568, 0.0 ], [ -38.31736, -12.71571, 0.0 ], [ -38.31742, -12.71575, 0.0 ], [ -38.31749, -12.71582, 0.0 ], [ -38.31756, -12.71587, 0.0 ], [ -38.31769, -12.71594, 0.0 ], [ -38.31773, -12.71593, 0.0 ], [ -38.31778, -12.71599, 0.0 ], [ -38.31788, -12.71592, 0.0 ], [ -38.31777, -12.71544, 0.0 ], [ -38.31764, -12.71496, 0.0 ], [ -38.31751, -12.71443, 0.0 ], [ -38.31738, -12.71397, 0.0 ], [ -38.31735, -12.71359, 0.0 ], [ -38.31738, -12.71332, 0.0 ], [ -38.31741, -12.71315, 0.0 ], [ -38.31748, -12.71292, 0.0 ], [ -38.31757, -12.71274, 0.0 ], [ -38.31771, -12.71247, 0.0 ], [ -38.31784, -12.71223, 0.0 ], [ -38.318, -12.712, 0.0 ], [ -38.31778, -12.71197, 0.0 ], [ -38.31745, -12.71225, 0.0 ], [ -38.31718, -12.71256, 0.0 ], [ -38.31702, -12.71289, 0.0 ], [ -38.31667, -12.71305, 0.0 ], [ -38.31628, -12.71345, 0.0 ], [ -38.31631, -12.71373, 0.0 ], [ -38.31633, -12.71399, 0.0 ], [ -38.31633, -12.71417, 0.0 ], [ -38.3163, -12.71429, 0.0 ], [ -38.31622, -12.71446, 0.0 ], [ -38.31618, -12.71458, 0.0 ], [ -38.31618, -12.71458, 0.0 ], [ -38.3162, -12.71464, 0.0 ], [ -38.3163, -12.7147, 0.0 ], [ -38.31633, -12.71477, 0.0 ], [ -38.31637, -12.71494, 0.0 ], [ -38.3164, -12.71505, 0.0 ], [ -38.31647, -12.71511, 0.0 ], [ -38.31651, -12.71518, 0.0 ], [ -38.31644, -12.71524, 0.0 ], [ -38.31643, -12.71532, 0.0 ], [ -38.31647, -12.71536, 0.0 ], [ -38.31656, -12.7154, 0.0 ] ] ] ] } },
{ "type": "Feature", "properties": { "Id": 34, "Name": "ZEIS - Sucupió", "DISTRITO": "ABRANTES", "categoria": "ZEIS", "perímetro_ellip_m": 1853.3, "área_ellip_m²": 97507.3 }, "geometry": { "type": "MultiPolygon", "coordinates": [ [ [ [ -38.28173, -12.85231, 0.0 ], [ -38.28216, -12.85269, 0.0 ], [ -38.28116, -12.85412, 0.0 ], [ -38.28097, -12.8543, 0.0 ], [ -38.28109, -12.85459, 0.0 ], [ -38.28196, -12.85516, 0.0 ], [ -38.28202, -12.85519, 0.0 ], [ -38.28213, -12.85524, 0.0 ], [ -38.28226, -12.85527, 0.0 ], [ -38.2824, -12.85529, 0.0 ], [ -38.28258, -12.85529, 0.0 ], [ -38.28269, -12.85531, 0.0 ], [ -38.28278, -12.85533, 0.0 ], [ -38.28285, -12.85536, 0.0 ], [ -38.28291, -12.8554, 0.0 ], [ -38.28299, -12.85548, 0.0 ], [ -38.28307, -12.85554, 0.0 ], [ -38.28312, -12.85559, 0.0 ], [ -38.2832, -12.85563, 0.0 ], [ -38.28327, -12.85565, 0.0 ], [ -38.28337, -12.85568, 0.0 ], [ -38.28348, -12.85567, 0.0 ], [ -38.28362, -12.85565, 0.0 ], [ -38.28379, -12.85561, 0.0 ], [ -38.284, -12.85556, 0.0 ], [ -38.28415, -12.85555, 0.0 ], [ -38.28443, -12.85554, 0.0 ], [ -38.28327, -12.85288, 0.0 ], [ -38.28315, -12.85278, 0.0 ], [ -38.28306, -12.85269, 0.0 ], [ -38.28283, -12.85224, 0.0 ], [ -38.28231, -12.85232, 0.0 ], [ -38.28223, -12.85223, 0.0 ], [ -38.2819, -12.85179, 0.0 ], [ -38.28132, -12.85109, 0.0 ], [ -38.28041, -12.85027, 0.0 ], [ -38.28011, -12.85013, 0.0 ], [ -38.27996, -12.85024, 0.0 ], [ -38.28025, -12.85063, 0.0 ], [ -38.28027, -12.8509, 0.0 ], [ -38.28052, -12.8513, 0.0 ], [ -38.28071, -12.85145, 0.0 ], [ -38.28101, -12.85166, 0.0 ], [ -38.28125, -12.85182, 0.0 ], [ -38.28141, -12.85197, 0.0 ], [ -38.28173, -12.85231, 0.0 ] ] ] ] } },
{ "type": "Feature", "properties": { "Id": 35, "Name": "ZEIS - Mutirão Simara Hellery", "DISTRITO": "ABRANTES", "categoria": "ZEIS", "perímetro_ellip_m": 1048.6, "área_ellip_m²": 56161.4 }, "geometry": { "type": "MultiPolygon", "coordinates": [ [ [ [ -38.28191, -12.85519, 0.0 ], [ -38.28105, -12.85634, 0.0 ], [ -38.28128, -12.8569, 0.0 ], [ -38.28142, -12.8572, 0.0 ], [ -38.28163, -12.85735, 0.0 ], [ -38.28189, -12.8575, 0.0 ], [ -38.28202, -12.85812, 0.0 ], [ -38.28222, -12.85809, 0.0 ], [ -38.28247, -12.85789, 0.0 ], [ -38.2827, -12.85767, 0.0 ], [ -38.28286, -12.85737, 0.0 ], [ -38.28313, -12.85699, 0.0 ], [ -38.28368, -12.85609, 0.0 ], [ -38.28398, -12.8561, 0.0 ], [ -38.28407, -12.85599, 0.0 ], [ -38.28414, -12.85586, 0.0 ], [ -38.28422, -12.85562, 0.0 ], [ -38.28392, -12.85564, 0.0 ], [ -38.28363, -12.85569, 0.0 ], [ -38.28343, -12.85573, 0.0 ], [ -38.28328, -12.85571, 0.0 ], [ -38.28311, -12.85563, 0.0 ], [ -38.28298, -12.85555, 0.0 ], [ -38.28289, -12.85545, 0.0 ], [ -38.28277, -12.85537, 0.0 ], [ -38.28261, -12.85535, 0.0 ], [ -38.28246, -12.85534, 0.0 ], [ -38.28232, -12.85533, 0.0 ], [ -38.28215, -12.8553, 0.0 ], [ -38.28203, -12.85526, 0.0 ], [ -38.28191, -12.85519, 0.0 ] ] ] ] } },
{ "type": "Feature", "properties": { "Id": 36, "Name": "ZEIS - Sítio Fradinho", "DISTRITO": "ABRANTES", "categoria": "ZEIS", "perímetro_ellip_m": 1342.1, "área_ellip_m²": 61502.8 }, "geometry": { "type": "MultiPolygon", "coordinates": [ [ [ [ -38.25908, -12.8328, 0.0 ], [ -38.25913, -12.83288, 0.0 ], [ -38.2596, -12.83239, 0.0 ], [ -38.25979, -12.83219, 0.0 ], [ -38.26023, -12.83173, 0.0 ], [ -38.25981, -12.83143, 0.0 ], [ -38.25948, -12.83129, 0.0 ], [ -38.25937, -12.83107, 0.0 ], [ -38.25915, -12.83091, 0.0 ], [ -38.25885, -12.83071, 0.0 ], [ -38.25853, -12.83052, 0.0 ], [ -38.25843, -12.83036, 0.0 ], [ -38.25818, -12.83022, 0.0 ], [ -38.258, -12.83009, 0.0 ], [ -38.25774, -12.83001, 0.0 ], [ -38.25748, -12.82989, 0.0 ], [ -38.25715, -12.82973, 0.0 ], [ -38.25678, -12.8296, 0.0 ], [ -38.25642, -12.82948, 0.0 ], [ -38.25606, -12.82931, 0.0 ], [ -38.25555, -12.83011, 0.0 ], [ -38.25555, -12.83017, 0.0 ], [ -38.25558, -12.83027, 0.0 ], [ -38.25567, -12.83031, 0.0 ], [ -38.25586, -12.83036, 0.0 ], [ -38.25598, -12.83041, 0.0 ], [ -38.25619, -12.83045, 0.0 ], [ -38.25659, -12.83051, 0.0 ], [ -38.25696, -12.8306, 0.0 ], [ -38.25731, -12.83074, 0.0 ], [ -38.25754, -12.83087, 0.0 ], [ -38.25775, -12.83106, 0.0 ], [ -38.25821, -12.83161, 0.0 ], [ -38.25838, -12.83178, 0.0 ], [ -38.25858, -12.83209, 0.0 ], [ -38.25908, -12.8328, 0.0 ] ] ] ] } },
{ "type": "Feature", "properties": { "Id": 37, "Name": "ZEIS - Nova Abrantes", "DISTRITO": "ABRANTES", "categoria": "ZEIS", "perímetro_ellip_m": 1496.3, "área_ellip_m²": 108897.3 }, "geometry": { "type": "MultiPolygon", "coordinates": [ [ [ [ -38.26482, -12.8395, 0.0 ], [ -38.26484, -12.83982, 0.0 ], [ -38.26478, -12.83982, 0.0 ], [ -38.26476, -12.83983, 0.0 ], [ -38.26478, -12.84005, 0.0 ], [ -38.26479, -12.84012, 0.0 ], [ -38.2648, -12.84027, 0.0 ], [ -38.2648, -12.84037, 0.0 ], [ -38.26481, -12.84044, 0.0 ], [ -38.26484, -12.84048, 0.0 ], [ -38.26486, -12.84052, 0.0 ], [ -38.26488, -12.84053, 0.0 ], [ -38.26488, -12.84053, 0.0 ], [ -38.26488, -12.84053, 0.0 ], [ -38.2649, -12.84055, 0.0 ], [ -38.26492, -12.84057, 0.0 ], [ -38.26492, -12.84057, 0.0 ], [ -38.26501, -12.8405, 0.0 ], [ -38.26509, -12.84045, 0.0 ], [ -38.2652, -12.84035, 0.0 ], [ -38.26528, -12.84029, 0.0 ], [ -38.26533, -12.84026, 0.0 ], [ -38.26545, -12.8402, 0.0 ], [ -38.26557, -12.84011, 0.0 ], [ -38.2656, -12.84009, 0.0 ], [ -38.26557, -12.84004, 0.0 ], [ -38.2674, -12.83834, 0.0 ], [ -38.26712, -12.83802, 0.0 ], [ -38.26688, -12.83768, 0.0 ], [ -38.26673, -12.83741, 0.0 ], [ -38.26635, -12.83686, 0.0 ], [ -38.26573, -12.83595, 0.0 ], [ -38.26504, -12.83502, 0.0 ], [ -38.26488, -12.83534, 0.0 ], [ -38.26468, -12.83578, 0.0 ], [ -38.2644, -12.8362, 0.0 ], [ -38.26414, -12.8366, 0.0 ], [ -38.26398, -12.83689, 0.0 ], [ -38.26414, -12.83716, 0.0 ], [ -38.26427, -12.83744, 0.0 ], [ -38.26442, -12.83776, 0.0 ], [ -38.26461, -12.83831, 0.0 ], [ -38.26473, -12.83873, 0.0 ], [ -38.26477, -12.83906, 0.0 ], [ -38.26482, -12.8395, 0.0 ] ] ] ] } },
{ "type": "Feature", "properties": { "Id": 38, "Name": "ZEIS - MALÍCIA", "DISTRITO": "ABRANTES", "categoria": "ZEIS", "perímetro_ellip_m": 704.5, "área_ellip_m²": 29480.2 }, "geometry": { "type": "MultiPolygon", "coordinates": [ [ [ [ -38.26235, -12.82545, 0.0 ], [ -38.26288, -12.82564, 0.0 ], [ -38.26326, -12.82469, 0.0 ], [ -38.263, -12.82445, 0.0 ], [ -38.26277, -12.82418, 0.0 ], [ -38.2625, -12.82392, 0.0 ], [ -38.26225, -12.82365, 0.0 ], [ -38.26165, -12.82421, 0.0 ], [ -38.2609, -12.8249, 0.0 ], [ -38.26105, -12.825, 0.0 ], [ -38.26137, -12.82512, 0.0 ], [ -38.26178, -12.82526, 0.0 ], [ -38.26235, -12.82545, 0.0 ] ] ] ] } },
{ "type": "Feature", "properties": { "Id": 39, "Name": "ZEIS - Alto da Bela Vista", "DISTRITO": "ABRANTES", "categoria": "ZEIS", "perímetro_ellip_m": 1336.1, "área_ellip_m²": 67539.1 }, "geometry": { "type": "MultiPolygon", "coordinates": [ [ [ [ -38.23661, -12.8212, 0.0 ], [ -38.23647, -12.82145, 0.0 ], [ -38.23632, -12.82141, 0.0 ], [ -38.23624, -12.82171, 0.0 ], [ -38.23615, -12.82211, 0.0 ], [ -38.23606, -12.82253, 0.0 ], [ -38.23593, -12.82281, 0.0 ], [ -38.23597, -12.82285, 0.0 ], [ -38.23632, -12.82291, 0.0 ], [ -38.23628, -12.82314, 0.0 ], [ -38.23619, -12.82323, 0.0 ], [ -38.23596, -12.82361, 0.0 ], [ -38.23583, -12.82401, 0.0 ], [ -38.23567, -12.82431, 0.0 ], [ -38.23593, -12.82446, 0.0 ], [ -38.23599, -12.82455, 0.0 ], [ -38.23583, -12.82474, 0.0 ], [ -38.23573, -12.82496, 0.0 ], [ -38.23601, -12.82514, 0.0 ], [ -38.23645, -12.82463, 0.0 ], [ -38.23671, -12.82438, 0.0 ], [ -38.23686, -12.82416, 0.0 ], [ -38.23714, -12.82387, 0.0 ], [ -38.23728, -12.82368, 0.0 ], [ -38.23755, -12.82335, 0.0 ], [ -38.23781, -12.82303, 0.0 ], [ -38.23836, -12.82237, 0.0 ], [ -38.23881, -12.82181, 0.0 ], [ -38.23851, -12.82164, 0.0 ], [ -38.2382, -12.82144, 0.0 ], [ -38.23793, -12.82176, 0.0 ], [ -38.23775, -12.82144, 0.0 ], [ -38.23741, -12.82147, 0.0 ], [ -38.23705, -12.82145, 0.0 ], [ -38.23684, -12.82129, 0.0 ], [ -38.23661, -12.8212, 0.0 ] ] ] ] } },
{ "type": "Feature", "properties": { "Id": 40, "Name": "ZEIS - Bela Vista", "DISTRITO": "ABRANTES", "categoria": "ZEIS", "perímetro_ellip_m": 2750.7, "área_ellip_m²": 231321.9 }, "geometry": { "type": "MultiPolygon", "coordinates": [ [ [ [ -38.24068, -12.82065, 0.0 ], [ -38.24022, -12.82073, 0.0 ], [ -38.24003, -12.82052, 0.0 ], [ -38.23933, -12.82079, 0.0 ], [ -38.23899, -12.82086, 0.0 ], [ -38.23854, -12.82127, 0.0 ], [ -38.23851, -12.82164, 0.0 ], [ -38.23881, -12.82181, 0.0 ], [ -38.23836, -12.82237, 0.0 ], [ -38.23781, -12.82303, 0.0 ], [ -38.23755, -12.82335, 0.0 ], [ -38.23728, -12.82368, 0.0 ], [ -38.23714, -12.82387, 0.0 ], [ -38.23686, -12.82416, 0.0 ], [ -38.23671, -12.82438, 0.0 ], [ -38.23645, -12.82463, 0.0 ], [ -38.23601, -12.82514, 0.0 ], [ -38.23674, -12.82576, 0.0 ], [ -38.23687, -12.82579, 0.0 ], [ -38.23731, -12.82606, 0.0 ], [ -38.23768, -12.82559, 0.0 ], [ -38.23854, -12.82627, 0.0 ], [ -38.23892, -12.82646, 0.0 ], [ -38.23957, -12.82515, 0.0 ], [ -38.23918, -12.82495, 0.0 ], [ -38.23962, -12.82439, 0.0 ], [ -38.23939, -12.82419, 0.0 ], [ -38.23904, -12.82396, 0.0 ], [ -38.23954, -12.82321, 0.0 ], [ -38.23989, -12.82337, 0.0 ], [ -38.24031, -12.82368, 0.0 ], [ -38.24062, -12.82335, 0.0 ], [ -38.24067, -12.82293, 0.0 ], [ -38.241, -12.82286, 0.0 ], [ -38.24131, -12.82295, 0.0 ], [ -38.24151, -12.82295, 0.0 ], [ -38.24193, -12.8228, 0.0 ], [ -38.24315, -12.82318, 0.0 ], [ -38.24365, -12.82255, 0.0 ], [ -38.24391, -12.8217, 0.0 ], [ -38.24375, -12.82162, 0.0 ], [ -38.24309, -12.8213, 0.0 ], [ -38.24217, -12.82093, 0.0 ], [ -38.24151, -12.82045, 0.0 ], [ -38.24114, -12.82053, 0.0 ], [ -38.241, -12.82057, 0.0 ], [ -38.24068, -12.82065, 0.0 ] ] ] ] } },
{ "type": "Feature", "properties": { "Id": 41, "Name": "ZEIS - Capivara de Areias", "DISTRITO": "ABRANTES", "categoria": "ZEIS", "perímetro_ellip_m": 1130.8, "área_ellip_m²": 62001.3 }, "geometry": { "type": "MultiPolygon", "coordinates": [ [ [ [ -38.23084, -12.79774, 0.0 ], [ -38.23082, -12.79788, 0.0 ], [ -38.23084, -12.79802, 0.0 ], [ -38.23087, -12.79815, 0.0 ], [ -38.23093, -12.79824, 0.0 ], [ -38.23098, -12.79837, 0.0 ], [ -38.23107, -12.79844, 0.0 ], [ -38.2311, -12.79846, 0.0 ], [ -38.23117, -12.79855, 0.0 ], [ -38.23119, -12.79856, 0.0 ], [ -38.23123, -12.79861, 0.0 ], [ -38.23122, -12.7987, 0.0 ], [ -38.23111, -12.79886, 0.0 ], [ -38.2311, -12.79893, 0.0 ], [ -38.23111, -12.79903, 0.0 ], [ -38.23116, -12.79907, 0.0 ], [ -38.23123, -12.79915, 0.0 ], [ -38.23291, -12.80006, 0.0 ], [ -38.23303, -12.79984, 0.0 ], [ -38.23335, -12.79931, 0.0 ], [ -38.23359, -12.79896, 0.0 ], [ -38.23352, -12.79885, 0.0 ], [ -38.23342, -12.79867, 0.0 ], [ -38.23339, -12.79852, 0.0 ], [ -38.23341, -12.79839, 0.0 ], [ -38.23348, -12.79832, 0.0 ], [ -38.23361, -12.79822, 0.0 ], [ -38.23373, -12.79812, 0.0 ], [ -38.23381, -12.79802, 0.0 ], [ -38.23386, -12.79791, 0.0 ], [ -38.23386, -12.79777, 0.0 ], [ -38.23384, -12.79766, 0.0 ], [ -38.23374, -12.79755, 0.0 ], [ -38.23368, -12.79747, 0.0 ], [ -38.23361, -12.79736, 0.0 ], [ -38.23353, -12.79732, 0.0 ], [ -38.23345, -12.79728, 0.0 ], [ -38.23339, -12.79728, 0.0 ], [ -38.23324, -12.7973, 0.0 ], [ -38.23313, -12.79734, 0.0 ], [ -38.23308, -12.79736, 0.0 ], [ -38.23305, -12.79743, 0.0 ], [ -38.233, -12.79753, 0.0 ], [ -38.23298, -12.7976, 0.0 ], [ -38.23296, -12.79768, 0.0 ], [ -38.23292, -12.79776, 0.0 ], [ -38.23288, -12.79781, 0.0 ], [ -38.23278, -12.79785, 0.0 ], [ -38.23266, -12.79782, 0.0 ], [ -38.2326, -12.79778, 0.0 ], [ -38.23259, -12.79776, 0.0 ], [ -38.23257, -12.79774, 0.0 ], [ -38.23249, -12.7976, 0.0 ], [ -38.23242, -12.79752, 0.0 ], [ -38.23237, -12.79742, 0.0 ], [ -38.23226, -12.79727, 0.0 ], [ -38.2322, -12.79727, 0.0 ], [ -38.23214, -12.79728, 0.0 ], [ -38.23214, -12.79729, 0.0 ], [ -38.23213, -12.79731, 0.0 ], [ -38.23208, -12.79743, 0.0 ], [ -38.23192, -12.79754, 0.0 ], [ -38.23165, -12.79765, 0.0 ], [ -38.2314, -12.79769, 0.0 ], [ -38.23124, -12.79769, 0.0 ], [ -38.23111, -12.79772, 0.0 ], [ -38.23104, -12.79772, 0.0 ], [ -38.23095, -12.79772, 0.0 ], [ -38.23084, -12.79774, 0.0 ] ] ] ] } },
{ "type": "Feature", "properties": { "Id": 42, "Name": "ZEIS - Mutirão de Areias", "DISTRITO": "ABRANTES", "categoria": "ZEIS", "perímetro_ellip_m": 799.6, "área_ellip_m²": 33060.2 }, "geometry": { "type": "MultiPolygon", "coordinates": [ [ [ [ -38.22983, -12.80588, 0.0 ], [ -38.22992, -12.80593, 0.0 ], [ -38.23007, -12.8057, 0.0 ], [ -38.2301, -12.80564, 0.0 ], [ -38.23014, -12.80554, 0.0 ], [ -38.23016, -12.80544, 0.0 ], [ -38.23019, -12.80523, 0.0 ], [ -38.23018, -12.80487, 0.0 ], [ -38.23024, -12.8047, 0.0 ], [ -38.22989, -12.80451, 0.0 ], [ -38.22949, -12.80428, 0.0 ], [ -38.22907, -12.80405, 0.0 ], [ -38.22808, -12.80356, 0.0 ], [ -38.22773, -12.80433, 0.0 ], [ -38.22983, -12.80588, 0.0 ] ] ] ] } },
{ "type": "Feature", "properties": { "Id": 43, "Name": "ZEIS - Caraúnas", "DISTRITO": "ABRANTES", "categoria": "ZEIS", "perímetro_ellip_m": 2190.2, "área_ellip_m²": 207851.9 }, "geometry": { "type": "MultiPolygon", "coordinates": [ [ [ [ -38.18012, -12.77191, 0.0 ], [ -38.1802, -12.77196, 0.0 ], [ -38.18021, -12.77195, 0.0 ], [ -38.18026, -12.77191, 0.0 ], [ -38.18044, -12.77206, 0.0 ], [ -38.18046, -12.77213, 0.0 ], [ -38.18026, -12.77228, 0.0 ], [ -38.18056, -12.77271, 0.0 ], [ -38.18063, -12.77281, 0.0 ], [ -38.18064, -12.77281, 0.0 ], [ -38.18068, -12.77286, 0.0 ], [ -38.18063, -12.7729, 0.0 ], [ -38.18069, -12.77298, 0.0 ], [ -38.1808, -12.77315, 0.0 ], [ -38.18031, -12.77337, 0.0 ], [ -38.18036, -12.77349, 0.0 ], [ -38.18027, -12.7736, 0.0 ], [ -38.1804, -12.77366, 0.0 ], [ -38.18046, -12.77386, 0.0 ], [ -38.18053, -12.77401, 0.0 ], [ -38.1806, -12.7741, 0.0 ], [ -38.18067, -12.77411, 0.0 ], [ -38.18069, -12.7741, 0.0 ], [ -38.18075, -12.77408, 0.0 ], [ -38.18077, -12.77412, 0.0 ], [ -38.18086, -12.77429, 0.0 ], [ -38.18089, -12.77435, 0.0 ], [ -38.18095, -12.77433, 0.0 ], [ -38.18112, -12.7745, 0.0 ], [ -38.18134, -12.77443, 0.0 ], [ -38.18152, -12.77469, 0.0 ], [ -38.18176, -12.77502, 0.0 ], [ -38.18203, -12.77521, 0.0 ], [ -38.18209, -12.77524, 0.0 ], [ -38.18228, -12.77536, 0.0 ], [ -38.18241, -12.77545, 0.0 ], [ -38.18265, -12.77552, 0.0 ], [ -38.18292, -12.77554, 0.0 ], [ -38.18316, -12.77563, 0.0 ], [ -38.18329, -12.77564, 0.0 ], [ -38.18338, -12.77577, 0.0 ], [ -38.1834, -12.77596, 0.0 ], [ -38.18347, -12.77608, 0.0 ], [ -38.18379, -12.77652, 0.0 ], [ -38.18398, -12.77647, 0.0 ], [ -38.18413, -12.77624, 0.0 ], [ -38.18397, -12.77604, 0.0 ], [ -38.1845, -12.77563, 0.0 ], [ -38.18501, -12.77525, 0.0 ], [ -38.18518, -12.77506, 0.0 ], [ -38.18521, -12.77494, 0.0 ], [ -38.18526, -12.77477, 0.0 ], [ -38.18528, -12.7747, 0.0 ], [ -38.18534, -12.7746, 0.0 ], [ -38.18542, -12.7745, 0.0 ], [ -38.18546, -12.77438, 0.0 ], [ -38.18545, -12.77431, 0.0 ], [ -38.18541, -12.77422, 0.0 ], [ -38.1855, -12.77395, 0.0 ], [ -38.18554, -12.7738, 0.0 ], [ -38.18559, -12.77368, 0.0 ], [ -38.18563, -12.77362, 0.0 ], [ -38.18564, -12.77362, 0.0 ], [ -38.18575, -12.77367, 0.0 ], [ -38.18586, -12.77349, 0.0 ], [ -38.18585, -12.77346, 0.0 ], [ -38.18567, -12.77336, 0.0 ], [ -38.18576, -12.77329, 0.0 ], [ -38.18571, -12.77322, 0.0 ], [ -38.18555, -12.77307, 0.0 ], [ -38.18547, -12.77302, 0.0 ], [ -38.18539, -12.77297, 0.0 ], [ -38.18506, -12.77277, 0.0 ], [ -38.18483, -12.77262, 0.0 ], [ -38.18481, -12.77259, 0.0 ], [ -38.18483, -12.77257, 0.0 ], [ -38.18476, -12.7725, 0.0 ], [ -38.18476, -12.77248, 0.0 ], [ -38.18478, -12.77224, 0.0 ], [ -38.18043, -12.77128, 0.0 ], [ -38.17975, -12.77114, 0.0 ], [ -38.17978, -12.77116, 0.0 ], [ -38.17995, -12.77134, 0.0 ], [ -38.18014, -12.77154, 0.0 ], [ -38.17997, -12.77177, 0.0 ], [ -38.18012, -12.77191, 0.0 ] ] ] ] } },
{ "type": "Feature", "properties": { "Id": 44, "Name": "ZEIS - Jacuípe", "DISTRITO": "MONTE GORDO", "categoria": "ZEIS", "perímetro_ellip_m": 542.7, "área_ellip_m²": 16765.3 }, "geometry": { "type": "MultiPolygon", "coordinates": [ [ [ [ -38.12994, -12.69897, 0.0 ], [ -38.13004, -12.69904, 0.0 ], [ -38.13009, -12.69901, 0.0 ], [ -38.13057, -12.6985, 0.0 ], [ -38.13021, -12.69819, 0.0 ], [ -38.13041, -12.69796, 0.0 ], [ -38.12994, -12.69758, 0.0 ], [ -38.12968, -12.6975, 0.0 ], [ -38.12908, -12.69775, 0.0 ], [ -38.12886, -12.69796, 0.0 ], [ -38.12959, -12.69866, 0.0 ], [ -38.12994, -12.69897, 0.0 ] ] ] ] } },
{ "type": "Feature", "properties": { "Id": 45, "Name": "ZEIS - São Bento", "DISTRITO": "MONTE GORDO", "categoria": "ZEIS", "perímetro_ellip_m": 1308.6, "área_ellip_m²": 51961.0 }, "geometry": { "type": "MultiPolygon", "coordinates": [ [ [ [ -38.10255, -12.65821, 0.0 ], [ -38.10204, -12.65941, 0.0 ], [ -38.10119, -12.65926, 0.0 ], [ -38.10098, -12.65917, 0.0 ], [ -38.10065, -12.65913, 0.0 ], [ -38.10064, -12.6594, 0.0 ], [ -38.10092, -12.66005, 0.0 ], [ -38.10132, -12.66095, 0.0 ], [ -38.10385, -12.6589, 0.0 ], [ -38.10363, -12.65873, 0.0 ], [ -38.10348, -12.65855, 0.0 ], [ -38.10329, -12.65814, 0.0 ], [ -38.10316, -12.65777, 0.0 ], [ -38.10305, -12.6575, 0.0 ], [ -38.10296, -12.65729, 0.0 ], [ -38.10272, -12.65684, 0.0 ], [ -38.10265, -12.65678, 0.0 ], [ -38.10247, -12.65817, 0.0 ], [ -38.10255, -12.65821, 0.0 ] ] ] ] } },
{ "type": "Feature", "properties": { "Id": 46, "Name": "ZEIS - Areal / Antares", "DISTRITO": "MONTE GORDO", "categoria": "ZEIS", "perímetro_ellip_m": 3711.7, "área_ellip_m²": 594488.8 }, "geometry": { "type": "MultiPolygon", "coordinates": [ [ [ [ -38.04664, -12.60108, 0.0 ], [ -38.04718, -12.60215, 0.0 ], [ -38.04853, -12.60135, 0.0 ], [ -38.04918, -12.60239, 0.0 ], [ -38.04908, -12.60244, 0.0 ], [ -38.05006, -12.60392, 0.0 ], [ -38.05019, -12.60385, 0.0 ], [ -38.05057, -12.60445, 0.0 ], [ -38.05179, -12.60353, 0.0 ], [ -38.05306, -12.60263, 0.0 ], [ -38.05379, -12.60208, 0.0 ], [ -38.05367, -12.60194, 0.0 ], [ -38.05337, -12.6016, 0.0 ], [ -38.05327, -12.60146, 0.0 ], [ -38.05292, -12.60109, 0.0 ], [ -38.0524, -12.60057, 0.0 ], [ -38.05153, -12.59973, 0.0 ], [ -38.05131, -12.59958, 0.0 ], [ -38.05116, -12.59945, 0.0 ], [ -38.05102, -12.59918, 0.0 ], [ -38.05082, -12.59902, 0.0 ], [ -38.05054, -12.5988, 0.0 ], [ -38.0499, -12.59822, 0.0 ], [ -38.04969, -12.59791, 0.0 ], [ -38.04902, -12.59713, 0.0 ], [ -38.04872, -12.5967, 0.0 ], [ -38.04848, -12.59618, 0.0 ], [ -38.04846, -12.5952, 0.0 ], [ -38.0484, -12.59512, 0.0 ], [ -38.04832, -12.59504, 0.0 ], [ -38.04823, -12.59494, 0.0 ], [ -38.04799, -12.59471, 0.0 ], [ -38.04775, -12.59455, 0.0 ], [ -38.04722, -12.59425, 0.0 ], [ -38.04673, -12.59404, 0.0 ], [ -38.04625, -12.59385, 0.0 ], [ -38.04588, -12.59365, 0.0 ], [ -38.0456, -12.59348, 0.0 ], [ -38.04507, -12.59303, 0.0 ], [ -38.04392, -12.59375, 0.0 ], [ -38.0435, -12.59427, 0.0 ], [ -38.04326, -12.59472, 0.0 ], [ -38.04308, -12.59523, 0.0 ], [ -38.04325, -12.5959, 0.0 ], [ -38.04509, -12.59857, 0.0 ], [ -38.04563, -12.59909, 0.0 ], [ -38.04628, -12.6, 0.0 ], [ -38.0466, -12.60088, 0.0 ], [ -38.04664, -12.60108, 0.0 ] ] ] ] } },
{ "type": "Feature", "properties": { "Id": 47, "Name": "ZEIS - Recreio das Águas", "DISTRITO": "MONTE GORDO", "categoria": "ZEIS", "perímetro_ellip_m": 1409.7, "área_ellip_m²": 79792.6 }, "geometry": { "type": "MultiPolygon", "coordinates": [ [ [ [ -38.03602, -12.59224, 0.0 ], [ -38.03591, -12.59299, 0.0 ], [ -38.03593, -12.59319, 0.0 ], [ -38.03586, -12.5932, 0.0 ], [ -38.03587, -12.59362, 0.0 ], [ -38.03608, -12.59358, 0.0 ], [ -38.03611, -12.59358, 0.0 ], [ -38.03619, -12.59393, 0.0 ], [ -38.03668, -12.59376, 0.0 ], [ -38.03781, -12.59339, 0.0 ], [ -38.03793, -12.59379, 0.0 ], [ -38.03815, -12.59397, 0.0 ], [ -38.03842, -12.59377, 0.0 ], [ -38.03862, -12.59407, 0.0 ], [ -38.03929, -12.59362, 0.0 ], [ -38.03886, -12.59296, 0.0 ], [ -38.0388, -12.5929, 0.0 ], [ -38.03871, -12.59284, 0.0 ], [ -38.03866, -12.59281, 0.0 ], [ -38.0385, -12.59288, 0.0 ], [ -38.03788, -12.59184, 0.0 ], [ -38.03846, -12.59142, 0.0 ], [ -38.03812, -12.59057, 0.0 ], [ -38.03736, -12.59072, 0.0 ], [ -38.03697, -12.59101, 0.0 ], [ -38.03673, -12.59147, 0.0 ], [ -38.03643, -12.59179, 0.0 ], [ -38.03618, -12.59198, 0.0 ], [ -38.03602, -12.59224, 0.0 ] ] ] ] } },
{ "type": "Feature", "properties": { "Id": 48, "Name": "ZEIS - Rio Pojuca", "DISTRITO": "MONTE GORDO", "categoria": "ZEIS", "perímetro_ellip_m": 1340.7, "área_ellip_m²": 90255.1 }, "geometry": { "type": "MultiPolygon", "coordinates": [ [ [ [ -38.03733, -12.58982, 0.0 ], [ -38.03769, -12.59065, 0.0 ], [ -38.04, -12.5902, 0.0 ], [ -38.04029, -12.59019, 0.0 ], [ -38.0417, -12.59007, 0.0 ], [ -38.04156, -12.58912, 0.0 ], [ -38.04121, -12.58745, 0.0 ], [ -38.04062, -12.58753, 0.0 ], [ -38.03963, -12.58825, 0.0 ], [ -38.03903, -12.58887, 0.0 ], [ -38.03733, -12.58982, 0.0 ] ] ] ] } },
{ "type": "Feature", "properties": { "Id": 49, "Name": "ZEIS - Morrinhos", "DISTRITO": "MONTE GORDO", "categoria": "ZEIS", "perímetro_ellip_m": 2632.1, "área_ellip_m²": 381195.3 }, "geometry": { "type": "MultiPolygon", "coordinates": [ [ [ [ -38.05628, -12.58933, 0.0 ], [ -38.05525, -12.58989, 0.0 ], [ -38.05475, -12.58959, 0.0 ], [ -38.0541, -12.58985, 0.0 ], [ -38.05371, -12.59029, 0.0 ], [ -38.05347, -12.59094, 0.0 ], [ -38.05342, -12.59159, 0.0 ], [ -38.05301, -12.5925, 0.0 ], [ -38.05343, -12.59268, 0.0 ], [ -38.05468, -12.5932, 0.0 ], [ -38.05492, -12.5933, 0.0 ], [ -38.05569, -12.59416, 0.0 ], [ -38.0565, -12.59495, 0.0 ], [ -38.05755, -12.5959, 0.0 ], [ -38.05825, -12.59653, 0.0 ], [ -38.05845, -12.59672, 0.0 ], [ -38.05867, -12.59698, 0.0 ], [ -38.059, -12.59645, 0.0 ], [ -38.05917, -12.59617, 0.0 ], [ -38.05893, -12.5955, 0.0 ], [ -38.05891, -12.59478, 0.0 ], [ -38.05873, -12.59444, 0.0 ], [ -38.05928, -12.5938, 0.0 ], [ -38.05956, -12.59357, 0.0 ], [ -38.05994, -12.59318, 0.0 ], [ -38.05995, -12.59308, 0.0 ], [ -38.06, -12.59274, 0.0 ], [ -38.06, -12.59247, 0.0 ], [ -38.05996, -12.59224, 0.0 ], [ -38.05999, -12.59213, 0.0 ], [ -38.06007, -12.59192, 0.0 ], [ -38.06006, -12.59186, 0.0 ], [ -38.06, -12.59177, 0.0 ], [ -38.05992, -12.59173, 0.0 ], [ -38.05982, -12.5914, 0.0 ], [ -38.05957, -12.59094, 0.0 ], [ -38.05934, -12.59033, 0.0 ], [ -38.05933, -12.59031, 0.0 ], [ -38.05865, -12.58933, 0.0 ], [ -38.05757, -12.58899, 0.0 ], [ -38.05628, -12.58933, 0.0 ] ] ] ] } },
{ "type": "Feature", "properties": { "Id": 50, "Name": "ZEIS - Alto da Conquista", "DISTRITO": "MONTE GORDO", "categoria": "ZEIS", "perímetro_ellip_m": 1389.8, "área_ellip_m²": 82084.2 }, "geometry": { "type": "MultiPolygon", "coordinates": [ [ [ [ -38.05665, -12.58367, 0.0 ], [ -38.05676, -12.58495, 0.0 ], [ -38.05694, -12.58507, 0.0 ], [ -38.05701, -12.58505, 0.0 ], [ -38.0574, -12.58488, 0.0 ], [ -38.05788, -12.58484, 0.0 ], [ -38.05837, -12.58506, 0.0 ], [ -38.05856, -12.58517, 0.0 ], [ -38.05888, -12.58472, 0.0 ], [ -38.05855, -12.58363, 0.0 ], [ -38.05789, -12.58285, 0.0 ], [ -38.05751, -12.58248, 0.0 ], [ -38.05736, -12.58209, 0.0 ], [ -38.05723, -12.58179, 0.0 ], [ -38.05694, -12.58144, 0.0 ], [ -38.05684, -12.58124, 0.0 ], [ -38.05686, -12.58105, 0.0 ], [ -38.05639, -12.58071, 0.0 ], [ -38.05601, -12.5804, 0.0 ], [ -38.05594, -12.5808, 0.0 ], [ -38.05594, -12.58113, 0.0 ], [ -38.0559, -12.58146, 0.0 ], [ -38.0559, -12.58176, 0.0 ], [ -38.05592, -12.58201, 0.0 ], [ -38.05597, -12.58227, 0.0 ], [ -38.05603, -12.58255, 0.0 ], [ -38.05617, -12.58292, 0.0 ], [ -38.05633, -12.58325, 0.0 ], [ -38.0565, -12.58347, 0.0 ], [ -38.05656, -12.58349, 0.0 ], [ -38.05665, -12.58367, 0.0 ] ] ] ] } },
{ "type": "Feature", "properties": { "Id": 51, "Name": "ZEIS - Jardim Itacimirim", "DISTRITO": "MONTE GORDO", "categoria": "ZEIS", "perímetro_ellip_m": 1992.3, "área_ellip_m²": 196456.1 }, "geometry": { "type": "MultiPolygon", "coordinates": [ [ [ [ -38.05044, -12.58622, 0.0 ], [ -38.05133, -12.58748, 0.0 ], [ -38.05168, -12.58776, 0.0 ], [ -38.05192, -12.58773, 0.0 ], [ -38.05257, -12.58733, 0.0 ], [ -38.05264, -12.58746, 0.0 ], [ -38.05315, -12.58837, 0.0 ], [ -38.05334, -12.58871, 0.0 ], [ -38.05366, -12.58868, 0.0 ], [ -38.05397, -12.58849, 0.0 ], [ -38.05448, -12.58792, 0.0 ], [ -38.05477, -12.58764, 0.0 ], [ -38.05542, -12.58803, 0.0 ], [ -38.05586, -12.58758, 0.0 ], [ -38.05619, -12.58713, 0.0 ], [ -38.05498, -12.58618, 0.0 ], [ -38.05399, -12.58563, 0.0 ], [ -38.05354, -12.58498, 0.0 ], [ -38.05223, -12.58415, 0.0 ], [ -38.05172, -12.58356, 0.0 ], [ -38.05093, -12.5837, 0.0 ], [ -38.05047, -12.58373, 0.0 ], [ -38.04998, -12.58443, 0.0 ], [ -38.05002, -12.58526, 0.0 ], [ -38.05044, -12.58622, 0.0 ] ] ] ] } },
{ "type": "Feature", "properties": { "Id": 52, "Name": "ZEIS - Fonte das Águas", "DISTRITO": "ABRANTES", "categoria": "ZEIS", "perímetro_ellip_m": 2301.2, "área_ellip_m²": 318881.0 }, "geometry": { "type": "MultiPolygon", "coordinates": [ [ [ [ -38.19228, -12.76338, 0.0 ], [ -38.19203, -12.76341, 0.0 ], [ -38.1914, -12.76333, 0.0 ], [ -38.19109, -12.76337, 0.0 ], [ -38.19073, -12.76339, 0.0 ], [ -38.19047, -12.76354, 0.0 ], [ -38.19005, -12.76374, 0.0 ], [ -38.18985, -12.76388, 0.0 ], [ -38.18963, -12.76404, 0.0 ], [ -38.18944, -12.76428, 0.0 ], [ -38.18929, -12.76454, 0.0 ], [ -38.1892, -12.76484, 0.0 ], [ -38.18925, -12.76521, 0.0 ], [ -38.18773, -12.76668, 0.0 ], [ -38.19067, -12.76974, 0.0 ], [ -38.19447, -12.76817, 0.0 ], [ -38.19451, -12.76809, 0.0 ], [ -38.19451, -12.76807, 0.0 ], [ -38.19437, -12.76774, 0.0 ], [ -38.19435, -12.76771, 0.0 ], [ -38.19428, -12.76741, 0.0 ], [ -38.19421, -12.76715, 0.0 ], [ -38.19407, -12.76689, 0.0 ], [ -38.19394, -12.76665, 0.0 ], [ -38.19392, -12.76642, 0.0 ], [ -38.19393, -12.76626, 0.0 ], [ -38.19387, -12.76602, 0.0 ], [ -38.19359, -12.76591, 0.0 ], [ -38.19354, -12.76588, 0.0 ], [ -38.19348, -12.7658, 0.0 ], [ -38.19346, -12.76576, 0.0 ], [ -38.19345, -12.76574, 0.0 ], [ -38.19324, -12.76553, 0.0 ], [ -38.19313, -12.76538, 0.0 ], [ -38.19289, -12.76528, 0.0 ], [ -38.19274, -12.76519, 0.0 ], [ -38.19272, -12.76502, 0.0 ], [ -38.19276, -12.76488, 0.0 ], [ -38.19288, -12.7648, 0.0 ], [ -38.19294, -12.76478, 0.0 ], [ -38.19313, -12.76457, 0.0 ], [ -38.19315, -12.76414, 0.0 ], [ -38.19315, -12.76413, 0.0 ], [ -38.19307, -12.76374, 0.0 ], [ -38.19294, -12.76339, 0.0 ], [ -38.1927, -12.76333, 0.0 ], [ -38.19228, -12.76338, 0.0 ] ] ] ] } },
{ "type": "Feature", "properties": { "Id": 53, "Name": "ZEIS - Jardim Limoeiro 02", "DISTRITO": "SEDE", "categoria": "ZEIS", "perímetro_ellip_m": 2471.3, "área_ellip_m²": 275923.6 }, "geometry": { "type": "MultiPolygon", "coordinates": [ [ [ [ -38.29721, -12.71847, 0.0 ], [ -38.29707, -12.71872, 0.0 ], [ -38.29642, -12.71838, 0.0 ], [ -38.29601, -12.71837, 0.0 ], [ -38.29572, -12.71844, 0.0 ], [ -38.29559, -12.7185, 0.0 ], [ -38.29523, -12.71894, 0.0 ], [ -38.29498, -12.7193, 0.0 ], [ -38.29494, -12.71949, 0.0 ], [ -38.29484, -12.71961, 0.0 ], [ -38.29459, -12.71965, 0.0 ], [ -38.2944, -12.71968, 0.0 ], [ -38.29393, -12.72023, 0.0 ], [ -38.29383, -12.72054, 0.0 ], [ -38.29369, -12.72081, 0.0 ], [ -38.29313, -12.72131, 0.0 ], [ -38.29285, -12.7214, 0.0 ], [ -38.2928, -12.72148, 0.0 ], [ -38.29276, -12.72161, 0.0 ], [ -38.29237, -12.72225, 0.0 ], [ -38.29188, -12.72275, 0.0 ], [ -38.2917, -12.72296, 0.0 ], [ -38.29161, -12.72318, 0.0 ], [ -38.29146, -12.72348, 0.0 ], [ -38.29147, -12.72366, 0.0 ], [ -38.29267, -12.72389, 0.0 ], [ -38.2927, -12.72406, 0.0 ], [ -38.29319, -12.72412, 0.0 ], [ -38.29331, -12.72514, 0.0 ], [ -38.29448, -12.72502, 0.0 ], [ -38.29818, -12.71976, 0.0 ], [ -38.2986, -12.71941, 0.0 ], [ -38.29909, -12.71911, 0.0 ], [ -38.29763, -12.71831, 0.0 ], [ -38.29721, -12.71847, 0.0 ] ] ] ] } },
{ "type": "Feature", "properties": { "Id": 54, "Name": "ZEIS - Parque Tucunaré", "DISTRITO": "ABRANTES", "categoria": "ZEIS", "perímetro_ellip_m": 1722.0, "área_ellip_m²": 141859.2 }, "geometry": { "type": "MultiPolygon", "coordinates": [ [ [ [ -38.20952, -12.79264, 0.0 ], [ -38.20984, -12.79312, 0.0 ], [ -38.21008, -12.79346, 0.0 ], [ -38.21049, -12.79397, 0.0 ], [ -38.21122, -12.79489, 0.0 ], [ -38.21201, -12.79583, 0.0 ], [ -38.21251, -12.79649, 0.0 ], [ -38.21464, -12.79578, 0.0 ], [ -38.21306, -12.79344, 0.0 ], [ -38.21225, -12.79247, 0.0 ], [ -38.21172, -12.79272, 0.0 ], [ -38.21085, -12.79147, 0.0 ], [ -38.20921, -12.79206, 0.0 ], [ -38.20952, -12.79264, 0.0 ] ] ] ] } },
{ "type": "Feature", "properties": { "Id": 55, "Name": "ZEIS - Sangradouro", "DISTRITO": "ABRANTES", "categoria": "ZEIS", "perímetro_ellip_m": 3054.5, "área_ellip_m²": 342114.2 }, "geometry": { "type": "MultiPolygon", "coordinates": [ [ [ [ -38.17304, -12.76066, 0.0 ], [ -38.1709, -12.76097, 0.0 ], [ -38.17056, -12.76082, 0.0 ], [ -38.1705, -12.7609, 0.0 ], [ -38.17049, -12.76113, 0.0 ], [ -38.17053, -12.76138, 0.0 ], [ -38.17072, -12.7616, 0.0 ], [ -38.17123, -12.76208, 0.0 ], [ -38.1722, -12.76295, 0.0 ], [ -38.1727, -12.76321, 0.0 ], [ -38.17305, -12.76342, 0.0 ], [ -38.17344, -12.76362, 0.0 ], [ -38.17384, -12.76395, 0.0 ], [ -38.17428, -12.76436, 0.0 ], [ -38.17446, -12.76462, 0.0 ], [ -38.17475, -12.76499, 0.0 ], [ -38.17467, -12.76527, 0.0 ], [ -38.17471, -12.76553, 0.0 ], [ -38.17494, -12.76595, 0.0 ], [ -38.17524, -12.7663, 0.0 ], [ -38.1753, -12.76646, 0.0 ], [ -38.17534, -12.76658, 0.0 ], [ -38.17543, -12.7668, 0.0 ], [ -38.17548, -12.76725, 0.0 ], [ -38.17585, -12.76722, 0.0 ], [ -38.17735, -12.76827, 0.0 ], [ -38.17742, -12.76832, 0.0 ], [ -38.17755, -12.76688, 0.0 ], [ -38.17781, -12.76664, 0.0 ], [ -38.17844, -12.7669, 0.0 ], [ -38.17907, -12.76723, 0.0 ], [ -38.17929, -12.76698, 0.0 ], [ -38.17951, -12.76673, 0.0 ], [ -38.17844, -12.76565, 0.0 ], [ -38.17886, -12.76507, 0.0 ], [ -38.17898, -12.7648, 0.0 ], [ -38.17891, -12.76465, 0.0 ], [ -38.17875, -12.76427, 0.0 ], [ -38.17844, -12.76399, 0.0 ], [ -38.17829, -12.76384, 0.0 ], [ -38.17836, -12.76345, 0.0 ], [ -38.17825, -12.76317, 0.0 ], [ -38.17824, -12.76315, 0.0 ], [ -38.17807, -12.76286, 0.0 ], [ -38.17796, -12.76276, 0.0 ], [ -38.17754, -12.76266, 0.0 ], [ -38.17722, -12.76241, 0.0 ], [ -38.17688, -12.76239, 0.0 ], [ -38.17644, -12.76243, 0.0 ], [ -38.17606, -12.7623, 0.0 ], [ -38.17571, -12.76213, 0.0 ], [ -38.17537, -12.76187, 0.0 ], [ -38.17491, -12.76148, 0.0 ], [ -38.17451, -12.76122, 0.0 ], [ -38.17406, -12.76116, 0.0 ], [ -38.1735, -12.76109, 0.0 ], [ -38.17304, -12.76066, 0.0 ] ] ] ] } },
{ "type": "Feature", "properties": { "Id": 56, "Name": "ZEIS - Morro São João", "DISTRITO": "ABRANTES", "categoria": "ZEIS", "perímetro_ellip_m": 520.4, "área_ellip_m²": 12711.7 }, "geometry": { "type": "MultiPolygon", "coordinates": [ [ [ [ -38.23296, -12.8167, 0.0 ], [ -38.23288, -12.81756, 0.0 ], [ -38.23369, -12.8175, 0.0 ], [ -38.23383, -12.81754, 0.0 ], [ -38.23421, -12.8174, 0.0 ], [ -38.23433, -12.81729, 0.0 ], [ -38.23419, -12.81704, 0.0 ], [ -38.23445, -12.81697, 0.0 ], [ -38.23442, -12.8168, 0.0 ], [ -38.23438, -12.81677, 0.0 ], [ -38.23408, -12.81679, 0.0 ], [ -38.23387, -12.81682, 0.0 ], [ -38.23365, -12.81688, 0.0 ], [ -38.23357, -12.81665, 0.0 ], [ -38.23296, -12.8167, 0.0 ] ] ] ] } },
{ "type": "Feature", "properties": { "Id": 57, "Name": "ZEIS - Alto da Liberdade", "DISTRITO": "MONTE GORDO", "categoria": "ZEIS", "perímetro_ellip_m": 1222.6, "área_ellip_m²": 45971.1 }, "geometry": { "type": "MultiPolygon", "coordinates": [ [ [ [ -38.11218, -12.66402, 0.0 ], [ -38.11273, -12.66449, 0.0 ], [ -38.11259, -12.66466, 0.0 ], [ -38.11224, -12.66497, 0.0 ], [ -38.11176, -12.66537, 0.0 ], [ -38.11212, -12.66584, 0.0 ], [ -38.11279, -12.66524, 0.0 ], [ -38.11316, -12.66466, 0.0 ], [ -38.11287, -12.66441, 0.0 ], [ -38.11305, -12.66403, 0.0 ], [ -38.11335, -12.66412, 0.0 ], [ -38.11371, -12.66406, 0.0 ], [ -38.11401, -12.66385, 0.0 ], [ -38.11439, -12.66363, 0.0 ], [ -38.1148, -12.66324, 0.0 ], [ -38.11435, -12.66221, 0.0 ], [ -38.11293, -12.66284, 0.0 ], [ -38.11289, -12.66303, 0.0 ], [ -38.11264, -12.66337, 0.0 ], [ -38.11218, -12.66402, 0.0 ] ] ] ] } },
{ "type": "Feature", "properties": { "Id": 58, "Name": "ZEIS - Canto do Rio", "DISTRITO": "ABRANTES", "categoria": "ZEIS", "perímetro_ellip_m": 3216.7, "área_ellip_m²": 252863.5 }, "geometry": { "type": "MultiPolygon", "coordinates": [ [ [ [ -38.13982, -12.72043, 0.0 ], [ -38.14005, -12.72066, 0.0 ], [ -38.14095, -12.72157, 0.0 ], [ -38.14167, -12.72224, 0.0 ], [ -38.14261, -12.72315, 0.0 ], [ -38.14284, -12.72332, 0.0 ], [ -38.14323, -12.72365, 0.0 ], [ -38.14333, -12.72383, 0.0 ], [ -38.14348, -12.72399, 0.0 ], [ -38.14399, -12.72423, 0.0 ], [ -38.14466, -12.72461, 0.0 ], [ -38.14536, -12.72515, 0.0 ], [ -38.14557, -12.72528, 0.0 ], [ -38.14687, -12.72667, 0.0 ], [ -38.14687, -12.72667, 0.0 ], [ -38.14711, -12.72667, 0.0 ], [ -38.14778, -12.72596, 0.0 ], [ -38.14778, -12.72596, 0.0 ], [ -38.14767, -12.72581, 0.0 ], [ -38.14705, -12.72522, 0.0 ], [ -38.14651, -12.72446, 0.0 ], [ -38.14629, -12.72416, 0.0 ], [ -38.14592, -12.72317, 0.0 ], [ -38.14577, -12.72293, 0.0 ], [ -38.14559, -12.72272, 0.0 ], [ -38.14491, -12.7217, 0.0 ], [ -38.14453, -12.72128, 0.0 ], [ -38.14378, -12.72041, 0.0 ], [ -38.14341, -12.72007, 0.0 ], [ -38.14315, -12.72021, 0.0 ], [ -38.1427, -12.72069, 0.0 ], [ -38.14243, -12.72054, 0.0 ], [ -38.14228, -12.72048, 0.0 ], [ -38.14221, -12.72049, 0.0 ], [ -38.14192, -12.72049, 0.0 ], [ -38.14183, -12.72056, 0.0 ], [ -38.14169, -12.7204, 0.0 ], [ -38.14168, -12.72024, 0.0 ], [ -38.14164, -12.72015, 0.0 ], [ -38.14153, -12.72, 0.0 ], [ -38.14143, -12.71972, 0.0 ], [ -38.14132, -12.71953, 0.0 ], [ -38.14095, -12.71923, 0.0 ], [ -38.14085, -12.71915, 0.0 ], [ -38.14023, -12.71862, 0.0 ], [ -38.13999, -12.7183, 0.0 ], [ -38.13993, -12.71823, 0.0 ], [ -38.13985, -12.71817, 0.0 ], [ -38.1394, -12.71791, 0.0 ], [ -38.13828, -12.71743, 0.0 ], [ -38.13805, -12.7174, 0.0 ], [ -38.1379, -12.7174, 0.0 ], [ -38.13786, -12.7176, 0.0 ], [ -38.13784, -12.71774, 0.0 ], [ -38.138, -12.71776, 0.0 ], [ -38.13846, -12.71797, 0.0 ], [ -38.13902, -12.71832, 0.0 ], [ -38.13929, -12.71856, 0.0 ], [ -38.13938, -12.71884, 0.0 ], [ -38.13939, -12.71927, 0.0 ], [ -38.13959, -12.71978, 0.0 ], [ -38.13965, -12.72006, 0.0 ], [ -38.13974, -12.72038, 0.0 ], [ -38.13982, -12.72043, 0.0 ] ] ] ] } },
{ "type": "Feature", "properties": { "Id": 59, "Name": "ZEIS - PHOC I", "DISTRITO": "SEDE", "categoria": "ZEIS", "perímetro_ellip_m": 449.9, "área_ellip_m²": 11522.9 }, "geometry": { "type": "MultiPolygon", "coordinates": [ [ [ [ -38.3326, -12.71505, 0.0 ], [ -38.33293, -12.71528, 0.0 ], [ -38.33354, -12.71484, 0.0 ], [ -38.33374, -12.71472, 0.0 ], [ -38.33386, -12.71456, 0.0 ], [ -38.33385, -12.71455, 0.0 ], [ -38.33335, -12.71424, 0.0 ], [ -38.33345, -12.7141, 0.0 ], [ -38.3327, -12.71406, 0.0 ], [ -38.3326, -12.71505, 0.0 ] ] ] ] } },
{ "type": "Feature", "properties": { "Id": 60, "Name": "ZEIS - Recanto das Árvores", "DISTRITO": "SEDE", "categoria": "ZEIS", "perímetro_ellip_m": 2260.7, "área_ellip_m²": 210075.5 }, "geometry": { "type": "MultiPolygon", "coordinates": [ [ [ [ -38.33666, -12.72276, 0.0 ], [ -38.33647, -12.72302, 0.0 ], [ -38.33615, -12.72306, 0.0 ], [ -38.3361, -12.7231, 0.0 ], [ -38.33603, -12.72364, 0.0 ], [ -38.33613, -12.72389, 0.0 ], [ -38.33616, -12.72402, 0.0 ], [ -38.33616, -12.72404, 0.0 ], [ -38.33616, -12.72406, 0.0 ], [ -38.33617, -12.72418, 0.0 ], [ -38.33616, -12.72434, 0.0 ], [ -38.33613, -12.72456, 0.0 ], [ -38.33615, -12.72473, 0.0 ], [ -38.33624, -12.72495, 0.0 ], [ -38.33625, -12.72497, 0.0 ], [ -38.33634, -12.72492, 0.0 ], [ -38.33683, -12.72467, 0.0 ], [ -38.33697, -12.72504, 0.0 ], [ -38.33702, -12.72511, 0.0 ], [ -38.33704, -12.72516, 0.0 ], [ -38.33709, -12.72519, 0.0 ], [ -38.33717, -12.72522, 0.0 ], [ -38.33728, -12.72527, 0.0 ], [ -38.3373, -12.72503, 0.0 ], [ -38.33872, -12.72324, 0.0 ], [ -38.33889, -12.72311, 0.0 ], [ -38.33906, -12.72304, 0.0 ], [ -38.33923, -12.723, 0.0 ], [ -38.34011, -12.72303, 0.0 ], [ -38.34021, -12.72185, 0.0 ], [ -38.33929, -12.72122, 0.0 ], [ -38.3395, -12.71913, 0.0 ], [ -38.33941, -12.71895, 0.0 ], [ -38.33925, -12.71885, 0.0 ], [ -38.33867, -12.71852, 0.0 ], [ -38.33851, -12.71842, 0.0 ], [ -38.3381, -12.71811, 0.0 ], [ -38.33801, -12.71802, 0.0 ], [ -38.3377, -12.71777, 0.0 ], [ -38.33764, -12.71773, 0.0 ], [ -38.33733, -12.71769, 0.0 ], [ -38.337, -12.71768, 0.0 ], [ -38.33697, -12.71798, 0.0 ], [ -38.33687, -12.71972, 0.0 ], [ -38.33677, -12.72148, 0.0 ], [ -38.33666, -12.72276, 0.0 ] ] ] ] } },
{ "type": "Feature", "properties": { "Id": 61, "Name": "ZEIS - Acajutiba", "DISTRITO": "SEDE", "categoria": "ZEIS", "perímetro_ellip_m": 1143.2, "área_ellip_m²": 29834.5 }, "geometry": { "type": "MultiPolygon", "coordinates": [ [ [ [ -38.32926, -12.71486, 0.0 ], [ -38.32968, -12.71588, 0.0 ], [ -38.32991, -12.71639, 0.0 ], [ -38.32992, -12.71654, 0.0 ], [ -38.32979, -12.71676, 0.0 ], [ -38.33007, -12.71758, 0.0 ], [ -38.33007, -12.71762, 0.0 ], [ -38.33065, -12.71742, 0.0 ], [ -38.33047, -12.71683, 0.0 ], [ -38.33046, -12.71683, 0.0 ], [ -38.33034, -12.71687, 0.0 ], [ -38.33016, -12.7165, 0.0 ], [ -38.33032, -12.71638, 0.0 ], [ -38.33041, -12.71636, 0.0 ], [ -38.33047, -12.71636, 0.0 ], [ -38.33054, -12.7161, 0.0 ], [ -38.33055, -12.71603, 0.0 ], [ -38.33051, -12.71582, 0.0 ], [ -38.33002, -12.71586, 0.0 ], [ -38.33002, -12.71568, 0.0 ], [ -38.33004, -12.71534, 0.0 ], [ -38.3301, -12.71491, 0.0 ], [ -38.33014, -12.71472, 0.0 ], [ -38.33017, -12.71463, 0.0 ], [ -38.33024, -12.71445, 0.0 ], [ -38.3305, -12.71376, 0.0 ], [ -38.33023, -12.71366, 0.0 ], [ -38.32992, -12.71358, 0.0 ], [ -38.3299, -12.71363, 0.0 ], [ -38.32973, -12.71403, 0.0 ], [ -38.32947, -12.71434, 0.0 ], [ -38.32926, -12.71486, 0.0 ] ] ] ] } },
{ "type": "Feature", "properties": { "Id": 62, "Name": "ZEIS - Nova Goiânia", "DISTRITO": "SEDE", "categoria": "ZEIS", "perímetro_ellip_m": 1866.0, "área_ellip_m²": 178176.0 }, "geometry": { "type": "MultiPolygon", "coordinates": [ [ [ [ -38.3388, -12.70272, 0.0 ], [ -38.34012, -12.70486, 0.0 ], [ -38.34068, -12.70467, 0.0 ], [ -38.34062, -12.70228, 0.0 ], [ -38.34102, -12.70212, 0.0 ], [ -38.34135, -12.70199, 0.0 ], [ -38.34144, -12.70083, 0.0 ], [ -38.34143, -12.70065, 0.0 ], [ -38.34141, -12.70036, 0.0 ], [ -38.34132, -12.70012, 0.0 ], [ -38.34097, -12.69959, 0.0 ], [ -38.34099, -12.69944, 0.0 ], [ -38.341, -12.69938, 0.0 ], [ -38.34079, -12.69892, 0.0 ], [ -38.34013, -12.69828, 0.0 ], [ -38.33978, -12.69885, 0.0 ], [ -38.33954, -12.69895, 0.0 ], [ -38.33805, -12.69919, 0.0 ], [ -38.33779, -12.6995, 0.0 ], [ -38.33741, -12.70029, 0.0 ], [ -38.3376, -12.70079, 0.0 ], [ -38.3388, -12.70272, 0.0 ] ] ] ] } },
{ "type": "Feature", "properties": { "Id": 63, "Name": "ZEIS - Borda do Anel Florestal", "DISTRITO": "SEDE", "categoria": "ZEIS", "perímetro_ellip_m": 4431.6, "área_ellip_m²": 231997.0 }, "geometry": { "type": "MultiPolygon", "coordinates": [ [ [ [ -38.32574, -12.68533, 0.0 ], [ -38.32565, -12.68533, 0.0 ], [ -38.32494, -12.68533, 0.0 ], [ -38.32457, -12.68556, 0.0 ], [ -38.32428, -12.68602, 0.0 ], [ -38.32425, -12.68606, 0.0 ], [ -38.32269, -12.6874, 0.0 ], [ -38.32217, -12.68785, 0.0 ], [ -38.32205, -12.68787, 0.0 ], [ -38.32153, -12.68795, 0.0 ], [ -38.32149, -12.68795, 0.0 ], [ -38.3186, -12.68839, 0.0 ], [ -38.31878, -12.6913, 0.0 ], [ -38.31881, -12.6919, 0.0 ], [ -38.31889, -12.69189, 0.0 ], [ -38.31904, -12.69189, 0.0 ], [ -38.3191, -12.69162, 0.0 ], [ -38.31948, -12.69123, 0.0 ], [ -38.31971, -12.69099, 0.0 ], [ -38.32008, -12.6908, 0.0 ], [ -38.3208, -12.69043, 0.0 ], [ -38.32114, -12.69025, 0.0 ], [ -38.32129, -12.69013, 0.0 ], [ -38.32169, -12.68971, 0.0 ], [ -38.32202, -12.68938, 0.0 ], [ -38.32211, -12.68932, 0.0 ], [ -38.32226, -12.6883, 0.0 ], [ -38.3224, -12.68828, 0.0 ], [ -38.3224, -12.68828, 0.0 ], [ -38.3224, -12.68828, 0.0 ], [ -38.32262, -12.6883, 0.0 ], [ -38.32283, -12.68839, 0.0 ], [ -38.32295, -12.68844, 0.0 ], [ -38.32309, -12.68828, 0.0 ], [ -38.32376, -12.68786, 0.0 ], [ -38.3241, -12.68764, 0.0 ], [ -38.32475, -12.68711, 0.0 ], [ -38.32532, -12.68677, 0.0 ], [ -38.32532, -12.68677, 0.0 ], [ -38.32532, -12.68677, 0.0 ], [ -38.32533, -12.68679, 0.0 ], [ -38.32537, -12.68678, 0.0 ], [ -38.32531, -12.68625, 0.0 ], [ -38.32548, -12.68625, 0.0 ], [ -38.32565, -12.68618, 0.0 ], [ -38.326, -12.68615, 0.0 ], [ -38.32591, -12.68561, 0.0 ], [ -38.32642, -12.68552, 0.0 ], [ -38.32682, -12.68544, 0.0 ], [ -38.32721, -12.68524, 0.0 ], [ -38.32721, -12.68524, 0.0 ], [ -38.32721, -12.68524, 0.0 ], [ -38.32737, -12.68554, 0.0 ], [ -38.3276, -12.68542, 0.0 ], [ -38.32789, -12.68509, 0.0 ], [ -38.32843, -12.68502, 0.0 ], [ -38.32842, -12.68507, 0.0 ], [ -38.32849, -12.68508, 0.0 ], [ -38.32876, -12.68514, 0.0 ], [ -38.32875, -12.68522, 0.0 ], [ -38.32885, -12.68524, 0.0 ], [ -38.32887, -12.68516, 0.0 ], [ -38.32899, -12.68517, 0.0 ], [ -38.32899, -12.68534, 0.0 ], [ -38.32908, -12.68532, 0.0 ], [ -38.32918, -12.68522, 0.0 ], [ -38.32922, -12.68521, 0.0 ], [ -38.32931, -12.68541, 0.0 ], [ -38.32954, -12.68533, 0.0 ], [ -38.32947, -12.68501, 0.0 ], [ -38.3294, -12.68445, 0.0 ], [ -38.3302, -12.68435, 0.0 ], [ -38.33014, -12.68401, 0.0 ], [ -38.33093, -12.68396, 0.0 ], [ -38.33154, -12.68402, 0.0 ], [ -38.3328, -12.68431, 0.0 ], [ -38.33316, -12.68374, 0.0 ], [ -38.33294, -12.6837, 0.0 ], [ -38.33281, -12.68369, 0.0 ], [ -38.33281, -12.68369, 0.0 ], [ -38.33281, -12.68369, 0.0 ], [ -38.33161, -12.68333, 0.0 ], [ -38.33161, -12.68333, 0.0 ], [ -38.33161, -12.68333, 0.0 ], [ -38.32997, -12.68349, 0.0 ], [ -38.32974, -12.68356, 0.0 ], [ -38.32837, -12.68388, 0.0 ], [ -38.3281, -12.68403, 0.0 ], [ -38.32687, -12.6847, 0.0 ], [ -38.32574, -12.68533, 0.0 ] ] ] ] } },
{ "type": "Feature", "properties": { "Id": 64, "Name": "ZEIS - Parque das Mangabas", "DISTRITO": "SEDE", "categoria": "ZEIS", "perímetro_ellip_m": 6514.3, "área_ellip_m²": 1538366.6 }, "geometry": { "type": "MultiPolygon", "coordinates": [ [ [ [ -38.29313, -12.72953, 0.0 ], [ -38.29317, -12.7301, 0.0 ], [ -38.29317, -12.7301, 0.0 ], [ -38.29305, -12.73043, 0.0 ], [ -38.29284, -12.73083, 0.0 ], [ -38.29229, -12.73132, 0.0 ], [ -38.29191, -12.73083, 0.0 ], [ -38.29079, -12.72982, 0.0 ], [ -38.28964, -12.73095, 0.0 ], [ -38.28738, -12.73043, 0.0 ], [ -38.28394, -12.7294, 0.0 ], [ -38.28337, -12.72947, 0.0 ], [ -38.283, -12.72954, 0.0 ], [ -38.28308, -12.72975, 0.0 ], [ -38.28206, -12.73111, 0.0 ], [ -38.28206, -12.73287, 0.0 ], [ -38.28321, -12.73425, 0.0 ], [ -38.2833, -12.73476, 0.0 ], [ -38.28409, -12.73478, 0.0 ], [ -38.28421, -12.73577, 0.0 ], [ -38.28491, -12.73569, 0.0 ], [ -38.28525, -12.73688, 0.0 ], [ -38.28748, -12.73637, 0.0 ], [ -38.28905, -12.73643, 0.0 ], [ -38.29027, -12.7367, 0.0 ], [ -38.29091, -12.73698, 0.0 ], [ -38.29144, -12.73747, 0.0 ], [ -38.29287, -12.73893, 0.0 ], [ -38.29634, -12.7344, 0.0 ], [ -38.29775, -12.73302, 0.0 ], [ -38.2997, -12.73176, 0.0 ], [ -38.30144, -12.73071, 0.0 ], [ -38.30251, -12.73003, 0.0 ], [ -38.30278, -12.72986, 0.0 ], [ -38.30278, -12.72984, 0.0 ], [ -38.30259, -12.72988, 0.0 ], [ -38.30257, -12.72988, 0.0 ], [ -38.30239, -12.72954, 0.0 ], [ -38.30235, -12.72952, 0.0 ], [ -38.30213, -12.72951, 0.0 ], [ -38.30213, -12.72954, 0.0 ], [ -38.30206, -12.72953, 0.0 ], [ -38.30198, -12.72944, 0.0 ], [ -38.30168, -12.72788, 0.0 ], [ -38.30139, -12.72771, 0.0 ], [ -38.30046, -12.72716, 0.0 ], [ -38.29785, -12.72638, 0.0 ], [ -38.2977, -12.72652, 0.0 ], [ -38.29566, -12.72669, 0.0 ], [ -38.29387, -12.72672, 0.0 ], [ -38.29413, -12.72714, 0.0 ], [ -38.29413, -12.72714, 0.0 ], [ -38.29269, -12.72754, 0.0 ], [ -38.29278, -12.7281, 0.0 ], [ -38.29313, -12.72953, 0.0 ] ] ] ] } },
{ "type": "Feature", "properties": { "Id": 65, "Name": "ZEIS - ESTIVA DE BURIS", "DISTRITO": "ABRANTES", "categoria": "ZEIS", "perímetro_ellip_m": 1782.2, "área_ellip_m²": 71520.8 }, "geometry": { "type": "MultiPolygon", "coordinates": [ [ [ [ -38.25226, -12.82826, 0.0 ], [ -38.25172, -12.8287, 0.0 ], [ -38.25137, -12.82868, 0.0 ], [ -38.25119, -12.82867, 0.0 ], [ -38.25113, -12.8286, 0.0 ], [ -38.2506, -12.82855, 0.0 ], [ -38.25059, -12.8286, 0.0 ], [ -38.25053, -12.82885, 0.0 ], [ -38.25077, -12.82895, 0.0 ], [ -38.25088, -12.82899, 0.0 ], [ -38.25143, -12.82921, 0.0 ], [ -38.25217, -12.83004, 0.0 ], [ -38.25217, -12.83004, 0.0 ], [ -38.25218, -12.83018, 0.0 ], [ -38.25218, -12.83018, 0.0 ], [ -38.25205, -12.83115, 0.0 ], [ -38.25436, -12.83239, 0.0 ], [ -38.25467, -12.8321, 0.0 ], [ -38.25485, -12.83168, 0.0 ], [ -38.2547, -12.8315, 0.0 ], [ -38.2547, -12.8315, 0.0 ], [ -38.25469, -12.83141, 0.0 ], [ -38.25263, -12.83027, 0.0 ], [ -38.25263, -12.83027, 0.0 ], [ -38.25265, -12.83017, 0.0 ], [ -38.25265, -12.83017, 0.0 ], [ -38.25264, -12.83009, 0.0 ], [ -38.2526, -12.83, 0.0 ], [ -38.2526, -12.83, 0.0 ], [ -38.2526, -12.83, 0.0 ], [ -38.25279, -12.82969, 0.0 ], [ -38.25303, -12.82926, 0.0 ], [ -38.2534, -12.8288, 0.0 ], [ -38.25282, -12.82836, 0.0 ], [ -38.25282, -12.82836, 0.0 ], [ -38.25282, -12.82836, 0.0 ], [ -38.25333, -12.82758, 0.0 ], [ -38.25321, -12.82757, 0.0 ], [ -38.25313, -12.82753, 0.0 ], [ -38.25226, -12.82826, 0.0 ] ] ] ] } },
{ "type": "Feature", "properties": { "Id": 66, "Name": "ZEIS - PHOC de Abrantes", "DISTRITO": "ABRANTES", "categoria": "ZEIS", "perímetro_ellip_m": 1229.4, "área_ellip_m²": 33696.7 }, "geometry": { "type": "MultiPolygon", "coordinates": [ [ [ [ -38.254, -12.82805, 0.0 ], [ -38.25465, -12.82841, 0.0 ], [ -38.25515, -12.82871, 0.0 ], [ -38.25544, -12.82888, 0.0 ], [ -38.25558, -12.82891, 0.0 ], [ -38.25619, -12.82812, 0.0 ], [ -38.25566, -12.82781, 0.0 ], [ -38.25532, -12.82827, 0.0 ], [ -38.25456, -12.82785, 0.0 ], [ -38.25411, -12.82756, 0.0 ], [ -38.25269, -12.82572, 0.0 ], [ -38.25256, -12.82576, 0.0 ], [ -38.2521, -12.82615, 0.0 ], [ -38.25232, -12.82636, 0.0 ], [ -38.25295, -12.82703, 0.0 ], [ -38.25304, -12.8273, 0.0 ], [ -38.25313, -12.82753, 0.0 ], [ -38.25321, -12.82757, 0.0 ], [ -38.25333, -12.82758, 0.0 ], [ -38.254, -12.82805, 0.0 ] ] ] ] } },
{ "type": "Feature", "properties": { "Id": 67, "Name": "ZEIS - Borda Parque das Dunas 01", "DISTRITO": "ABRANTES", "categoria": "ZEIS", "perímetro_ellip_m": 1961.5, "área_ellip_m²": 54965.7 }, "geometry": { "type": "MultiPolygon", "coordinates": [ [ [ [ -38.26465, -12.83986, 0.0 ], [ -38.26469, -12.84083, 0.0 ], [ -38.26484, -12.84082, 0.0 ], [ -38.26487, -12.84104, 0.0 ], [ -38.26486, -12.84128, 0.0 ], [ -38.26472, -12.84214, 0.0 ], [ -38.26402, -12.84192, 0.0 ], [ -38.26395, -12.84189, 0.0 ], [ -38.26377, -12.84184, 0.0 ], [ -38.26354, -12.84177, 0.0 ], [ -38.26333, -12.84171, 0.0 ], [ -38.26268, -12.84167, 0.0 ], [ -38.26255, -12.84166, 0.0 ], [ -38.26264, -12.84076, 0.0 ], [ -38.26234, -12.84075, 0.0 ], [ -38.26226, -12.84073, 0.0 ], [ -38.26197, -12.8407, 0.0 ], [ -38.26195, -12.84067, 0.0 ], [ -38.26196, -12.84054, 0.0 ], [ -38.2619, -12.84053, 0.0 ], [ -38.2615, -12.84039, 0.0 ], [ -38.26155, -12.83987, 0.0 ], [ -38.26146, -12.83983, 0.0 ], [ -38.26127, -12.83982, 0.0 ], [ -38.26126, -12.84001, 0.0 ], [ -38.26124, -12.84027, 0.0 ], [ -38.26119, -12.84027, 0.0 ], [ -38.26117, -12.84032, 0.0 ], [ -38.26117, -12.84035, 0.0 ], [ -38.26103, -12.84042, 0.0 ], [ -38.26094, -12.84049, 0.0 ], [ -38.26086, -12.84058, 0.0 ], [ -38.26081, -12.84065, 0.0 ], [ -38.26078, -12.84071, 0.0 ], [ -38.26074, -12.84078, 0.0 ], [ -38.26054, -12.84114, 0.0 ], [ -38.26041, -12.84143, 0.0 ], [ -38.26039, -12.84148, 0.0 ], [ -38.26041, -12.84159, 0.0 ], [ -38.26043, -12.84171, 0.0 ], [ -38.26054, -12.84172, 0.0 ], [ -38.26067, -12.84172, 0.0 ], [ -38.2611, -12.84169, 0.0 ], [ -38.26145, -12.84173, 0.0 ], [ -38.26161, -12.84179, 0.0 ], [ -38.2618, -12.84186, 0.0 ], [ -38.26212, -12.84209, 0.0 ], [ -38.26263, -12.84207, 0.0 ], [ -38.26307, -12.84215, 0.0 ], [ -38.26323, -12.84215, 0.0 ], [ -38.26337, -12.84262, 0.0 ], [ -38.2636, -12.84263, 0.0 ], [ -38.26379, -12.84262, 0.0 ], [ -38.26388, -12.84257, 0.0 ], [ -38.26427, -12.84263, 0.0 ], [ -38.2645, -12.84267, 0.0 ], [ -38.26452, -12.84259, 0.0 ], [ -38.26475, -12.84265, 0.0 ], [ -38.26487, -12.8422, 0.0 ], [ -38.26489, -12.84212, 0.0 ], [ -38.26494, -12.84194, 0.0 ], [ -38.26503, -12.84148, 0.0 ], [ -38.2651, -12.84127, 0.0 ], [ -38.2651, -12.84119, 0.0 ], [ -38.265, -12.84078, 0.0 ], [ -38.26492, -12.84057, 0.0 ], [ -38.26492, -12.84057, 0.0 ], [ -38.2649, -12.84055, 0.0 ], [ -38.26488, -12.84053, 0.0 ], [ -38.26488, -12.84053, 0.0 ], [ -38.26486, -12.84052, 0.0 ], [ -38.26484, -12.84048, 0.0 ], [ -38.26481, -12.84044, 0.0 ], [ -38.2648, -12.84037, 0.0 ], [ -38.2648, -12.84027, 0.0 ], [ -38.26479, -12.84012, 0.0 ], [ -38.26478, -12.84005, 0.0 ], [ -38.26476, -12.83983, 0.0 ], [ -38.26465, -12.83986, 0.0 ] ] ] ] } },
{ "type": "Feature", "properties": { "Id": 68, "Name": "ZEIS - Borda PArque das Dunas 02", "DISTRITO": "ABRANTES", "categoria": "ZEIS", "perímetro_ellip_m": 1242.9, "área_ellip_m²": 22979.7 }, "geometry": { "type": "MultiPolygon", "coordinates": [ [ [ [ -38.25999, -12.83685, 0.0 ], [ -38.26043, -12.83729, 0.0 ], [ -38.26047, -12.83734, 0.0 ], [ -38.26041, -12.83745, 0.0 ], [ -38.2604, -12.83751, 0.0 ], [ -38.2604, -12.83758, 0.0 ], [ -38.26036, -12.83768, 0.0 ], [ -38.26031, -12.83778, 0.0 ], [ -38.26029, -12.83783, 0.0 ], [ -38.26029, -12.83796, 0.0 ], [ -38.26026, -12.83803, 0.0 ], [ -38.26023, -12.83816, 0.0 ], [ -38.2602, -12.83833, 0.0 ], [ -38.26013, -12.8385, 0.0 ], [ -38.26015, -12.83863, 0.0 ], [ -38.26023, -12.8389, 0.0 ], [ -38.26022, -12.839, 0.0 ], [ -38.26038, -12.83901, 0.0 ], [ -38.26046, -12.83883, 0.0 ], [ -38.26059, -12.8389, 0.0 ], [ -38.26066, -12.83893, 0.0 ], [ -38.26081, -12.83911, 0.0 ], [ -38.26092, -12.83927, 0.0 ], [ -38.26105, -12.83933, 0.0 ], [ -38.26121, -12.83962, 0.0 ], [ -38.2612, -12.83982, 0.0 ], [ -38.26127, -12.83982, 0.0 ], [ -38.26146, -12.83983, 0.0 ], [ -38.26149, -12.83973, 0.0 ], [ -38.26153, -12.83961, 0.0 ], [ -38.26174, -12.83915, 0.0 ], [ -38.26164, -12.8391, 0.0 ], [ -38.26123, -12.83893, 0.0 ], [ -38.26103, -12.83884, 0.0 ], [ -38.26026, -12.83848, 0.0 ], [ -38.26026, -12.83847, 0.0 ], [ -38.26026, -12.83847, 0.0 ], [ -38.26029, -12.83836, 0.0 ], [ -38.26032, -12.83817, 0.0 ], [ -38.26046, -12.83784, 0.0 ], [ -38.26056, -12.83761, 0.0 ], [ -38.26062, -12.83749, 0.0 ], [ -38.26065, -12.83747, 0.0 ], [ -38.2607, -12.83748, 0.0 ], [ -38.26081, -12.83751, 0.0 ], [ -38.26085, -12.83753, 0.0 ], [ -38.26087, -12.83748, 0.0 ], [ -38.26093, -12.83735, 0.0 ], [ -38.26093, -12.83732, 0.0 ], [ -38.26095, -12.83726, 0.0 ], [ -38.26116, -12.83722, 0.0 ], [ -38.2612, -12.83729, 0.0 ], [ -38.26125, -12.83726, 0.0 ], [ -38.26146, -12.83718, 0.0 ], [ -38.26164, -12.83712, 0.0 ], [ -38.26159, -12.83708, 0.0 ], [ -38.26149, -12.83699, 0.0 ], [ -38.26127, -12.83682, 0.0 ], [ -38.26125, -12.8368, 0.0 ], [ -38.26116, -12.83673, 0.0 ], [ -38.26103, -12.83664, 0.0 ], [ -38.26092, -12.83656, 0.0 ], [ -38.26077, -12.83645, 0.0 ], [ -38.26076, -12.83644, 0.0 ], [ -38.26068, -12.83635, 0.0 ], [ -38.26065, -12.83629, 0.0 ], [ -38.26061, -12.83631, 0.0 ], [ -38.2605, -12.83636, 0.0 ], [ -38.26041, -12.83642, 0.0 ], [ -38.26032, -12.83648, 0.0 ], [ -38.26026, -12.83653, 0.0 ], [ -38.26012, -12.83666, 0.0 ], [ -38.25995, -12.83681, 0.0 ], [ -38.25995, -12.83681, 0.0 ], [ -38.25999, -12.83685, 0.0 ] ] ] ] } },
{ "type": "Feature", "properties": { "Id": 69, "Name": "ZEIS - Borda Parque das Dunas 03", "DISTRITO": "ABRANTES", "categoria": "ZEIS", "perímetro_ellip_m": 1967.1, "área_ellip_m²": 29682.3 }, "geometry": { "type": "MultiPolygon", "coordinates": [ [ [ [ -38.2596, -12.83239, 0.0 ], [ -38.25913, -12.83288, 0.0 ], [ -38.25908, -12.8328, 0.0 ], [ -38.25901, -12.83283, 0.0 ], [ -38.25887, -12.8326, 0.0 ], [ -38.25857, -12.83274, 0.0 ], [ -38.25852, -12.83273, 0.0 ], [ -38.25841, -12.83279, 0.0 ], [ -38.25828, -12.83287, 0.0 ], [ -38.25827, -12.83291, 0.0 ], [ -38.25825, -12.83295, 0.0 ], [ -38.25824, -12.83297, 0.0 ], [ -38.25814, -12.83304, 0.0 ], [ -38.258, -12.83311, 0.0 ], [ -38.25793, -12.83315, 0.0 ], [ -38.25765, -12.8333, 0.0 ], [ -38.25757, -12.83324, 0.0 ], [ -38.25741, -12.83332, 0.0 ], [ -38.25743, -12.83335, 0.0 ], [ -38.2572, -12.83345, 0.0 ], [ -38.25727, -12.83392, 0.0 ], [ -38.25721, -12.83396, 0.0 ], [ -38.25709, -12.83401, 0.0 ], [ -38.25692, -12.83405, 0.0 ], [ -38.25689, -12.83421, 0.0 ], [ -38.25653, -12.83431, 0.0 ], [ -38.25667, -12.83473, 0.0 ], [ -38.25669, -12.83477, 0.0 ], [ -38.25677, -12.83492, 0.0 ], [ -38.25691, -12.83475, 0.0 ], [ -38.25689, -12.8347, 0.0 ], [ -38.25684, -12.8346, 0.0 ], [ -38.25689, -12.83444, 0.0 ], [ -38.25692, -12.83432, 0.0 ], [ -38.25699, -12.83427, 0.0 ], [ -38.25728, -12.83411, 0.0 ], [ -38.25739, -12.83391, 0.0 ], [ -38.25742, -12.83354, 0.0 ], [ -38.25778, -12.83351, 0.0 ], [ -38.2579, -12.83344, 0.0 ], [ -38.25808, -12.83333, 0.0 ], [ -38.25812, -12.83331, 0.0 ], [ -38.25823, -12.83318, 0.0 ], [ -38.25836, -12.83305, 0.0 ], [ -38.25871, -12.83301, 0.0 ], [ -38.25962, -12.8329, 0.0 ], [ -38.25969, -12.83297, 0.0 ], [ -38.25983, -12.83296, 0.0 ], [ -38.2598, -12.83361, 0.0 ], [ -38.2598, -12.83365, 0.0 ], [ -38.25979, -12.83386, 0.0 ], [ -38.2598, -12.83447, 0.0 ], [ -38.25991, -12.83469, 0.0 ], [ -38.25997, -12.83493, 0.0 ], [ -38.25999, -12.83498, 0.0 ], [ -38.26001, -12.83507, 0.0 ], [ -38.25993, -12.8354, 0.0 ], [ -38.2598, -12.83547, 0.0 ], [ -38.25958, -12.83568, 0.0 ], [ -38.25956, -12.83569, 0.0 ], [ -38.25963, -12.83585, 0.0 ], [ -38.25964, -12.83586, 0.0 ], [ -38.25965, -12.8359, 0.0 ], [ -38.25965, -12.8359, 0.0 ], [ -38.25966, -12.83591, 0.0 ], [ -38.25969, -12.83589, 0.0 ], [ -38.25971, -12.83594, 0.0 ], [ -38.25971, -12.83594, 0.0 ], [ -38.2598, -12.8359, 0.0 ], [ -38.25977, -12.83583, 0.0 ], [ -38.25976, -12.83582, 0.0 ], [ -38.25983, -12.83579, 0.0 ], [ -38.25986, -12.83576, 0.0 ], [ -38.25984, -12.83573, 0.0 ], [ -38.25994, -12.83567, 0.0 ], [ -38.26004, -12.83563, 0.0 ], [ -38.26025, -12.83548, 0.0 ], [ -38.26023, -12.8354, 0.0 ], [ -38.26019, -12.83515, 0.0 ], [ -38.26024, -12.83512, 0.0 ], [ -38.26031, -12.8351, 0.0 ], [ -38.2604, -12.83503, 0.0 ], [ -38.26037, -12.83482, 0.0 ], [ -38.26035, -12.83464, 0.0 ], [ -38.26032, -12.83442, 0.0 ], [ -38.26032, -12.83423, 0.0 ], [ -38.26032, -12.83407, 0.0 ], [ -38.26031, -12.83403, 0.0 ], [ -38.2603, -12.83395, 0.0 ], [ -38.26028, -12.83385, 0.0 ], [ -38.26027, -12.8338, 0.0 ], [ -38.26026, -12.83373, 0.0 ], [ -38.26022, -12.83364, 0.0 ], [ -38.26049, -12.83347, 0.0 ], [ -38.26046, -12.83342, 0.0 ], [ -38.26021, -12.83315, 0.0 ], [ -38.26001, -12.83297, 0.0 ], [ -38.25992, -12.83287, 0.0 ], [ -38.25993, -12.8328, 0.0 ], [ -38.26013, -12.8325, 0.0 ], [ -38.26013, -12.83245, 0.0 ], [ -38.25995, -12.83231, 0.0 ], [ -38.25979, -12.83219, 0.0 ], [ -38.2596, -12.83239, 0.0 ] ] ] ] } },
{ "type": "Feature", "properties": { "Id": 70, "Name": "ZEIS - Borda Parque das Dunas 04", "DISTRITO": "ABRANTES", "categoria": "ZEIS", "perímetro_ellip_m": 1279.4, "área_ellip_m²": 37774.0 }, "geometry": { "type": "MultiPolygon", "coordinates": [ [ [ [ -38.25376, -12.83432, 0.0 ], [ -38.25354, -12.83435, 0.0 ], [ -38.25344, -12.8342, 0.0 ], [ -38.25337, -12.83422, 0.0 ], [ -38.25322, -12.83435, 0.0 ], [ -38.25321, -12.83437, 0.0 ], [ -38.25325, -12.83438, 0.0 ], [ -38.25329, -12.83441, 0.0 ], [ -38.25334, -12.83448, 0.0 ], [ -38.2534, -12.8346, 0.0 ], [ -38.25342, -12.83469, 0.0 ], [ -38.25344, -12.83477, 0.0 ], [ -38.25367, -12.83478, 0.0 ], [ -38.25384, -12.83479, 0.0 ], [ -38.25391, -12.8349, 0.0 ], [ -38.25395, -12.83492, 0.0 ], [ -38.25406, -12.83507, 0.0 ], [ -38.25411, -12.83512, 0.0 ], [ -38.25425, -12.83533, 0.0 ], [ -38.25433, -12.83533, 0.0 ], [ -38.25439, -12.83533, 0.0 ], [ -38.25443, -12.83532, 0.0 ], [ -38.25451, -12.83529, 0.0 ], [ -38.25449, -12.83523, 0.0 ], [ -38.25492, -12.83509, 0.0 ], [ -38.2551, -12.83508, 0.0 ], [ -38.25532, -12.83502, 0.0 ], [ -38.25546, -12.83495, 0.0 ], [ -38.25564, -12.8348, 0.0 ], [ -38.25586, -12.83467, 0.0 ], [ -38.2559, -12.83471, 0.0 ], [ -38.25598, -12.83474, 0.0 ], [ -38.25602, -12.83477, 0.0 ], [ -38.25611, -12.83487, 0.0 ], [ -38.25619, -12.83497, 0.0 ], [ -38.2563, -12.83506, 0.0 ], [ -38.25636, -12.83508, 0.0 ], [ -38.25642, -12.8351, 0.0 ], [ -38.25651, -12.83511, 0.0 ], [ -38.25656, -12.83507, 0.0 ], [ -38.25665, -12.83502, 0.0 ], [ -38.2567, -12.83499, 0.0 ], [ -38.25671, -12.83488, 0.0 ], [ -38.25656, -12.83458, 0.0 ], [ -38.25629, -12.83468, 0.0 ], [ -38.25625, -12.83463, 0.0 ], [ -38.25612, -12.8345, 0.0 ], [ -38.25599, -12.83442, 0.0 ], [ -38.25588, -12.83439, 0.0 ], [ -38.25556, -12.83433, 0.0 ], [ -38.25525, -12.83411, 0.0 ], [ -38.25502, -12.83393, 0.0 ], [ -38.25496, -12.8339, 0.0 ], [ -38.25513, -12.83372, 0.0 ], [ -38.25523, -12.83361, 0.0 ], [ -38.25539, -12.83342, 0.0 ], [ -38.2555, -12.83334, 0.0 ], [ -38.25558, -12.83325, 0.0 ], [ -38.25567, -12.83315, 0.0 ], [ -38.25548, -12.83256, 0.0 ], [ -38.25541, -12.83258, 0.0 ], [ -38.25525, -12.83269, 0.0 ], [ -38.2552, -12.83277, 0.0 ], [ -38.25517, -12.83294, 0.0 ], [ -38.25508, -12.83308, 0.0 ], [ -38.25472, -12.83353, 0.0 ], [ -38.25448, -12.83378, 0.0 ], [ -38.25426, -12.83412, 0.0 ], [ -38.25416, -12.83421, 0.0 ], [ -38.25376, -12.83432, 0.0 ] ] ] ] } },
{ "type": "Feature", "properties": { "Id": 71, "Name": "ZEIS - Palmeiras", "DISTRITO": "SEDE", "categoria": "ZEIS", "perímetro_ellip_m": 1099.7, "área_ellip_m²": 33777.5 }, "geometry": { "type": "MultiPolygon", "coordinates": [ [ [ [ -38.29756, -12.69906, 0.0 ], [ -38.29767, -12.69913, 0.0 ], [ -38.29767, -12.69913, 0.0 ], [ -38.29767, -12.69913, 0.0 ], [ -38.2978, -12.69928, 0.0 ], [ -38.29787, -12.69935, 0.0 ], [ -38.29721, -12.70046, 0.0 ], [ -38.29781, -12.70109, 0.0 ], [ -38.29798, -12.70084, 0.0 ], [ -38.29832, -12.70098, 0.0 ], [ -38.29848, -12.70041, 0.0 ], [ -38.29861, -12.69994, 0.0 ], [ -38.29894, -12.69911, 0.0 ], [ -38.29916, -12.69916, 0.0 ], [ -38.29937, -12.69922, 0.0 ], [ -38.29968, -12.69935, 0.0 ], [ -38.30016, -12.69955, 0.0 ], [ -38.30018, -12.6994, 0.0 ], [ -38.30019, -12.6994, 0.0 ], [ -38.30023, -12.69915, 0.0 ], [ -38.2999, -12.69905, 0.0 ], [ -38.29958, -12.69901, 0.0 ], [ -38.29956, -12.69907, 0.0 ], [ -38.29922, -12.69898, 0.0 ], [ -38.29921, -12.69896, 0.0 ], [ -38.29852, -12.69878, 0.0 ], [ -38.29817, -12.69868, 0.0 ], [ -38.29784, -12.69858, 0.0 ], [ -38.29781, -12.69863, 0.0 ], [ -38.29781, -12.69863, 0.0 ], [ -38.29756, -12.69906, 0.0 ] ] ] ] } },
{ "type": "Feature", "properties": { "Id": 72, "Name": "ZE 1", "DISTRITO": "SEDE", "categoria": "ZE", "perímetro_ellip_m": 62287.8, "área_ellip_m²": 28759609.4 }, "geometry": { "type": "MultiPolygon", "coordinates": [ [ [ [ -38.34564, -12.71792, 0.0 ], [ -38.34501, -12.71878, 0.0 ], [ -38.34433, -12.71833, 0.0 ], [ -38.34325, -12.71767, 0.0 ], [ -38.34301, -12.71748, 0.0 ], [ -38.34265, -12.71809, 0.0 ], [ -38.3422, -12.71876, 0.0 ], [ -38.34181, -12.7193, 0.0 ], [ -38.34156, -12.71945, 0.0 ], [ -38.34135, -12.71959, 0.0 ], [ -38.34125, -12.71985, 0.0 ], [ -38.34123, -12.71997, 0.0 ], [ -38.34104, -12.71988, 0.0 ], [ -38.34069, -12.71963, 0.0 ], [ -38.34034, -12.7194, 0.0 ], [ -38.34002, -12.71913, 0.0 ], [ -38.33989, -12.71891, 0.0 ], [ -38.33958, -12.71859, 0.0 ], [ -38.3395, -12.71913, 0.0 ], [ -38.33929, -12.72122, 0.0 ], [ -38.34021, -12.72185, 0.0 ], [ -38.34011, -12.72303, 0.0 ], [ -38.33923, -12.723, 0.0 ], [ -38.33906, -12.72304, 0.0 ], [ -38.33889, -12.72311, 0.0 ], [ -38.33872, -12.72324, 0.0 ], [ -38.3373, -12.72503, 0.0 ], [ -38.33728, -12.72527, 0.0 ], [ -38.33738, -12.72531, 0.0 ], [ -38.33745, -12.72537, 0.0 ], [ -38.33752, -12.72541, 0.0 ], [ -38.3375, -12.72597, 0.0 ], [ -38.33754, -12.72611, 0.0 ], [ -38.3376, -12.72639, 0.0 ], [ -38.33759, -12.72662, 0.0 ], [ -38.33756, -12.72691, 0.0 ], [ -38.33759, -12.72744, 0.0 ], [ -38.33763, -12.72753, 0.0 ], [ -38.3378, -12.72773, 0.0 ], [ -38.33796, -12.72793, 0.0 ], [ -38.33821, -12.72833, 0.0 ], [ -38.33804, -12.72879, 0.0 ], [ -38.3379, -12.7289, 0.0 ], [ -38.33806, -12.72908, 0.0 ], [ -38.338, -12.72913, 0.0 ], [ -38.33785, -12.72926, 0.0 ], [ -38.33792, -12.72934, 0.0 ], [ -38.33779, -12.72947, 0.0 ], [ -38.33769, -12.72969, 0.0 ], [ -38.33772, -12.72975, 0.0 ], [ -38.33799, -12.73, 0.0 ], [ -38.33826, -12.73037, 0.0 ], [ -38.33794, -12.7307, 0.0 ], [ -38.33767, -12.73088, 0.0 ], [ -38.33719, -12.7312, 0.0 ], [ -38.33679, -12.73146, 0.0 ], [ -38.33663, -12.73116, 0.0 ], [ -38.33649, -12.73117, 0.0 ], [ -38.33602, -12.73174, 0.0 ], [ -38.33504, -12.73248, 0.0 ], [ -38.33489, -12.73255, 0.0 ], [ -38.33423, -12.73301, 0.0 ], [ -38.33393, -12.7332, 0.0 ], [ -38.33384, -12.73328, 0.0 ], [ -38.33357, -12.73344, 0.0 ], [ -38.3334, -12.73355, 0.0 ], [ -38.33353, -12.73391, 0.0 ], [ -38.33346, -12.73411, 0.0 ], [ -38.33351, -12.73438, 0.0 ], [ -38.33383, -12.73501, 0.0 ], [ -38.33416, -12.73523, 0.0 ], [ -38.33385, -12.73534, 0.0 ], [ -38.33383, -12.73563, 0.0 ], [ -38.33381, -12.73575, 0.0 ], [ -38.3341, -12.73597, 0.0 ], [ -38.33393, -12.73603, 0.0 ], [ -38.33395, -12.73625, 0.0 ], [ -38.3344, -12.73685, 0.0 ], [ -38.33483, -12.73757, 0.0 ], [ -38.33498, -12.73793, 0.0 ], [ -38.33517, -12.73827, 0.0 ], [ -38.33478, -12.7386, 0.0 ], [ -38.33446, -12.73932, 0.0 ], [ -38.33407, -12.73965, 0.0 ], [ -38.33317, -12.74053, 0.0 ], [ -38.33315, -12.74076, 0.0 ], [ -38.33337, -12.74167, 0.0 ], [ -38.33281, -12.74166, 0.0 ], [ -38.33268, -12.7416, 0.0 ], [ -38.33082, -12.74148, 0.0 ], [ -38.33061, -12.74256, 0.0 ], [ -38.33042, -12.74332, 0.0 ], [ -38.33043, -12.74377, 0.0 ], [ -38.33033, -12.74408, 0.0 ], [ -38.32995, -12.7448, 0.0 ], [ -38.32924, -12.74516, 0.0 ], [ -38.32925, -12.74628, 0.0 ], [ -38.3298, -12.74712, 0.0 ], [ -38.32967, -12.74767, 0.0 ], [ -38.32932, -12.74811, 0.0 ], [ -38.32863, -12.7481, 0.0 ], [ -38.32832, -12.74819, 0.0 ], [ -38.32768, -12.74855, 0.0 ], [ -38.32716, -12.74904, 0.0 ], [ -38.32685, -12.74913, 0.0 ], [ -38.32664, -12.74939, 0.0 ], [ -38.32656, -12.7497, 0.0 ], [ -38.32647, -12.74987, 0.0 ], [ -38.32617, -12.75001, 0.0 ], [ -38.3259, -12.75023, 0.0 ], [ -38.32565, -12.75061, 0.0 ], [ -38.32558, -12.75061, 0.0 ], [ -38.32546, -12.75058, 0.0 ], [ -38.32551, -12.75032, 0.0 ], [ -38.32478, -12.75029, 0.0 ], [ -38.324, -12.7503, 0.0 ], [ -38.32248, -12.75055, 0.0 ], [ -38.32231, -12.74988, 0.0 ], [ -38.32203, -12.74985, 0.0 ], [ -38.32074, -12.75009, 0.0 ], [ -38.32117, -12.75495, 0.0 ], [ -38.32136, -12.75705, 0.0 ], [ -38.31749, -12.75487, 0.0 ], [ -38.3166, -12.75423, 0.0 ], [ -38.31577, -12.75309, 0.0 ], [ -38.31478, -12.75284, 0.0 ], [ -38.31474, -12.75284, 0.0 ], [ -38.31459, -12.75516, 0.0 ], [ -38.31444, -12.75777, 0.0 ], [ -38.31405, -12.76483, 0.0 ], [ -38.31354, -12.76483, 0.0 ], [ -38.31277, -12.76444, 0.0 ], [ -38.31161, -12.76349, 0.0 ], [ -38.30945, -12.75761, 0.0 ], [ -38.30945, -12.75761, 0.0 ], [ -38.30335, -12.75725, 0.0 ], [ -38.30253, -12.75836, 0.0 ], [ -38.30099, -12.75916, 0.0 ], [ -38.2971, -12.7587, 0.0 ], [ -38.2969, -12.75824, 0.0 ], [ -38.29407, -12.75616, 0.0 ], [ -38.2943, -12.75238, 0.0 ], [ -38.29596, -12.74674, 0.0 ], [ -38.2938, -12.74554, 0.0 ], [ -38.29326, -12.74609, 0.0 ], [ -38.29233, -12.74706, 0.0 ], [ -38.29149, -12.74791, 0.0 ], [ -38.29117, -12.74823, 0.0 ], [ -38.29071, -12.74873, 0.0 ], [ -38.29051, -12.74904, 0.0 ], [ -38.29027, -12.7495, 0.0 ], [ -38.28987, -12.75004, 0.0 ], [ -38.28968, -12.75056, 0.0 ], [ -38.2895, -12.75048, 0.0 ], [ -38.28879, -12.752, 0.0 ], [ -38.28646, -12.75143, 0.0 ], [ -38.28204, -12.76082, 0.0 ], [ -38.27359, -12.75768, 0.0 ], [ -38.27366, -12.75719, 0.0 ], [ -38.27382, -12.75669, 0.0 ], [ -38.27373, -12.75685, 0.0 ], [ -38.27353, -12.75714, 0.0 ], [ -38.27323, -12.75739, 0.0 ], [ -38.27322, -12.75739, 0.0 ], [ -38.27287, -12.75761, 0.0 ], [ -38.27245, -12.75791, 0.0 ], [ -38.27198, -12.75849, 0.0 ], [ -38.27192, -12.75855, 0.0 ], [ -38.27153, -12.75897, 0.0 ], [ -38.27139, -12.75891, 0.0 ], [ -38.27098, -12.75907, 0.0 ], [ -38.27067, -12.75911, 0.0 ], [ -38.27047, -12.75918, 0.0 ], [ -38.27028, -12.75908, 0.0 ], [ -38.27017, -12.75904, 0.0 ], [ -38.26997, -12.75905, 0.0 ], [ -38.26989, -12.75897, 0.0 ], [ -38.26985, -12.75894, 0.0 ], [ -38.26977, -12.75895, 0.0 ], [ -38.26961, -12.75898, 0.0 ], [ -38.26942, -12.75895, 0.0 ], [ -38.2686, -12.75894, 0.0 ], [ -38.2683, -12.75969, 0.0 ], [ -38.26811, -12.75996, 0.0 ], [ -38.26777, -12.76016, 0.0 ], [ -38.26733, -12.76022, 0.0 ], [ -38.26677, -12.76013, 0.0 ], [ -38.26643, -12.76104, 0.0 ], [ -38.26626, -12.76142, 0.0 ], [ -38.26592, -12.76198, 0.0 ], [ -38.26582, -12.76218, 0.0 ], [ -38.26563, -12.76231, 0.0 ], [ -38.26554, -12.76234, 0.0 ], [ -38.26435, -12.7617, 0.0 ], [ -38.26078, -12.7598, 0.0 ], [ -38.25666, -12.75752, 0.0 ], [ -38.25697, -12.75699, 0.0 ], [ -38.25635, -12.75667, 0.0 ], [ -38.2561, -12.75606, 0.0 ], [ -38.25607, -12.75529, 0.0 ], [ -38.25594, -12.75506, 0.0 ], [ -38.25516, -12.7547, 0.0 ], [ -38.25491, -12.7544, 0.0 ], [ -38.25141, -12.75663, 0.0 ], [ -38.25111, -12.75683, 0.0 ], [ -38.2521, -12.75876, 0.0 ], [ -38.25275, -12.75917, 0.0 ], [ -38.25307, -12.75974, 0.0 ], [ -38.25372, -12.76088, 0.0 ], [ -38.25423, -12.7614, 0.0 ], [ -38.25447, -12.76143, 0.0 ], [ -38.25485, -12.76155, 0.0 ], [ -38.2557, -12.76133, 0.0 ], [ -38.25579, -12.76134, 0.0 ], [ -38.25738, -12.76011, 0.0 ], [ -38.2579, -12.75995, 0.0 ], [ -38.25824, -12.76008, 0.0 ], [ -38.25724, -12.76126, 0.0 ], [ -38.2569, -12.76246, 0.0 ], [ -38.2569, -12.76323, 0.0 ], [ -38.25691, -12.76342, 0.0 ], [ -38.25774, -12.76523, 0.0 ], [ -38.2577, -12.76621, 0.0 ], [ -38.25767, -12.76692, 0.0 ], [ -38.2578, -12.76797, 0.0 ], [ -38.25741, -12.76864, 0.0 ], [ -38.25714, -12.76916, 0.0 ], [ -38.2571, -12.76963, 0.0 ], [ -38.25684, -12.76995, 0.0 ], [ -38.25655, -12.76994, 0.0 ], [ -38.25622, -12.7699, 0.0 ], [ -38.25593, -12.76985, 0.0 ], [ -38.25579, -12.76981, 0.0 ], [ -38.2557, -12.76989, 0.0 ], [ -38.25568, -12.77002, 0.0 ], [ -38.25537, -12.77017, 0.0 ], [ -38.2552, -12.77021, 0.0 ], [ -38.25518, -12.77039, 0.0 ], [ -38.25514, -12.77055, 0.0 ], [ -38.25498, -12.77051, 0.0 ], [ -38.2549, -12.77058, 0.0 ], [ -38.25483, -12.77055, 0.0 ], [ -38.25472, -12.7705, 0.0 ], [ -38.25458, -12.77059, 0.0 ], [ -38.2545, -12.77075, 0.0 ], [ -38.2543, -12.77092, 0.0 ], [ -38.25411, -12.77095, 0.0 ], [ -38.2538, -12.77069, 0.0 ], [ -38.25356, -12.77069, 0.0 ], [ -38.25345, -12.77073, 0.0 ], [ -38.25346, -12.77085, 0.0 ], [ -38.25315, -12.77102, 0.0 ], [ -38.25292, -12.77127, 0.0 ], [ -38.25258, -12.77147, 0.0 ], [ -38.25257, -12.7715, 0.0 ], [ -38.25234, -12.7715, 0.0 ], [ -38.25222, -12.7715, 0.0 ], [ -38.25209, -12.7715, 0.0 ], [ -38.25203, -12.77151, 0.0 ], [ -38.2519, -12.77162, 0.0 ], [ -38.25177, -12.77178, 0.0 ], [ -38.2517, -12.77211, 0.0 ], [ -38.25166, -12.77239, 0.0 ], [ -38.25159, -12.77267, 0.0 ], [ -38.25154, -12.77299, 0.0 ], [ -38.25184, -12.77347, 0.0 ], [ -38.25213, -12.7736, 0.0 ], [ -38.25217, -12.77387, 0.0 ], [ -38.25218, -12.77414, 0.0 ], [ -38.25235, -12.77433, 0.0 ], [ -38.25238, -12.77454, 0.0 ], [ -38.25236, -12.77485, 0.0 ], [ -38.25302, -12.77537, 0.0 ], [ -38.25321, -12.77538, 0.0 ], [ -38.25345, -12.77529, 0.0 ], [ -38.2537, -12.77511, 0.0 ], [ -38.25384, -12.77498, 0.0 ], [ -38.25404, -12.77497, 0.0 ], [ -38.25429, -12.77497, 0.0 ], [ -38.25449, -12.77507, 0.0 ], [ -38.25451, -12.77508, 0.0 ], [ -38.25452, -12.77508, 0.0 ], [ -38.25475, -12.77521, 0.0 ], [ -38.25491, -12.77541, 0.0 ], [ -38.25508, -12.77555, 0.0 ], [ -38.25521, -12.77568, 0.0 ], [ -38.25525, -12.77586, 0.0 ], [ -38.2557, -12.77798, 0.0 ], [ -38.25613, -12.77778, 0.0 ], [ -38.25679, -12.77728, 0.0 ], [ -38.25745, -12.77702, 0.0 ], [ -38.25826, -12.77678, 0.0 ], [ -38.25892, -12.77653, 0.0 ], [ -38.25941, -12.77624, 0.0 ], [ -38.25983, -12.77583, 0.0 ], [ -38.26057, -12.77524, 0.0 ], [ -38.26111, -12.77474, 0.0 ], [ -38.26166, -12.77435, 0.0 ], [ -38.26201, -12.77405, 0.0 ], [ -38.26739, -12.7724, 0.0 ], [ -38.2688, -12.77348, 0.0 ], [ -38.26953, -12.77352, 0.0 ], [ -38.27035, -12.77344, 0.0 ], [ -38.2715, -12.77296, 0.0 ], [ -38.27203, -12.77269, 0.0 ], [ -38.27202, -12.77448, 0.0 ], [ -38.27202, -12.77484, 0.0 ], [ -38.2689, -12.78651, 0.0 ], [ -38.26847, -12.78746, 0.0 ], [ -38.26793, -12.78861, 0.0 ], [ -38.27121, -12.78924, 0.0 ], [ -38.27258, -12.78841, 0.0 ], [ -38.2734, -12.78891, 0.0 ], [ -38.27403, -12.789, 0.0 ], [ -38.27446, -12.78888, 0.0 ], [ -38.27507, -12.78858, 0.0 ], [ -38.27562, -12.78817, 0.0 ], [ -38.27591, -12.78791, 0.0 ], [ -38.27598, -12.78767, 0.0 ], [ -38.27599, -12.7871, 0.0 ], [ -38.2762, -12.78667, 0.0 ], [ -38.27651, -12.78598, 0.0 ], [ -38.27658, -12.78582, 0.0 ], [ -38.27667, -12.78628, 0.0 ], [ -38.27685, -12.78687, 0.0 ], [ -38.27729, -12.78733, 0.0 ], [ -38.27788, -12.78783, 0.0 ], [ -38.27824, -12.78798, 0.0 ], [ -38.27967, -12.78128, 0.0 ], [ -38.28019, -12.77419, 0.0 ], [ -38.28039, -12.77396, 0.0 ], [ -38.28042, -12.7739, 0.0 ], [ -38.28056, -12.7735, 0.0 ], [ -38.2811, -12.77262, 0.0 ], [ -38.28128, -12.77211, 0.0 ], [ -38.28148, -12.77187, 0.0 ], [ -38.28213, -12.77101, 0.0 ], [ -38.28342, -12.77017, 0.0 ], [ -38.28419, -12.76938, 0.0 ], [ -38.28458, -12.76823, 0.0 ], [ -38.285, -12.76791, 0.0 ], [ -38.28609, -12.76744, 0.0 ], [ -38.28763, -12.76702, 0.0 ], [ -38.28867, -12.76648, 0.0 ], [ -38.28887, -12.76634, 0.0 ], [ -38.29004, -12.76554, 0.0 ], [ -38.29106, -12.7653, 0.0 ], [ -38.29213, -12.76582, 0.0 ], [ -38.29335, -12.76634, 0.0 ], [ -38.2937, -12.76746, 0.0 ], [ -38.294, -12.76844, 0.0 ], [ -38.29623, -12.77016, 0.0 ], [ -38.29775, -12.7714, 0.0 ], [ -38.29826, -12.77207, 0.0 ], [ -38.29863, -12.77318, 0.0 ], [ -38.29968, -12.77431, 0.0 ], [ -38.30101, -12.7747, 0.0 ], [ -38.30198, -12.77659, 0.0 ], [ -38.30273, -12.7777, 0.0 ], [ -38.30256, -12.77974, 0.0 ], [ -38.30199, -12.78172, 0.0 ], [ -38.30215, -12.78211, 0.0 ], [ -38.30378, -12.78288, 0.0 ], [ -38.30438, -12.78332, 0.0 ], [ -38.30533, -12.78337, 0.0 ], [ -38.30604, -12.78377, 0.0 ], [ -38.30651, -12.7843, 0.0 ], [ -38.3068, -12.78476, 0.0 ], [ -38.30605, -12.7895, 0.0 ], [ -38.30647, -12.79006, 0.0 ], [ -38.3077, -12.79171, 0.0 ], [ -38.30881, -12.79233, 0.0 ], [ -38.30962, -12.792, 0.0 ], [ -38.31043, -12.79252, 0.0 ], [ -38.31099, -12.7925, 0.0 ], [ -38.31376, -12.79136, 0.0 ], [ -38.31381, -12.79179, 0.0 ], [ -38.31458, -12.79256, 0.0 ], [ -38.31669, -12.79338, 0.0 ], [ -38.31721, -12.79379, 0.0 ], [ -38.31815, -12.79363, 0.0 ], [ -38.31815, -12.79363, 0.0 ], [ -38.3212, -12.7931, 0.0 ], [ -38.32318, -12.7929, 0.0 ], [ -38.32472, -12.79309, 0.0 ], [ -38.32577, -12.79293, 0.0 ], [ -38.32625, -12.79322, 0.0 ], [ -38.32647, -12.79394, 0.0 ], [ -38.32734, -12.79548, 0.0 ], [ -38.32756, -12.79554, 0.0 ], [ -38.32778, -12.79556, 0.0 ], [ -38.32792, -12.79519, 0.0 ], [ -38.32796, -12.79515, 0.0 ], [ -38.32854, -12.79444, 0.0 ], [ -38.32941, -12.79355, 0.0 ], [ -38.32946, -12.7935, 0.0 ], [ -38.33105, -12.79233, 0.0 ], [ -38.33139, -12.79189, 0.0 ], [ -38.33152, -12.79162, 0.0 ], [ -38.32892, -12.7905, 0.0 ], [ -38.32626, -12.78934, 0.0 ], [ -38.32556, -12.78892, 0.0 ], [ -38.32522, -12.78867, 0.0 ], [ -38.32476, -12.78828, 0.0 ], [ -38.32424, -12.78772, 0.0 ], [ -38.3239, -12.7873, 0.0 ], [ -38.32349, -12.78669, 0.0 ], [ -38.32294, -12.78575, 0.0 ], [ -38.32203, -12.78421, 0.0 ], [ -38.31409, -12.77073, 0.0 ], [ -38.31748, -12.76754, 0.0 ], [ -38.31816, -12.76685, 0.0 ], [ -38.31923, -12.76621, 0.0 ], [ -38.31952, -12.76829, 0.0 ], [ -38.32078, -12.76809, 0.0 ], [ -38.32175, -12.76755, 0.0 ], [ -38.32112, -12.7668, 0.0 ], [ -38.322, -12.76598, 0.0 ], [ -38.32318, -12.76507, 0.0 ], [ -38.32269, -12.76444, 0.0 ], [ -38.32162, -12.76423, 0.0 ], [ -38.32085, -12.76472, 0.0 ], [ -38.32009, -12.76485, 0.0 ], [ -38.32061, -12.76372, 0.0 ], [ -38.32156, -12.76309, 0.0 ], [ -38.32269, -12.76231, 0.0 ], [ -38.32357, -12.76174, 0.0 ], [ -38.32555, -12.763, 0.0 ], [ -38.32861, -12.76496, 0.0 ], [ -38.32971, -12.76527, 0.0 ], [ -38.3297, -12.76525, 0.0 ], [ -38.33036, -12.76391, 0.0 ], [ -38.33274, -12.76172, 0.0 ], [ -38.33429, -12.76223, 0.0 ], [ -38.33431, -12.76605, 0.0 ], [ -38.33318, -12.76637, 0.0 ], [ -38.33139, -12.76605, 0.0 ], [ -38.33041, -12.76596, 0.0 ], [ -38.33047, -12.76631, 0.0 ], [ -38.33131, -12.76675, 0.0 ], [ -38.33195, -12.76734, 0.0 ], [ -38.33216, -12.76854, 0.0 ], [ -38.33277, -12.76904, 0.0 ], [ -38.3337, -12.77, 0.0 ], [ -38.3342, -12.7709, 0.0 ], [ -38.33437, -12.77199, 0.0 ], [ -38.33437, -12.77199, 0.0 ], [ -38.33398, -12.77301, 0.0 ], [ -38.33411, -12.77366, 0.0 ], [ -38.33408, -12.77446, 0.0 ], [ -38.33372, -12.77456, 0.0 ], [ -38.33309, -12.7853, 0.0 ], [ -38.33333, -12.78491, 0.0 ], [ -38.33351, -12.78443, 0.0 ], [ -38.33352, -12.78442, 0.0 ], [ -38.33352, -12.78442, 0.0 ], [ -38.33352, -12.78442, 0.0 ], [ -38.33421, -12.78296, 0.0 ], [ -38.33446, -12.78219, 0.0 ], [ -38.33471, -12.78142, 0.0 ], [ -38.33505, -12.78058, 0.0 ], [ -38.33539, -12.77974, 0.0 ], [ -38.33614, -12.77821, 0.0 ], [ -38.33771, -12.77567, 0.0 ], [ -38.33928, -12.77378, 0.0 ], [ -38.34049, -12.77232, 0.0 ], [ -38.34117, -12.77064, 0.0 ], [ -38.34133, -12.76941, 0.0 ], [ -38.34142, -12.76875, 0.0 ], [ -38.34142, -12.76875, 0.0 ], [ -38.34145, -12.76679, 0.0 ], [ -38.34145, -12.76679, 0.0 ], [ -38.34142, -12.76579, 0.0 ], [ -38.34142, -12.76579, 0.0 ], [ -38.34156, -12.76522, 0.0 ], [ -38.34156, -12.76522, 0.0 ], [ -38.34165, -12.76478, 0.0 ], [ -38.34157, -12.7646, 0.0 ], [ -38.34157, -12.7646, 0.0 ], [ -38.34155, -12.76444, 0.0 ], [ -38.34155, -12.76444, 0.0 ], [ -38.34164, -12.76434, 0.0 ], [ -38.34182, -12.76432, 0.0 ], [ -38.3422, -12.76441, 0.0 ], [ -38.34242, -12.76438, 0.0 ], [ -38.34254, -12.76431, 0.0 ], [ -38.34258, -12.76417, 0.0 ], [ -38.34262, -12.76408, 0.0 ], [ -38.34265, -12.76394, 0.0 ], [ -38.34265, -12.76394, 0.0 ], [ -38.34267, -12.76376, 0.0 ], [ -38.34267, -12.76376, 0.0 ], [ -38.34267, -12.76358, 0.0 ], [ -38.34255, -12.76338, 0.0 ], [ -38.34255, -12.76338, 0.0 ], [ -38.34252, -12.76321, 0.0 ], [ -38.34252, -12.76321, 0.0 ], [ -38.34258, -12.76306, 0.0 ], [ -38.34277, -12.76301, 0.0 ], [ -38.34294, -12.76304, 0.0 ], [ -38.34314, -12.76321, 0.0 ], [ -38.34329, -12.76325, 0.0 ], [ -38.34343, -12.76326, 0.0 ], [ -38.34352, -12.76324, 0.0 ], [ -38.34361, -12.76314, 0.0 ], [ -38.34366, -12.76307, 0.0 ], [ -38.34365, -12.76283, 0.0 ], [ -38.34362, -12.76271, 0.0 ], [ -38.34354, -12.76262, 0.0 ], [ -38.34341, -12.76254, 0.0 ], [ -38.34323, -12.76242, 0.0 ], [ -38.34306, -12.7622, 0.0 ], [ -38.34294, -12.76186, 0.0 ], [ -38.34294, -12.76186, 0.0 ], [ -38.34294, -12.76186, 0.0 ], [ -38.34313, -12.76153, 0.0 ], [ -38.34333, -12.76142, 0.0 ], [ -38.34348, -12.76137, 0.0 ], [ -38.34362, -12.76137, 0.0 ], [ -38.34371, -12.76141, 0.0 ], [ -38.34376, -12.76146, 0.0 ], [ -38.34376, -12.76146, 0.0 ], [ -38.34373, -12.76162, 0.0 ], [ -38.34373, -12.76162, 0.0 ], [ -38.34361, -12.76176, 0.0 ], [ -38.34358, -12.76189, 0.0 ], [ -38.34364, -12.76199, 0.0 ], [ -38.3438, -12.76203, 0.0 ], [ -38.34393, -12.76203, 0.0 ], [ -38.34405, -12.76189, 0.0 ], [ -38.34416, -12.76179, 0.0 ], [ -38.34443, -12.76162, 0.0 ], [ -38.34466, -12.7615, 0.0 ], [ -38.34496, -12.76135, 0.0 ], [ -38.34532, -12.76126, 0.0 ], [ -38.34559, -12.7612, 0.0 ], [ -38.34576, -12.76109, 0.0 ], [ -38.34578, -12.76101, 0.0 ], [ -38.34568, -12.76086, 0.0 ], [ -38.34548, -12.76072, 0.0 ], [ -38.34534, -12.76048, 0.0 ], [ -38.34523, -12.76005, 0.0 ], [ -38.34523, -12.76005, 0.0 ], [ -38.34523, -12.75976, 0.0 ], [ -38.34523, -12.75976, 0.0 ], [ -38.34541, -12.75952, 0.0 ], [ -38.34575, -12.75928, 0.0 ], [ -38.34595, -12.75893, 0.0 ], [ -38.34607, -12.75851, 0.0 ], [ -38.34604, -12.75819, 0.0 ], [ -38.34604, -12.75819, 0.0 ], [ -38.34606, -12.75791, 0.0 ], [ -38.34606, -12.75791, 0.0 ], [ -38.34613, -12.75774, 0.0 ], [ -38.34634, -12.75744, 0.0 ], [ -38.34646, -12.75717, 0.0 ], [ -38.34648, -12.75681, 0.0 ], [ -38.34648, -12.75681, 0.0 ], [ -38.34644, -12.75659, 0.0 ], [ -38.34633, -12.75644, 0.0 ], [ -38.34615, -12.75633, 0.0 ], [ -38.34592, -12.75623, 0.0 ], [ -38.34578, -12.75611, 0.0 ], [ -38.34573, -12.7559, 0.0 ], [ -38.34573, -12.7559, 0.0 ], [ -38.34572, -12.75536, 0.0 ], [ -38.34572, -12.75536, 0.0 ], [ -38.34568, -12.7548, 0.0 ], [ -38.34568, -12.7548, 0.0 ], [ -38.34571, -12.75451, 0.0 ], [ -38.34571, -12.75451, 0.0 ], [ -38.34576, -12.75427, 0.0 ], [ -38.34596, -12.75407, 0.0 ], [ -38.34617, -12.75376, 0.0 ], [ -38.34636, -12.75357, 0.0 ], [ -38.34665, -12.75314, 0.0 ], [ -38.34688, -12.75269, 0.0 ], [ -38.34693, -12.75244, 0.0 ], [ -38.34693, -12.75244, 0.0 ], [ -38.34695, -12.75233, 0.0 ], [ -38.34695, -12.75233, 0.0 ], [ -38.34698, -12.75167, 0.0 ], [ -38.34698, -12.75167, 0.0 ], [ -38.3471, -12.75103, 0.0 ], [ -38.3471, -12.75103, 0.0 ], [ -38.34727, -12.75038, 0.0 ], [ -38.3474, -12.75026, 0.0 ], [ -38.34765, -12.75011, 0.0 ], [ -38.34778, -12.74994, 0.0 ], [ -38.34791, -12.74964, 0.0 ], [ -38.34791, -12.74948, 0.0 ], [ -38.3479, -12.74936, 0.0 ], [ -38.3479, -12.74936, 0.0 ], [ -38.34791, -12.74909, 0.0 ], [ -38.34791, -12.74909, 0.0 ], [ -38.34787, -12.74855, 0.0 ], [ -38.34787, -12.74855, 0.0 ], [ -38.34786, -12.74835, 0.0 ], [ -38.3478, -12.74819, 0.0 ], [ -38.34766, -12.7479, 0.0 ], [ -38.34755, -12.74764, 0.0 ], [ -38.34755, -12.74764, 0.0 ], [ -38.34743, -12.74705, 0.0 ], [ -38.34743, -12.74705, 0.0 ], [ -38.34744, -12.74689, 0.0 ], [ -38.34744, -12.74689, 0.0 ], [ -38.34753, -12.74674, 0.0 ], [ -38.34776, -12.74662, 0.0 ], [ -38.34793, -12.74646, 0.0 ], [ -38.34803, -12.74627, 0.0 ], [ -38.34806, -12.74607, 0.0 ], [ -38.34806, -12.74607, 0.0 ], [ -38.34806, -12.74592, 0.0 ], [ -38.34806, -12.74592, 0.0 ], [ -38.34799, -12.74551, 0.0 ], [ -38.34799, -12.74551, 0.0 ], [ -38.34804, -12.74497, 0.0 ], [ -38.34804, -12.74497, 0.0 ], [ -38.34801, -12.74469, 0.0 ], [ -38.34801, -12.74468, 0.0 ], [ -38.34801, -12.7445, 0.0 ], [ -38.34801, -12.7445, 0.0 ], [ -38.34803, -12.74435, 0.0 ], [ -38.34803, -12.74435, 0.0 ], [ -38.34811, -12.74426, 0.0 ], [ -38.34819, -12.74424, 0.0 ], [ -38.34835, -12.74432, 0.0 ], [ -38.34855, -12.74451, 0.0 ], [ -38.34871, -12.74471, 0.0 ], [ -38.34873, -12.7448, 0.0 ], [ -38.34876, -12.74487, 0.0 ], [ -38.34884, -12.74491, 0.0 ], [ -38.34893, -12.7449, 0.0 ], [ -38.34897, -12.74489, 0.0 ], [ -38.34902, -12.74484, 0.0 ], [ -38.3491, -12.74468, 0.0 ], [ -38.34909, -12.7445, 0.0 ], [ -38.34909, -12.7445, 0.0 ], [ -38.34914, -12.74435, 0.0 ], [ -38.34923, -12.74424, 0.0 ], [ -38.34938, -12.74405, 0.0 ], [ -38.34943, -12.74393, 0.0 ], [ -38.34943, -12.74378, 0.0 ], [ -38.3494, -12.74369, 0.0 ], [ -38.34928, -12.74357, 0.0 ], [ -38.34913, -12.74349, 0.0 ], [ -38.34885, -12.74346, 0.0 ], [ -38.34864, -12.74337, 0.0 ], [ -38.34845, -12.74329, 0.0 ], [ -38.34824, -12.74313, 0.0 ], [ -38.34815, -12.74303, 0.0 ], [ -38.34811, -12.74293, 0.0 ], [ -38.34811, -12.74293, 0.0 ], [ -38.34808, -12.7428, 0.0 ], [ -38.34808, -12.7428, 0.0 ], [ -38.3481, -12.74244, 0.0 ], [ -38.3481, -12.74244, 0.0 ], [ -38.34806, -12.74226, 0.0 ], [ -38.34799, -12.74215, 0.0 ], [ -38.34786, -12.74203, 0.0 ], [ -38.34776, -12.74192, 0.0 ], [ -38.34764, -12.74177, 0.0 ], [ -38.34749, -12.74155, 0.0 ], [ -38.34744, -12.74146, 0.0 ], [ -38.3474, -12.74137, 0.0 ], [ -38.34707, -12.74106, 0.0 ], [ -38.34689, -12.74083, 0.0 ], [ -38.34675, -12.74047, 0.0 ], [ -38.34649, -12.73976, 0.0 ], [ -38.34641, -12.73943, 0.0 ], [ -38.34641, -12.73943, 0.0 ], [ -38.34641, -12.73903, 0.0 ], [ -38.34641, -12.73903, 0.0 ], [ -38.34647, -12.73878, 0.0 ], [ -38.3466, -12.73856, 0.0 ], [ -38.34677, -12.73831, 0.0 ], [ -38.34688, -12.73809, 0.0 ], [ -38.34693, -12.73797, 0.0 ], [ -38.34704, -12.73767, 0.0 ], [ -38.34711, -12.7375, 0.0 ], [ -38.34721, -12.73719, 0.0 ], [ -38.34727, -12.73702, 0.0 ], [ -38.34734, -12.73682, 0.0 ], [ -38.34762, -12.73647, 0.0 ], [ -38.34775, -12.73638, 0.0 ], [ -38.34789, -12.73636, 0.0 ], [ -38.34797, -12.73641, 0.0 ], [ -38.34811, -12.7366, 0.0 ], [ -38.34818, -12.73686, 0.0 ], [ -38.34818, -12.73686, 0.0 ], [ -38.34821, -12.73706, 0.0 ], [ -38.34829, -12.73723, 0.0 ], [ -38.3484, -12.73729, 0.0 ], [ -38.34855, -12.73731, 0.0 ], [ -38.34873, -12.73721, 0.0 ], [ -38.34878, -12.73708, 0.0 ], [ -38.34883, -12.73695, 0.0 ], [ -38.34887, -12.73677, 0.0 ], [ -38.34887, -12.73677, 0.0 ], [ -38.34887, -12.7365, 0.0 ], [ -38.34887, -12.7365, 0.0 ], [ -38.34889, -12.73626, 0.0 ], [ -38.34889, -12.73626, 0.0 ], [ -38.34893, -12.73611, 0.0 ], [ -38.34893, -12.73611, 0.0 ], [ -38.34894, -12.73598, 0.0 ], [ -38.34894, -12.73598, 0.0 ], [ -38.34899, -12.7358, 0.0 ], [ -38.34911, -12.73535, 0.0 ], [ -38.34916, -12.7352, 0.0 ], [ -38.34925, -12.73498, 0.0 ], [ -38.34939, -12.73476, 0.0 ], [ -38.3496, -12.73453, 0.0 ], [ -38.34983, -12.73436, 0.0 ], [ -38.35002, -12.7342, 0.0 ], [ -38.3502, -12.73401, 0.0 ], [ -38.35035, -12.73382, 0.0 ], [ -38.35056, -12.73359, 0.0 ], [ -38.3507, -12.73333, 0.0 ], [ -38.35082, -12.733, 0.0 ], [ -38.35089, -12.73267, 0.0 ], [ -38.35099, -12.73249, 0.0 ], [ -38.35109, -12.73242, 0.0 ], [ -38.3512, -12.73238, 0.0 ], [ -38.35134, -12.73239, 0.0 ], [ -38.3515, -12.73246, 0.0 ], [ -38.35163, -12.73256, 0.0 ], [ -38.35175, -12.73281, 0.0 ], [ -38.35187, -12.73306, 0.0 ], [ -38.35201, -12.73315, 0.0 ], [ -38.35216, -12.73318, 0.0 ], [ -38.35234, -12.7331, 0.0 ], [ -38.35252, -12.7329, 0.0 ], [ -38.35268, -12.73261, 0.0 ], [ -38.35284, -12.73219, 0.0 ], [ -38.35285, -12.73209, 0.0 ], [ -38.35285, -12.73209, 0.0 ], [ -38.35286, -12.73201, 0.0 ], [ -38.35282, -12.73192, 0.0 ], [ -38.35271, -12.73185, 0.0 ], [ -38.35233, -12.73181, 0.0 ], [ -38.35202, -12.73177, 0.0 ], [ -38.35188, -12.73171, 0.0 ], [ -38.35169, -12.73155, 0.0 ], [ -38.35137, -12.73132, 0.0 ], [ -38.35112, -12.73115, 0.0 ], [ -38.35088, -12.73095, 0.0 ], [ -38.35075, -12.73086, 0.0 ], [ -38.35071, -12.7308, 0.0 ], [ -38.35071, -12.7308, 0.0 ], [ -38.35075, -12.73066, 0.0 ], [ -38.35085, -12.73053, 0.0 ], [ -38.35106, -12.73014, 0.0 ], [ -38.35126, -12.72983, 0.0 ], [ -38.35145, -12.72955, 0.0 ], [ -38.35155, -12.72945, 0.0 ], [ -38.35174, -12.72935, 0.0 ], [ -38.35204, -12.7292, 0.0 ], [ -38.35218, -12.72906, 0.0 ], [ -38.35234, -12.72882, 0.0 ], [ -38.35239, -12.72868, 0.0 ], [ -38.35237, -12.72853, 0.0 ], [ -38.35226, -12.72826, 0.0 ], [ -38.35221, -12.72821, 0.0 ], [ -38.35221, -12.72821, 0.0 ], [ -38.3522, -12.72813, 0.0 ], [ -38.3522, -12.72813, 0.0 ], [ -38.35229, -12.72784, 0.0 ], [ -38.3523, -12.72771, 0.0 ], [ -38.3523, -12.72771, 0.0 ], [ -38.35231, -12.72763, 0.0 ], [ -38.35231, -12.72763, 0.0 ], [ -38.35237, -12.72756, 0.0 ], [ -38.35248, -12.72754, 0.0 ], [ -38.35257, -12.72758, 0.0 ], [ -38.35265, -12.72771, 0.0 ], [ -38.3527, -12.72787, 0.0 ], [ -38.35275, -12.72805, 0.0 ], [ -38.35282, -12.7281, 0.0 ], [ -38.35292, -12.72805, 0.0 ], [ -38.35305, -12.72789, 0.0 ], [ -38.35306, -12.72775, 0.0 ], [ -38.35301, -12.72761, 0.0 ], [ -38.35287, -12.72742, 0.0 ], [ -38.35265, -12.7273, 0.0 ], [ -38.35255, -12.72718, 0.0 ], [ -38.35255, -12.72718, 0.0 ], [ -38.35254, -12.72691, 0.0 ], [ -38.35254, -12.72691, 0.0 ], [ -38.3526, -12.72669, 0.0 ], [ -38.35269, -12.72643, 0.0 ], [ -38.35274, -12.72617, 0.0 ], [ -38.35274, -12.72617, 0.0 ], [ -38.35277, -12.72608, 0.0 ], [ -38.35284, -12.72601, 0.0 ], [ -38.35294, -12.72603, 0.0 ], [ -38.35306, -12.72612, 0.0 ], [ -38.35322, -12.72616, 0.0 ], [ -38.35335, -12.72615, 0.0 ], [ -38.35342, -12.72609, 0.0 ], [ -38.35345, -12.72597, 0.0 ], [ -38.35342, -12.72578, 0.0 ], [ -38.35322, -12.72546, 0.0 ], [ -38.35298, -12.72506, 0.0 ], [ -38.35286, -12.72475, 0.0 ], [ -38.35286, -12.72475, 0.0 ], [ -38.35284, -12.72431, 0.0 ], [ -38.35284, -12.72431, 0.0 ], [ -38.35294, -12.72393, 0.0 ], [ -38.35299, -12.72375, 0.0 ], [ -38.35317, -12.72289, 0.0 ], [ -38.35338, -12.72222, 0.0 ], [ -38.35361, -12.72167, 0.0 ], [ -38.35383, -12.72095, 0.0 ], [ -38.35399, -12.72033, 0.0 ], [ -38.35399, -12.72033, 0.0 ], [ -38.35406, -12.71996, 0.0 ], [ -38.35406, -12.71996, 0.0 ], [ -38.3541, -12.71981, 0.0 ], [ -38.35418, -12.71955, 0.0 ], [ -38.35424, -12.71922, 0.0 ], [ -38.35424, -12.71922, 0.0 ], [ -38.35426, -12.71912, 0.0 ], [ -38.35426, -12.71912, 0.0 ], [ -38.3543, -12.71887, 0.0 ], [ -38.3543, -12.71887, 0.0 ], [ -38.3543, -12.71884, 0.0 ], [ -38.35386, -12.71892, 0.0 ], [ -38.35337, -12.71907, 0.0 ], [ -38.35263, -12.71911, 0.0 ], [ -38.35242, -12.71944, 0.0 ], [ -38.35222, -12.71978, 0.0 ], [ -38.35186, -12.71988, 0.0 ], [ -38.35139, -12.71987, 0.0 ], [ -38.35124, -12.71978, 0.0 ], [ -38.35097, -12.71932, 0.0 ], [ -38.35072, -12.71854, 0.0 ], [ -38.3505, -12.71774, 0.0 ], [ -38.34981, -12.71635, 0.0 ], [ -38.34935, -12.71539, 0.0 ], [ -38.3489, -12.71487, 0.0 ], [ -38.34867, -12.7147, 0.0 ], [ -38.34868, -12.71462, 0.0 ], [ -38.34832, -12.71428, 0.0 ], [ -38.34818, -12.71421, 0.0 ], [ -38.34774, -12.71396, 0.0 ], [ -38.34733, -12.71375, 0.0 ], [ -38.34637, -12.71483, 0.0 ], [ -38.3458, -12.71554, 0.0 ], [ -38.34673, -12.71641, 0.0 ], [ -38.34596, -12.71747, 0.0 ], [ -38.34564, -12.71792, 0.0 ] ] ] ] } },
{ "type": "Feature", "properties": { "Id": 73, "Name": "ZE 2", "DISTRITO": "SEDE", "categoria": "ZE", "perímetro_ellip_m": 15019.4, "área_ellip_m²": 8189856.0 }, "geometry": { "type": "MultiPolygon", "coordinates": [ [ [ [ -38.26032, -12.70941, 0.0 ], [ -38.26002, -12.70994, 0.0 ], [ -38.25893, -12.70991, 0.0 ], [ -38.25769, -12.70953, 0.0 ], [ -38.25698, -12.71064, 0.0 ], [ -38.25589, -12.71101, 0.0 ], [ -38.25445, -12.71207, 0.0 ], [ -38.25418, -12.71273, 0.0 ], [ -38.25452, -12.71345, 0.0 ], [ -38.25453, -12.71419, 0.0 ], [ -38.25366, -12.71482, 0.0 ], [ -38.25318, -12.71517, 0.0 ], [ -38.25288, -12.71568, 0.0 ], [ -38.2521, -12.7161, 0.0 ], [ -38.2516, -12.71665, 0.0 ], [ -38.25049, -12.71654, 0.0 ], [ -38.25006, -12.7174, 0.0 ], [ -38.24951, -12.71808, 0.0 ], [ -38.24986, -12.7194, 0.0 ], [ -38.25023, -12.72, 0.0 ], [ -38.25046, -12.72009, 0.0 ], [ -38.25069, -12.72016, 0.0 ], [ -38.2511, -12.72036, 0.0 ], [ -38.25162, -12.72053, 0.0 ], [ -38.25242, -12.72058, 0.0 ], [ -38.25261, -12.72114, 0.0 ], [ -38.25274, -12.72169, 0.0 ], [ -38.25346, -12.72207, 0.0 ], [ -38.25471, -12.72275, 0.0 ], [ -38.2548, -12.72381, 0.0 ], [ -38.25505, -12.72409, 0.0 ], [ -38.25515, -12.72447, 0.0 ], [ -38.25549, -12.72495, 0.0 ], [ -38.25559, -12.72552, 0.0 ], [ -38.2553, -12.72555, 0.0 ], [ -38.2552, -12.72591, 0.0 ], [ -38.25492, -12.72791, 0.0 ], [ -38.25512, -12.72894, 0.0 ], [ -38.25544, -12.7292, 0.0 ], [ -38.25533, -12.72962, 0.0 ], [ -38.25588, -12.73044, 0.0 ], [ -38.25592, -12.73091, 0.0 ], [ -38.25517, -12.73097, 0.0 ], [ -38.25449, -12.73092, 0.0 ], [ -38.25389, -12.7312, 0.0 ], [ -38.25396, -12.7316, 0.0 ], [ -38.25403, -12.73261, 0.0 ], [ -38.25452, -12.73364, 0.0 ], [ -38.25417, -12.73435, 0.0 ], [ -38.25433, -12.73509, 0.0 ], [ -38.25515, -12.73554, 0.0 ], [ -38.25562, -12.73594, 0.0 ], [ -38.2559, -12.73584, 0.0 ], [ -38.25613, -12.7361, 0.0 ], [ -38.25627, -12.73693, 0.0 ], [ -38.25652, -12.73737, 0.0 ], [ -38.25662, -12.73762, 0.0 ], [ -38.25654, -12.73795, 0.0 ], [ -38.25639, -12.73843, 0.0 ], [ -38.25598, -12.7386, 0.0 ], [ -38.25579, -12.73897, 0.0 ], [ -38.2554, -12.73902, 0.0 ], [ -38.25493, -12.73921, 0.0 ], [ -38.25428, -12.73953, 0.0 ], [ -38.254, -12.73992, 0.0 ], [ -38.25297, -12.73947, 0.0 ], [ -38.25222, -12.7396, 0.0 ], [ -38.2519, -12.74015, 0.0 ], [ -38.25268, -12.74035, 0.0 ], [ -38.25278, -12.74072, 0.0 ], [ -38.25301, -12.74076, 0.0 ], [ -38.25379, -12.74155, 0.0 ], [ -38.25404, -12.74177, 0.0 ], [ -38.25403, -12.74238, 0.0 ], [ -38.2544, -12.74293, 0.0 ], [ -38.25536, -12.74286, 0.0 ], [ -38.25666, -12.74239, 0.0 ], [ -38.25935, -12.74167, 0.0 ], [ -38.26029, -12.7416, 0.0 ], [ -38.26117, -12.74281, 0.0 ], [ -38.26236, -12.74305, 0.0 ], [ -38.26373, -12.74314, 0.0 ], [ -38.26424, -12.74239, 0.0 ], [ -38.26551, -12.7426, 0.0 ], [ -38.26702, -12.74185, 0.0 ], [ -38.26936, -12.74056, 0.0 ], [ -38.27036, -12.7409, 0.0 ], [ -38.27059, -12.74095, 0.0 ], [ -38.27088, -12.74056, 0.0 ], [ -38.27125, -12.74029, 0.0 ], [ -38.27192, -12.73982, 0.0 ], [ -38.27212, -12.73952, 0.0 ], [ -38.27201, -12.73856, 0.0 ], [ -38.27214, -12.73792, 0.0 ], [ -38.27216, -12.73779, 0.0 ], [ -38.27256, -12.73763, 0.0 ], [ -38.27308, -12.7374, 0.0 ], [ -38.27371, -12.73743, 0.0 ], [ -38.27436, -12.73737, 0.0 ], [ -38.2744, -12.73693, 0.0 ], [ -38.2749, -12.73687, 0.0 ], [ -38.27489, -12.73722, 0.0 ], [ -38.27507, -12.73736, 0.0 ], [ -38.27558, -12.73779, 0.0 ], [ -38.27626, -12.73778, 0.0 ], [ -38.27648, -12.7375, 0.0 ], [ -38.27677, -12.73758, 0.0 ], [ -38.27704, -12.73786, 0.0 ], [ -38.27739, -12.73787, 0.0 ], [ -38.27784, -12.7376, 0.0 ], [ -38.27824, -12.73715, 0.0 ], [ -38.27826, -12.73606, 0.0 ], [ -38.27855, -12.73515, 0.0 ], [ -38.27879, -12.73513, 0.0 ], [ -38.2794, -12.73507, 0.0 ], [ -38.28001, -12.73538, 0.0 ], [ -38.28037, -12.73563, 0.0 ], [ -38.2813, -12.73595, 0.0 ], [ -38.2815, -12.73551, 0.0 ], [ -38.282, -12.73529, 0.0 ], [ -38.28233, -12.73538, 0.0 ], [ -38.28265, -12.735, 0.0 ], [ -38.28311, -12.73495, 0.0 ], [ -38.28328, -12.73477, 0.0 ], [ -38.2833, -12.73476, 0.0 ], [ -38.28321, -12.73425, 0.0 ], [ -38.28321, -12.73425, 0.0 ], [ -38.28206, -12.73287, 0.0 ], [ -38.28206, -12.73111, 0.0 ], [ -38.28308, -12.72975, 0.0 ], [ -38.28308, -12.72975, 0.0 ], [ -38.283, -12.72954, 0.0 ], [ -38.28282, -12.72943, 0.0 ], [ -38.28264, -12.72923, 0.0 ], [ -38.28236, -12.72885, 0.0 ], [ -38.28204, -12.72865, 0.0 ], [ -38.28187, -12.72823, 0.0 ], [ -38.28158, -12.72794, 0.0 ], [ -38.28101, -12.72782, 0.0 ], [ -38.2801, -12.72772, 0.0 ], [ -38.27906, -12.72776, 0.0 ], [ -38.27813, -12.72747, 0.0 ], [ -38.27742, -12.72752, 0.0 ], [ -38.27669, -12.72783, 0.0 ], [ -38.27601, -12.72764, 0.0 ], [ -38.27504, -12.72704, 0.0 ], [ -38.27501, -12.72639, 0.0 ], [ -38.27533, -12.7256, 0.0 ], [ -38.27595, -12.72493, 0.0 ], [ -38.27682, -12.7241, 0.0 ], [ -38.27685, -12.72333, 0.0 ], [ -38.27641, -12.72276, 0.0 ], [ -38.27627, -12.72218, 0.0 ], [ -38.27544, -12.72161, 0.0 ], [ -38.27505, -12.72132, 0.0 ], [ -38.27479, -12.72041, 0.0 ], [ -38.2747, -12.7201, 0.0 ], [ -38.27448, -12.71922, 0.0 ], [ -38.27378, -12.71838, 0.0 ], [ -38.27244, -12.71775, 0.0 ], [ -38.27122, -12.71744, 0.0 ], [ -38.27037, -12.717, 0.0 ], [ -38.27037, -12.71619, 0.0 ], [ -38.2706, -12.71598, 0.0 ], [ -38.27007, -12.71546, 0.0 ], [ -38.26968, -12.71477, 0.0 ], [ -38.26912, -12.71358, 0.0 ], [ -38.26892, -12.7132, 0.0 ], [ -38.26871, -12.71266, 0.0 ], [ -38.26848, -12.71244, 0.0 ], [ -38.26805, -12.71229, 0.0 ], [ -38.26775, -12.71216, 0.0 ], [ -38.2675, -12.71226, 0.0 ], [ -38.26715, -12.7123, 0.0 ], [ -38.26668, -12.71223, 0.0 ], [ -38.26639, -12.71184, 0.0 ], [ -38.26603, -12.71156, 0.0 ], [ -38.26578, -12.7111, 0.0 ], [ -38.26578, -12.71081, 0.0 ], [ -38.2655, -12.71055, 0.0 ], [ -38.26533, -12.71058, 0.0 ], [ -38.26506, -12.71059, 0.0 ], [ -38.26503, -12.71011, 0.0 ], [ -38.26474, -12.70998, 0.0 ], [ -38.26448, -12.70989, 0.0 ], [ -38.26429, -12.70974, 0.0 ], [ -38.26416, -12.70959, 0.0 ], [ -38.26401, -12.70956, 0.0 ], [ -38.26384, -12.70953, 0.0 ], [ -38.26367, -12.70946, 0.0 ], [ -38.26344, -12.70931, 0.0 ], [ -38.26331, -12.70915, 0.0 ], [ -38.26312, -12.70895, 0.0 ], [ -38.26293, -12.70876, 0.0 ], [ -38.26281, -12.70869, 0.0 ], [ -38.26268, -12.70867, 0.0 ], [ -38.26257, -12.70865, 0.0 ], [ -38.26241, -12.70847, 0.0 ], [ -38.26228, -12.70832, 0.0 ], [ -38.26212, -12.70814, 0.0 ], [ -38.26193, -12.70802, 0.0 ], [ -38.26175, -12.70797, 0.0 ], [ -38.2614, -12.70791, 0.0 ], [ -38.26108, -12.70779, 0.0 ], [ -38.26078, -12.70763, 0.0 ], [ -38.26064, -12.70842, 0.0 ], [ -38.26032, -12.70941, 0.0 ] ] ] ] } },
{ "type": "Feature", "properties": { "Id": 74, "Name": "ZE 3", "DISTRITO": "SEDE", "categoria": "ZE", "perímetro_ellip_m": 7815.6, "área_ellip_m²": 1637560.5 }, "geometry": { "type": "MultiPolygon", "coordinates": [ [ [ [ -38.35564, -12.68306, 0.0 ], [ -38.35564, -12.68306, 0.0 ], [ -38.3554, -12.68283, 0.0 ], [ -38.3554, -12.68283, 0.0 ], [ -38.3554, -12.68283, 0.0 ], [ -38.35533, -12.68299, 0.0 ], [ -38.35529, -12.68303, 0.0 ], [ -38.35522, -12.6831, 0.0 ], [ -38.35515, -12.68317, 0.0 ], [ -38.3551, -12.68322, 0.0 ], [ -38.35508, -12.68345, 0.0 ], [ -38.35515, -12.68372, 0.0 ], [ -38.35519, -12.68392, 0.0 ], [ -38.35519, -12.68392, 0.0 ], [ -38.35394, -12.68524, 0.0 ], [ -38.35336, -12.68591, 0.0 ], [ -38.35288, -12.68639, 0.0 ], [ -38.35267, -12.68664, 0.0 ], [ -38.35243, -12.6869, 0.0 ], [ -38.35219, -12.68707, 0.0 ], [ -38.35187, -12.68728, 0.0 ], [ -38.35175, -12.68736, 0.0 ], [ -38.35225, -12.68779, 0.0 ], [ -38.3527, -12.68788, 0.0 ], [ -38.35347, -12.68803, 0.0 ], [ -38.35347, -12.68803, 0.0 ], [ -38.35347, -12.68803, 0.0 ], [ -38.35341, -12.68953, 0.0 ], [ -38.35371, -12.68952, 0.0 ], [ -38.35452, -12.68936, 0.0 ], [ -38.3547, -12.68896, 0.0 ], [ -38.35591, -12.68889, 0.0 ], [ -38.35706, -12.68911, 0.0 ], [ -38.35927, -12.68993, 0.0 ], [ -38.3604, -12.69002, 0.0 ], [ -38.36072, -12.69013, 0.0 ], [ -38.36118, -12.69048, 0.0 ], [ -38.36118, -12.69048, 0.0 ], [ -38.36118, -12.69048, 0.0 ], [ -38.36058, -12.69113, 0.0 ], [ -38.3596, -12.69533, 0.0 ], [ -38.35991, -12.69717, 0.0 ], [ -38.36014, -12.69853, 0.0 ], [ -38.36042, -12.70021, 0.0 ], [ -38.36107, -12.70067, 0.0 ], [ -38.36265, -12.70017, 0.0 ], [ -38.36366, -12.69874, 0.0 ], [ -38.36558, -12.69972, 0.0 ], [ -38.36633, -12.69977, 0.0 ], [ -38.3668, -12.69817, 0.0 ], [ -38.3661, -12.6968, 0.0 ], [ -38.3661, -12.6968, 0.0 ], [ -38.3661, -12.6968, 0.0 ], [ -38.36638, -12.69653, 0.0 ], [ -38.3656, -12.69415, 0.0 ], [ -38.3656, -12.69415, 0.0 ], [ -38.3656, -12.69415, 0.0 ], [ -38.36645, -12.69254, 0.0 ], [ -38.36632, -12.69231, 0.0 ], [ -38.36604, -12.69219, 0.0 ], [ -38.36575, -12.69217, 0.0 ], [ -38.36571, -12.69214, 0.0 ], [ -38.36463, -12.69138, 0.0 ], [ -38.36401, -12.69064, 0.0 ], [ -38.36341, -12.6902, 0.0 ], [ -38.36322, -12.69004, 0.0 ], [ -38.36294, -12.68966, 0.0 ], [ -38.36283, -12.68946, 0.0 ], [ -38.36274, -12.68934, 0.0 ], [ -38.36264, -12.68921, 0.0 ], [ -38.36263, -12.68919, 0.0 ], [ -38.36253, -12.68907, 0.0 ], [ -38.36242, -12.68896, 0.0 ], [ -38.36231, -12.68885, 0.0 ], [ -38.36219, -12.68875, 0.0 ], [ -38.36206, -12.68866, 0.0 ], [ -38.36194, -12.68857, 0.0 ], [ -38.3618, -12.68849, 0.0 ], [ -38.36167, -12.68842, 0.0 ], [ -38.36153, -12.68835, 0.0 ], [ -38.36138, -12.68829, 0.0 ], [ -38.36123, -12.68824, 0.0 ], [ -38.36109, -12.68819, 0.0 ], [ -38.36109, -12.68819, 0.0 ], [ -38.36113, -12.68806, 0.0 ], [ -38.36115, -12.68802, 0.0 ], [ -38.36117, -12.68799, 0.0 ], [ -38.36122, -12.68795, 0.0 ], [ -38.36131, -12.68791, 0.0 ], [ -38.36149, -12.6878, 0.0 ], [ -38.36153, -12.68776, 0.0 ], [ -38.36172, -12.68736, 0.0 ], [ -38.36185, -12.68703, 0.0 ], [ -38.36204, -12.68662, 0.0 ], [ -38.36236, -12.68617, 0.0 ], [ -38.36267, -12.68592, 0.0 ], [ -38.36282, -12.68584, 0.0 ], [ -38.36432, -12.6854, 0.0 ], [ -38.36561, -12.68509, 0.0 ], [ -38.36578, -12.68487, 0.0 ], [ -38.36602, -12.68432, 0.0 ], [ -38.3662, -12.68403, 0.0 ], [ -38.36635, -12.68387, 0.0 ], [ -38.36632, -12.68379, 0.0 ], [ -38.36632, -12.68379, 0.0 ], [ -38.36634, -12.68364, 0.0 ], [ -38.36307, -12.6818, 0.0 ], [ -38.35949, -12.67982, 0.0 ], [ -38.35944, -12.67979, 0.0 ], [ -38.35931, -12.67971, 0.0 ], [ -38.35931, -12.67971, 0.0 ], [ -38.3593, -12.67972, 0.0 ], [ -38.35915, -12.67981, 0.0 ], [ -38.35897, -12.67993, 0.0 ], [ -38.35886, -12.68003, 0.0 ], [ -38.35851, -12.68038, 0.0 ], [ -38.35808, -12.68088, 0.0 ], [ -38.35742, -12.6816, 0.0 ], [ -38.35719, -12.68143, 0.0 ], [ -38.35564, -12.68306, 0.0 ], [ -38.35564, -12.68306, 0.0 ], [ -38.35564, -12.68306, 0.0 ] ] ] ] } },
{ "type": "Feature", "properties": { "Id": 75, "Name": "ZE 3", "DISTRITO": "SEDE", "categoria": "ZE", "perímetro_ellip_m": 776.9, "área_ellip_m²": 38189.3 }, "geometry": { "type": "MultiPolygon", "coordinates": [ [ [ [ -38.36454, -12.67467, 0.0 ], [ -38.36403, -12.67481, 0.0 ], [ -38.36394, -12.67485, 0.0 ], [ -38.36362, -12.67497, 0.0 ], [ -38.36348, -12.67504, 0.0 ], [ -38.36348, -12.67504, 0.0 ], [ -38.36345, -12.67505, 0.0 ], [ -38.36324, -12.67517, 0.0 ], [ -38.36316, -12.67523, 0.0 ], [ -38.36307, -12.67534, 0.0 ], [ -38.36405, -12.67713, 0.0 ], [ -38.3643, -12.6771, 0.0 ], [ -38.36487, -12.67705, 0.0 ], [ -38.36515, -12.6766, 0.0 ], [ -38.36463, -12.67489, 0.0 ], [ -38.36459, -12.67476, 0.0 ], [ -38.36459, -12.67476, 0.0 ], [ -38.36456, -12.67466, 0.0 ], [ -38.36454, -12.67467, 0.0 ] ] ] ] } },
{ "type": "Feature", "properties": { "Id": 76, "Name": "ZDC 1", "DISTRITO": "ABRANTES", "categoria": "ZDC", "perímetro_ellip_m": 11298.3, "área_ellip_m²": 1640637.4 }, "geometry": { "type": "MultiPolygon", "coordinates": [ [ [ [ -38.26332, -12.86949, 0.0 ], [ -38.26402, -12.87017, 0.0 ], [ -38.26445, -12.87074, 0.0 ], [ -38.26486, -12.87137, 0.0 ], [ -38.26509, -12.87174, 0.0 ], [ -38.26509, -12.87174, 0.0 ], [ -38.26513, -12.87202, 0.0 ], [ -38.26513, -12.87202, 0.0 ], [ -38.2652, -12.87232, 0.0 ], [ -38.2652, -12.87232, 0.0 ], [ -38.26529, -12.87264, 0.0 ], [ -38.26545, -12.87276, 0.0 ], [ -38.26545, -12.87276, 0.0 ], [ -38.2654, -12.87287, 0.0 ], [ -38.26547, -12.8733, 0.0 ], [ -38.26548, -12.87331, 0.0 ], [ -38.26549, -12.87335, 0.0 ], [ -38.26549, -12.87335, 0.0 ], [ -38.26555, -12.87361, 0.0 ], [ -38.26565, -12.87383, 0.0 ], [ -38.26568, -12.87384, 0.0 ], [ -38.26596, -12.8739, 0.0 ], [ -38.26623, -12.87384, 0.0 ], [ -38.2667, -12.87436, 0.0 ], [ -38.26715, -12.87476, 0.0 ], [ -38.26788, -12.87527, 0.0 ], [ -38.26824, -12.87541, 0.0 ], [ -38.26868, -12.87548, 0.0 ], [ -38.26879, -12.87573, 0.0 ], [ -38.26881, -12.87575, 0.0 ], [ -38.26889, -12.87591, 0.0 ], [ -38.26901, -12.87618, 0.0 ], [ -38.26932, -12.87616, 0.0 ], [ -38.26969, -12.87613, 0.0 ], [ -38.26971, -12.87612, 0.0 ], [ -38.26998, -12.87591, 0.0 ], [ -38.27007, -12.87557, 0.0 ], [ -38.27027, -12.87505, 0.0 ], [ -38.27047, -12.87494, 0.0 ], [ -38.2706, -12.87488, 0.0 ], [ -38.27092, -12.87495, 0.0 ], [ -38.2714, -12.87515, 0.0 ], [ -38.27185, -12.87538, 0.0 ], [ -38.27251, -12.8747, 0.0 ], [ -38.27287, -12.8742, 0.0 ], [ -38.27324, -12.87369, 0.0 ], [ -38.27333, -12.87348, 0.0 ], [ -38.27332, -12.8725, 0.0 ], [ -38.27357, -12.87252, 0.0 ], [ -38.27383, -12.87253, 0.0 ], [ -38.27397, -12.87256, 0.0 ], [ -38.27405, -12.87257, 0.0 ], [ -38.27415, -12.87246, 0.0 ], [ -38.27407, -12.87239, 0.0 ], [ -38.27403, -12.87237, 0.0 ], [ -38.27402, -12.87234, 0.0 ], [ -38.27402, -12.87232, 0.0 ], [ -38.27403, -12.8723, 0.0 ], [ -38.27405, -12.87224, 0.0 ], [ -38.27409, -12.87218, 0.0 ], [ -38.27418, -12.87203, 0.0 ], [ -38.27421, -12.87197, 0.0 ], [ -38.27428, -12.87189, 0.0 ], [ -38.27439, -12.87177, 0.0 ], [ -38.27454, -12.87163, 0.0 ], [ -38.27465, -12.87152, 0.0 ], [ -38.27475, -12.87142, 0.0 ], [ -38.27483, -12.87136, 0.0 ], [ -38.27491, -12.87136, 0.0 ], [ -38.27499, -12.87137, 0.0 ], [ -38.27502, -12.87137, 0.0 ], [ -38.27508, -12.87137, 0.0 ], [ -38.27515, -12.87134, 0.0 ], [ -38.27523, -12.87124, 0.0 ], [ -38.27534, -12.87112, 0.0 ], [ -38.27541, -12.871, 0.0 ], [ -38.27549, -12.87067, 0.0 ], [ -38.27539, -12.87057, 0.0 ], [ -38.27526, -12.87066, 0.0 ], [ -38.27511, -12.87072, 0.0 ], [ -38.27496, -12.87079, 0.0 ], [ -38.27481, -12.87085, 0.0 ], [ -38.27462, -12.87091, 0.0 ], [ -38.2744, -12.87097, 0.0 ], [ -38.27412, -12.87101, 0.0 ], [ -38.27391, -12.87103, 0.0 ], [ -38.27367, -12.87106, 0.0 ], [ -38.27341, -12.87109, 0.0 ], [ -38.27321, -12.8711, 0.0 ], [ -38.27304, -12.8711, 0.0 ], [ -38.2729, -12.8711, 0.0 ], [ -38.27275, -12.87108, 0.0 ], [ -38.27251, -12.87105, 0.0 ], [ -38.27227, -12.87101, 0.0 ], [ -38.27219, -12.871, 0.0 ], [ -38.27205, -12.87097, 0.0 ], [ -38.27191, -12.87095, 0.0 ], [ -38.27179, -12.87093, 0.0 ], [ -38.27146, -12.87087, 0.0 ], [ -38.27116, -12.87082, 0.0 ], [ -38.27095, -12.87078, 0.0 ], [ -38.27055, -12.87071, 0.0 ], [ -38.27011, -12.87062, 0.0 ], [ -38.27002, -12.87061, 0.0 ], [ -38.2694, -12.87053, 0.0 ], [ -38.26841, -12.87036, 0.0 ], [ -38.26802, -12.87028, 0.0 ], [ -38.26797, -12.87026, 0.0 ], [ -38.26793, -12.87022, 0.0 ], [ -38.26786, -12.87014, 0.0 ], [ -38.26778, -12.87011, 0.0 ], [ -38.26775, -12.87012, 0.0 ], [ -38.26705, -12.86998, 0.0 ], [ -38.26702, -12.86997, 0.0 ], [ -38.26698, -12.86998, 0.0 ], [ -38.2669, -12.87, 0.0 ], [ -38.26686, -12.87001, 0.0 ], [ -38.26684, -12.87001, 0.0 ], [ -38.26664, -12.86995, 0.0 ], [ -38.26651, -12.8699, 0.0 ], [ -38.26642, -12.86984, 0.0 ], [ -38.26635, -12.86979, 0.0 ], [ -38.26588, -12.86872, 0.0 ], [ -38.26005, -12.86263, 0.0 ], [ -38.25826, -12.86064, 0.0 ], [ -38.25611, -12.85883, 0.0 ], [ -38.25606, -12.85876, 0.0 ], [ -38.25555, -12.85814, 0.0 ], [ -38.25459, -12.85741, 0.0 ], [ -38.25265, -12.85594, 0.0 ], [ -38.2517, -12.85522, 0.0 ], [ -38.25072, -12.85469, 0.0 ], [ -38.25029, -12.85455, 0.0 ], [ -38.24825, -12.85251, 0.0 ], [ -38.24669, -12.85127, 0.0 ], [ -38.24607, -12.85095, 0.0 ], [ -38.24421, -12.84864, 0.0 ], [ -38.2435, -12.84751, 0.0 ], [ -38.24289, -12.84639, 0.0 ], [ -38.24192, -12.84517, 0.0 ], [ -38.24152, -12.84482, 0.0 ], [ -38.24145, -12.84476, 0.0 ], [ -38.24077, -12.84416, 0.0 ], [ -38.24042, -12.84443, 0.0 ], [ -38.23895, -12.84554, 0.0 ], [ -38.23918, -12.84585, 0.0 ], [ -38.23919, -12.84586, 0.0 ], [ -38.23943, -12.84612, 0.0 ], [ -38.23944, -12.84613, 0.0 ], [ -38.23945, -12.84614, 0.0 ], [ -38.2395, -12.84619, 0.0 ], [ -38.23961, -12.84632, 0.0 ], [ -38.23994, -12.84674, 0.0 ], [ -38.24022, -12.84711, 0.0 ], [ -38.24043, -12.84735, 0.0 ], [ -38.24067, -12.84773, 0.0 ], [ -38.24091, -12.84804, 0.0 ], [ -38.24119, -12.84824, 0.0 ], [ -38.24145, -12.8485, 0.0 ], [ -38.24169, -12.84886, 0.0 ], [ -38.24179, -12.84911, 0.0 ], [ -38.24186, -12.84931, 0.0 ], [ -38.24224, -12.84996, 0.0 ], [ -38.2425, -12.8502, 0.0 ], [ -38.24267, -12.85041, 0.0 ], [ -38.24267, -12.85041, 0.0 ], [ -38.24279, -12.8509, 0.0 ], [ -38.24303, -12.85151, 0.0 ], [ -38.24304, -12.85152, 0.0 ], [ -38.24338, -12.85199, 0.0 ], [ -38.24369, -12.85248, 0.0 ], [ -38.24399, -12.85265, 0.0 ], [ -38.24435, -12.85307, 0.0 ], [ -38.24471, -12.85337, 0.0 ], [ -38.24473, -12.85339, 0.0 ], [ -38.24495, -12.85344, 0.0 ], [ -38.24505, -12.85346, 0.0 ], [ -38.24576, -12.85393, 0.0 ], [ -38.24602, -12.8541, 0.0 ], [ -38.24612, -12.85438, 0.0 ], [ -38.24616, -12.85449, 0.0 ], [ -38.24634, -12.85477, 0.0 ], [ -38.247, -12.85505, 0.0 ], [ -38.24701, -12.85507, 0.0 ], [ -38.24703, -12.85508, 0.0 ], [ -38.24731, -12.85538, 0.0 ], [ -38.24766, -12.85572, 0.0 ], [ -38.24801, -12.85605, 0.0 ], [ -38.24802, -12.85606, 0.0 ], [ -38.24842, -12.85639, 0.0 ], [ -38.24918, -12.8572, 0.0 ], [ -38.24956, -12.85769, 0.0 ], [ -38.24957, -12.8577, 0.0 ], [ -38.25003, -12.85814, 0.0 ], [ -38.25005, -12.85814, 0.0 ], [ -38.25053, -12.85855, 0.0 ], [ -38.2512, -12.85912, 0.0 ], [ -38.25124, -12.85913, 0.0 ], [ -38.25192, -12.85946, 0.0 ], [ -38.25346, -12.86065, 0.0 ], [ -38.25513, -12.86177, 0.0 ], [ -38.25593, -12.86237, 0.0 ], [ -38.25711, -12.86344, 0.0 ], [ -38.25794, -12.86423, 0.0 ], [ -38.25878, -12.86505, 0.0 ], [ -38.2596, -12.86584, 0.0 ], [ -38.26039, -12.8666, 0.0 ], [ -38.26107, -12.86726, 0.0 ], [ -38.26171, -12.8679, 0.0 ], [ -38.26256, -12.86875, 0.0 ], [ -38.26332, -12.86949, 0.0 ] ] ] ] } },
{ "type": "Feature", "properties": { "Id": 77, "Name": "ZDC 2", "DISTRITO": "ABRANTES", "categoria": "ZDC", "perímetro_ellip_m": 4805.1, "área_ellip_m²": 1052799.2 }, "geometry": { "type": "MultiPolygon", "coordinates": [ [ [ [ -38.2517, -12.85522, 0.0 ], [ -38.25265, -12.85594, 0.0 ], [ -38.25395, -12.85353, 0.0 ], [ -38.25444, -12.8526, 0.0 ], [ -38.25584, -12.85001, 0.0 ], [ -38.25336, -12.84832, 0.0 ], [ -38.25211, -12.84738, 0.0 ], [ -38.24911, -12.84594, 0.0 ], [ -38.24643, -12.84325, 0.0 ], [ -38.24589, -12.84121, 0.0 ], [ -38.24626, -12.84045, 0.0 ], [ -38.2449, -12.84172, 0.0 ], [ -38.24152, -12.84482, 0.0 ], [ -38.24192, -12.84517, 0.0 ], [ -38.24289, -12.84639, 0.0 ], [ -38.2435, -12.84751, 0.0 ], [ -38.24421, -12.84864, 0.0 ], [ -38.24607, -12.85095, 0.0 ], [ -38.24669, -12.85127, 0.0 ], [ -38.24825, -12.85251, 0.0 ], [ -38.25029, -12.85455, 0.0 ], [ -38.25072, -12.85469, 0.0 ], [ -38.2517, -12.85522, 0.0 ] ] ] ] } },
{ "type": "Feature", "properties": { "Id": 78, "Name": "ZDC 2", "DISTRITO": "MONTE GORDO", "categoria": "ZDC", "perímetro_ellip_m": 12804.0, "área_ellip_m²": 1776610.1 }, "geometry": { "type": "MultiPolygon", "coordinates": [ [ [ [ -38.05194, -12.63162, 0.0 ], [ -38.05241, -12.63268, 0.0 ], [ -38.0537, -12.63296, 0.0 ], [ -38.05407, -12.63288, 0.0 ], [ -38.05544, -12.6326, 0.0 ], [ -38.0571, -12.63302, 0.0 ], [ -38.05825, -12.63381, 0.0 ], [ -38.05914, -12.63488, 0.0 ], [ -38.05959, -12.63595, 0.0 ], [ -38.06015, -12.63672, 0.0 ], [ -38.06114, -12.63748, 0.0 ], [ -38.06142, -12.6377, 0.0 ], [ -38.06159, -12.63755, 0.0 ], [ -38.06219, -12.6378, 0.0 ], [ -38.06297, -12.63879, 0.0 ], [ -38.06331, -12.63938, 0.0 ], [ -38.06367, -12.64056, 0.0 ], [ -38.06367, -12.64206, 0.0 ], [ -38.06471, -12.64396, 0.0 ], [ -38.06576, -12.64479, 0.0 ], [ -38.06706, -12.64541, 0.0 ], [ -38.06842, -12.64598, 0.0 ], [ -38.06878, -12.64628, 0.0 ], [ -38.07041, -12.64716, 0.0 ], [ -38.07138, -12.64769, 0.0 ], [ -38.07167, -12.64775, 0.0 ], [ -38.07181, -12.64761, 0.0 ], [ -38.06944, -12.64487, 0.0 ], [ -38.06719, -12.64247, 0.0 ], [ -38.06521, -12.64001, 0.0 ], [ -38.06288, -12.63669, 0.0 ], [ -38.06261, -12.63629, 0.0 ], [ -38.06115, -12.6344, 0.0 ], [ -38.05843, -12.63074, 0.0 ], [ -38.05595, -12.62734, 0.0 ], [ -38.05138, -12.62061, 0.0 ], [ -38.04869, -12.61566, 0.0 ], [ -38.04735, -12.61312, 0.0 ], [ -38.0463, -12.60957, 0.0 ], [ -38.04492, -12.60654, 0.0 ], [ -38.0443, -12.60563, 0.0 ], [ -38.0438, -12.60471, 0.0 ], [ -38.04289, -12.60365, 0.0 ], [ -38.04059, -12.60275, 0.0 ], [ -38.04107, -12.60476, 0.0 ], [ -38.0421, -12.60729, 0.0 ], [ -38.04354, -12.60885, 0.0 ], [ -38.04417, -12.61015, 0.0 ], [ -38.04478, -12.61112, 0.0 ], [ -38.0453, -12.61284, 0.0 ], [ -38.04485, -12.61383, 0.0 ], [ -38.04499, -12.61471, 0.0 ], [ -38.04556, -12.61574, 0.0 ], [ -38.04591, -12.61701, 0.0 ], [ -38.04651, -12.61846, 0.0 ], [ -38.04778, -12.62003, 0.0 ], [ -38.0493, -12.62162, 0.0 ], [ -38.05014, -12.62289, 0.0 ], [ -38.05021, -12.62391, 0.0 ], [ -38.04965, -12.62536, 0.0 ], [ -38.04957, -12.62571, 0.0 ], [ -38.04942, -12.62631, 0.0 ], [ -38.05065, -12.62823, 0.0 ], [ -38.05191, -12.63042, 0.0 ], [ -38.05194, -12.63162, 0.0 ] ] ] ] } },
{ "type": "Feature", "properties": { "Id": 79, "Name": "ZDC 3", "DISTRITO": "ABRANTES", "categoria": "ZDC", "perímetro_ellip_m": 10402.8, "área_ellip_m²": 2767005.3 }, "geometry": { "type": "MultiPolygon", "coordinates": [ [ [ [ -38.24365, -12.82255, 0.0 ], [ -38.24315, -12.82318, 0.0 ], [ -38.24193, -12.8228, 0.0 ], [ -38.24151, -12.82295, 0.0 ], [ -38.24131, -12.82295, 0.0 ], [ -38.241, -12.82286, 0.0 ], [ -38.24067, -12.82293, 0.0 ], [ -38.24062, -12.82335, 0.0 ], [ -38.24031, -12.82368, 0.0 ], [ -38.23989, -12.82337, 0.0 ], [ -38.23954, -12.82321, 0.0 ], [ -38.23904, -12.82396, 0.0 ], [ -38.23939, -12.82419, 0.0 ], [ -38.23962, -12.82439, 0.0 ], [ -38.23918, -12.82495, 0.0 ], [ -38.23957, -12.82515, 0.0 ], [ -38.23892, -12.82646, 0.0 ], [ -38.23854, -12.82627, 0.0 ], [ -38.23768, -12.82559, 0.0 ], [ -38.23731, -12.82606, 0.0 ], [ -38.23687, -12.82579, 0.0 ], [ -38.23674, -12.82576, 0.0 ], [ -38.23601, -12.82514, 0.0 ], [ -38.23573, -12.82496, 0.0 ], [ -38.23379, -12.82347, 0.0 ], [ -38.23197, -12.8237, 0.0 ], [ -38.2317, -12.82512, 0.0 ], [ -38.2309, -12.82491, 0.0 ], [ -38.23026, -12.82554, 0.0 ], [ -38.23017, -12.82674, 0.0 ], [ -38.23105, -12.82689, 0.0 ], [ -38.23101, -12.828, 0.0 ], [ -38.231, -12.82828, 0.0 ], [ -38.22999, -12.82939, 0.0 ], [ -38.22995, -12.82945, 0.0 ], [ -38.23062, -12.83036, 0.0 ], [ -38.23766, -12.83994, 0.0 ], [ -38.23767, -12.83996, 0.0 ], [ -38.23829, -12.84171, 0.0 ], [ -38.23898, -12.84258, 0.0 ], [ -38.23991, -12.8434, 0.0 ], [ -38.24077, -12.84416, 0.0 ], [ -38.24145, -12.84476, 0.0 ], [ -38.24152, -12.84482, 0.0 ], [ -38.2449, -12.84172, 0.0 ], [ -38.24626, -12.84045, 0.0 ], [ -38.24571, -12.83955, 0.0 ], [ -38.24591, -12.83867, 0.0 ], [ -38.2476, -12.83823, 0.0 ], [ -38.24814, -12.83761, 0.0 ], [ -38.24824, -12.83717, 0.0 ], [ -38.24663, -12.83585, 0.0 ], [ -38.24552, -12.83252, 0.0 ], [ -38.24458, -12.8322, 0.0 ], [ -38.2449, -12.83175, 0.0 ], [ -38.24458, -12.83109, 0.0 ], [ -38.24393, -12.83153, 0.0 ], [ -38.24356, -12.83127, 0.0 ], [ -38.24308, -12.83088, 0.0 ], [ -38.24191, -12.83158, 0.0 ], [ -38.2405, -12.83248, 0.0 ], [ -38.24111, -12.833, 0.0 ], [ -38.2408, -12.83363, 0.0 ], [ -38.24071, -12.83351, 0.0 ], [ -38.24065, -12.83345, 0.0 ], [ -38.23998, -12.83283, 0.0 ], [ -38.23985, -12.8327, 0.0 ], [ -38.23963, -12.83239, 0.0 ], [ -38.23959, -12.83231, 0.0 ], [ -38.23955, -12.83224, 0.0 ], [ -38.23952, -12.83216, 0.0 ], [ -38.23939, -12.83181, 0.0 ], [ -38.23941, -12.83139, 0.0 ], [ -38.23943, -12.83115, 0.0 ], [ -38.23944, -12.83114, 0.0 ], [ -38.23908, -12.83077, 0.0 ], [ -38.24076, -12.83063, 0.0 ], [ -38.24084, -12.83052, 0.0 ], [ -38.24082, -12.8304, 0.0 ], [ -38.24069, -12.8301, 0.0 ], [ -38.24115, -12.82951, 0.0 ], [ -38.2412, -12.82944, 0.0 ], [ -38.2414, -12.82928, 0.0 ], [ -38.24276, -12.82954, 0.0 ], [ -38.24484, -12.82957, 0.0 ], [ -38.24534, -12.82904, 0.0 ], [ -38.24539, -12.82897, 0.0 ], [ -38.24631, -12.82729, 0.0 ], [ -38.24664, -12.82668, 0.0 ], [ -38.24794, -12.82564, 0.0 ], [ -38.248, -12.82559, 0.0 ], [ -38.24801, -12.82558, 0.0 ], [ -38.24829, -12.82536, 0.0 ], [ -38.24836, -12.82526, 0.0 ], [ -38.24837, -12.82525, 0.0 ], [ -38.2474, -12.82474, 0.0 ], [ -38.24607, -12.8238, 0.0 ], [ -38.24604, -12.82285, 0.0 ], [ -38.24525, -12.8228, 0.0 ], [ -38.24547, -12.82231, 0.0 ], [ -38.24558, -12.82215, 0.0 ], [ -38.24391, -12.8217, 0.0 ], [ -38.24365, -12.82255, 0.0 ] ] ] ] } },
{ "type": "Feature", "properties": { "Id": 80, "Name": "ZDC 3", "DISTRITO": "ABRANTES", "categoria": "ZDC", "perímetro_ellip_m": 19358.8, "área_ellip_m²": 3220064.0 }, "geometry": { "type": "MultiPolygon", "coordinates": [ [ [ [ -38.17124, -12.76779, 0.0 ], [ -38.17164, -12.76841, 0.0 ], [ -38.17205, -12.76878, 0.0 ], [ -38.17246, -12.769, 0.0 ], [ -38.17282, -12.7696, 0.0 ], [ -38.17325, -12.77032, 0.0 ], [ -38.1737, -12.77069, 0.0 ], [ -38.17411, -12.77103, 0.0 ], [ -38.17432, -12.77142, 0.0 ], [ -38.17436, -12.77148, 0.0 ], [ -38.17451, -12.77176, 0.0 ], [ -38.17474, -12.77223, 0.0 ], [ -38.175, -12.77245, 0.0 ], [ -38.17525, -12.77267, 0.0 ], [ -38.17525, -12.77267, 0.0 ], [ -38.1753, -12.7736, 0.0 ], [ -38.1755, -12.77371, 0.0 ], [ -38.17579, -12.77386, 0.0 ], [ -38.1759, -12.77393, 0.0 ], [ -38.17642, -12.77449, 0.0 ], [ -38.17645, -12.77454, 0.0 ], [ -38.17687, -12.77472, 0.0 ], [ -38.17781, -12.77456, 0.0 ], [ -38.17848, -12.7748, 0.0 ], [ -38.17929, -12.77534, 0.0 ], [ -38.18006, -12.77649, 0.0 ], [ -38.1803, -12.77678, 0.0 ], [ -38.18071, -12.77728, 0.0 ], [ -38.18104, -12.77799, 0.0 ], [ -38.18125, -12.77843, 0.0 ], [ -38.18168, -12.77895, 0.0 ], [ -38.18199, -12.77929, 0.0 ], [ -38.18221, -12.77948, 0.0 ], [ -38.18247, -12.77971, 0.0 ], [ -38.1831, -12.77982, 0.0 ], [ -38.18331, -12.7799, 0.0 ], [ -38.18356, -12.77998, 0.0 ], [ -38.18409, -12.7802, 0.0 ], [ -38.1842, -12.78024, 0.0 ], [ -38.18443, -12.78049, 0.0 ], [ -38.18492, -12.78088, 0.0 ], [ -38.18516, -12.78111, 0.0 ], [ -38.18533, -12.7814, 0.0 ], [ -38.18543, -12.78171, 0.0 ], [ -38.1857, -12.78201, 0.0 ], [ -38.18579, -12.78222, 0.0 ], [ -38.18597, -12.78264, 0.0 ], [ -38.1861, -12.78276, 0.0 ], [ -38.18621, -12.78286, 0.0 ], [ -38.18627, -12.78286, 0.0 ], [ -38.18646, -12.78288, 0.0 ], [ -38.18648, -12.78289, 0.0 ], [ -38.18676, -12.78308, 0.0 ], [ -38.18704, -12.7834, 0.0 ], [ -38.1871, -12.78344, 0.0 ], [ -38.1873, -12.78357, 0.0 ], [ -38.18747, -12.78351, 0.0 ], [ -38.18794, -12.78348, 0.0 ], [ -38.18843, -12.7838, 0.0 ], [ -38.18909, -12.7843, 0.0 ], [ -38.18951, -12.78461, 0.0 ], [ -38.18985, -12.78489, 0.0 ], [ -38.19019, -12.78519, 0.0 ], [ -38.19019, -12.78519, 0.0 ], [ -38.19025, -12.78572, 0.0 ], [ -38.19106, -12.78647, 0.0 ], [ -38.19163, -12.78715, 0.0 ], [ -38.19223, -12.78786, 0.0 ], [ -38.19268, -12.78866, 0.0 ], [ -38.19349, -12.7898, 0.0 ], [ -38.19405, -12.79063, 0.0 ], [ -38.19432, -12.79104, 0.0 ], [ -38.19506, -12.79191, 0.0 ], [ -38.19569, -12.79274, 0.0 ], [ -38.19656, -12.79381, 0.0 ], [ -38.19684, -12.7943, 0.0 ], [ -38.19718, -12.79521, 0.0 ], [ -38.19718, -12.79521, 0.0 ], [ -38.19724, -12.79554, 0.0 ], [ -38.19724, -12.79554, 0.0 ], [ -38.19717, -12.79568, 0.0 ], [ -38.19749, -12.79594, 0.0 ], [ -38.1977, -12.79584, 0.0 ], [ -38.19844, -12.79652, 0.0 ], [ -38.19884, -12.79722, 0.0 ], [ -38.19942, -12.79796, 0.0 ], [ -38.19948, -12.79805, 0.0 ], [ -38.20012, -12.79892, 0.0 ], [ -38.2002, -12.79904, 0.0 ], [ -38.20063, -12.79973, 0.0 ], [ -38.20109, -12.80046, 0.0 ], [ -38.20158, -12.8011, 0.0 ], [ -38.20207, -12.80192, 0.0 ], [ -38.20248, -12.80258, 0.0 ], [ -38.20264, -12.80284, 0.0 ], [ -38.20297, -12.80325, 0.0 ], [ -38.20334, -12.80373, 0.0 ], [ -38.20377, -12.80437, 0.0 ], [ -38.20401, -12.80469, 0.0 ], [ -38.20405, -12.80474, 0.0 ], [ -38.20427, -12.80503, 0.0 ], [ -38.2044, -12.80531, 0.0 ], [ -38.20462, -12.80578, 0.0 ], [ -38.2054, -12.80683, 0.0 ], [ -38.20588, -12.80766, 0.0 ], [ -38.20602, -12.80796, 0.0 ], [ -38.20671, -12.80893, 0.0 ], [ -38.20719, -12.80959, 0.0 ], [ -38.20741, -12.81008, 0.0 ], [ -38.20791, -12.81102, 0.0 ], [ -38.20823, -12.81157, 0.0 ], [ -38.20877, -12.81229, 0.0 ], [ -38.20931, -12.81295, 0.0 ], [ -38.20978, -12.81338, 0.0 ], [ -38.2098, -12.81339, 0.0 ], [ -38.21325, -12.81036, 0.0 ], [ -38.214, -12.80969, 0.0 ], [ -38.21371, -12.80904, 0.0 ], [ -38.21194, -12.80682, 0.0 ], [ -38.21319, -12.80519, 0.0 ], [ -38.20987, -12.80227, 0.0 ], [ -38.21153, -12.79874, 0.0 ], [ -38.21189, -12.79797, 0.0 ], [ -38.21207, -12.79768, 0.0 ], [ -38.21183, -12.79737, 0.0 ], [ -38.2113, -12.7966, 0.0 ], [ -38.21032, -12.7954, 0.0 ], [ -38.20971, -12.79477, 0.0 ], [ -38.20915, -12.79419, 0.0 ], [ -38.20861, -12.79351, 0.0 ], [ -38.20779, -12.79241, 0.0 ], [ -38.20676, -12.79099, 0.0 ], [ -38.20565, -12.78946, 0.0 ], [ -38.20246, -12.78507, 0.0 ], [ -38.20185, -12.78545, 0.0 ], [ -38.20156, -12.78561, 0.0 ], [ -38.20138, -12.78556, 0.0 ], [ -38.20126, -12.7855, 0.0 ], [ -38.20076, -12.78481, 0.0 ], [ -38.2007, -12.7847, 0.0 ], [ -38.19901, -12.78569, 0.0 ], [ -38.20508, -12.793, 0.0 ], [ -38.20432, -12.79535, 0.0 ], [ -38.20403, -12.79614, 0.0 ], [ -38.20366, -12.797, 0.0 ], [ -38.20327, -12.79749, 0.0 ], [ -38.20258, -12.79793, 0.0 ], [ -38.20238, -12.79807, 0.0 ], [ -38.20216, -12.79809, 0.0 ], [ -38.20214, -12.79814, 0.0 ], [ -38.20206, -12.79814, 0.0 ], [ -38.20197, -12.79811, 0.0 ], [ -38.20177, -12.79802, 0.0 ], [ -38.20163, -12.79794, 0.0 ], [ -38.2014, -12.79763, 0.0 ], [ -38.20112, -12.79718, 0.0 ], [ -38.20107, -12.79708, 0.0 ], [ -38.20096, -12.79693, 0.0 ], [ -38.20088, -12.79686, 0.0 ], [ -38.20076, -12.79679, 0.0 ], [ -38.20051, -12.79667, 0.0 ], [ -38.2001, -12.79647, 0.0 ], [ -38.20003, -12.79642, 0.0 ], [ -38.19995, -12.79634, 0.0 ], [ -38.1998, -12.79609, 0.0 ], [ -38.19975, -12.79602, 0.0 ], [ -38.19973, -12.79583, 0.0 ], [ -38.19969, -12.79573, 0.0 ], [ -38.1996, -12.79559, 0.0 ], [ -38.1996, -12.79558, 0.0 ], [ -38.19963, -12.79556, 0.0 ], [ -38.19961, -12.79552, 0.0 ], [ -38.1996, -12.79552, 0.0 ], [ -38.19958, -12.79554, 0.0 ], [ -38.19956, -12.79554, 0.0 ], [ -38.19953, -12.79551, 0.0 ], [ -38.1994, -12.79531, 0.0 ], [ -38.19934, -12.79526, 0.0 ], [ -38.19934, -12.79518, 0.0 ], [ -38.19927, -12.79518, 0.0 ], [ -38.19921, -12.79509, 0.0 ], [ -38.19916, -12.79512, 0.0 ], [ -38.19906, -12.79497, 0.0 ], [ -38.19898, -12.79484, 0.0 ], [ -38.19893, -12.79478, 0.0 ], [ -38.19884, -12.79471, 0.0 ], [ -38.19878, -12.79467, 0.0 ], [ -38.1985, -12.79425, 0.0 ], [ -38.1984, -12.79406, 0.0 ], [ -38.19838, -12.79392, 0.0 ], [ -38.19847, -12.7939, 0.0 ], [ -38.19846, -12.79386, 0.0 ], [ -38.19838, -12.79387, 0.0 ], [ -38.19838, -12.79379, 0.0 ], [ -38.19836, -12.79347, 0.0 ], [ -38.19835, -12.79343, 0.0 ], [ -38.19835, -12.79342, 0.0 ], [ -38.19842, -12.7934, 0.0 ], [ -38.19842, -12.79336, 0.0 ], [ -38.19834, -12.79337, 0.0 ], [ -38.19833, -12.79333, 0.0 ], [ -38.19824, -12.79317, 0.0 ], [ -38.19791, -12.79268, 0.0 ], [ -38.19792, -12.79267, 0.0 ], [ -38.19789, -12.79264, 0.0 ], [ -38.19788, -12.79264, 0.0 ], [ -38.19781, -12.79254, 0.0 ], [ -38.19775, -12.79247, 0.0 ], [ -38.19778, -12.79243, 0.0 ], [ -38.19775, -12.7924, 0.0 ], [ -38.19771, -12.79243, 0.0 ], [ -38.19762, -12.79237, 0.0 ], [ -38.19767, -12.79234, 0.0 ], [ -38.19765, -12.79231, 0.0 ], [ -38.19761, -12.79232, 0.0 ], [ -38.19757, -12.79218, 0.0 ], [ -38.19751, -12.79207, 0.0 ], [ -38.19735, -12.79182, 0.0 ], [ -38.19729, -12.79173, 0.0 ], [ -38.19721, -12.79166, 0.0 ], [ -38.19716, -12.79164, 0.0 ], [ -38.19709, -12.79156, 0.0 ], [ -38.19705, -12.79147, 0.0 ], [ -38.19702, -12.79144, 0.0 ], [ -38.19707, -12.7914, 0.0 ], [ -38.19704, -12.79135, 0.0 ], [ -38.19698, -12.79139, 0.0 ], [ -38.19688, -12.79125, 0.0 ], [ -38.19682, -12.79112, 0.0 ], [ -38.19679, -12.791, 0.0 ], [ -38.19674, -12.79095, 0.0 ], [ -38.19671, -12.79091, 0.0 ], [ -38.19675, -12.79088, 0.0 ], [ -38.19673, -12.79085, 0.0 ], [ -38.19668, -12.79088, 0.0 ], [ -38.19657, -12.79073, 0.0 ], [ -38.19662, -12.79069, 0.0 ], [ -38.19659, -12.79065, 0.0 ], [ -38.19653, -12.79069, 0.0 ], [ -38.19638, -12.79043, 0.0 ], [ -38.19634, -12.79038, 0.0 ], [ -38.1964, -12.79034, 0.0 ], [ -38.19641, -12.79031, 0.0 ], [ -38.19636, -12.79029, 0.0 ], [ -38.19635, -12.79033, 0.0 ], [ -38.19632, -12.79034, 0.0 ], [ -38.19623, -12.7902, 0.0 ], [ -38.19615, -12.79004, 0.0 ], [ -38.19605, -12.78987, 0.0 ], [ -38.19598, -12.78982, 0.0 ], [ -38.19593, -12.78978, 0.0 ], [ -38.19594, -12.78956, 0.0 ], [ -38.19597, -12.78955, 0.0 ], [ -38.19598, -12.78938, 0.0 ], [ -38.19595, -12.78893, 0.0 ], [ -38.19568, -12.78842, 0.0 ], [ -38.19465, -12.7873, 0.0 ], [ -38.19403, -12.78624, 0.0 ], [ -38.19374, -12.78595, 0.0 ], [ -38.19136, -12.78348, 0.0 ], [ -38.19081, -12.78341, 0.0 ], [ -38.18948, -12.78272, 0.0 ], [ -38.18626, -12.77967, 0.0 ], [ -38.18653, -12.77948, 0.0 ], [ -38.18557, -12.7786, 0.0 ], [ -38.18477, -12.77825, 0.0 ], [ -38.18436, -12.77805, 0.0 ], [ -38.18406, -12.77786, 0.0 ], [ -38.18358, -12.77733, 0.0 ], [ -38.18316, -12.77689, 0.0 ], [ -38.18263, -12.77656, 0.0 ], [ -38.18228, -12.7764, 0.0 ], [ -38.18187, -12.77592, 0.0 ], [ -38.18165, -12.77573, 0.0 ], [ -38.1813, -12.77536, 0.0 ], [ -38.18109, -12.77518, 0.0 ], [ -38.18111, -12.77515, 0.0 ], [ -38.18092, -12.77497, 0.0 ], [ -38.1807, -12.77485, 0.0 ], [ -38.18053, -12.77474, 0.0 ], [ -38.18037, -12.77483, 0.0 ], [ -38.18017, -12.77469, 0.0 ], [ -38.18018, -12.77457, 0.0 ], [ -38.17999, -12.77448, 0.0 ], [ -38.18001, -12.77442, 0.0 ], [ -38.18007, -12.77435, 0.0 ], [ -38.18003, -12.77429, 0.0 ], [ -38.18013, -12.77423, 0.0 ], [ -38.18012, -12.77421, 0.0 ], [ -38.17975, -12.77377, 0.0 ], [ -38.17972, -12.77366, 0.0 ], [ -38.17969, -12.77359, 0.0 ], [ -38.17995, -12.77345, 0.0 ], [ -38.17998, -12.77339, 0.0 ], [ -38.17982, -12.77313, 0.0 ], [ -38.17974, -12.77315, 0.0 ], [ -38.17962, -12.77294, 0.0 ], [ -38.17964, -12.77291, 0.0 ], [ -38.17961, -12.77284, 0.0 ], [ -38.17947, -12.77242, 0.0 ], [ -38.17938, -12.77208, 0.0 ], [ -38.17937, -12.77193, 0.0 ], [ -38.17936, -12.77185, 0.0 ], [ -38.17898, -12.77106, 0.0 ], [ -38.17862, -12.7712, 0.0 ], [ -38.17807, -12.771, 0.0 ], [ -38.1778, -12.77054, 0.0 ], [ -38.17575, -12.76765, 0.0 ], [ -38.17567, -12.76761, 0.0 ], [ -38.17562, -12.76759, 0.0 ], [ -38.17557, -12.76759, 0.0 ], [ -38.17553, -12.7676, 0.0 ], [ -38.17548, -12.76761, 0.0 ], [ -38.17541, -12.76764, 0.0 ], [ -38.17536, -12.76767, 0.0 ], [ -38.1753, -12.76773, 0.0 ], [ -38.17499, -12.76805, 0.0 ], [ -38.17454, -12.76837, 0.0 ], [ -38.17435, -12.76849, 0.0 ], [ -38.17409, -12.76849, 0.0 ], [ -38.17392, -12.76847, 0.0 ], [ -38.17374, -12.76847, 0.0 ], [ -38.17362, -12.76844, 0.0 ], [ -38.17346, -12.7683, 0.0 ], [ -38.17332, -12.76816, 0.0 ], [ -38.17331, -12.76816, 0.0 ], [ -38.17324, -12.76807, 0.0 ], [ -38.17301, -12.76777, 0.0 ], [ -38.17236, -12.76698, 0.0 ], [ -38.17018, -12.76417, 0.0 ], [ -38.16917, -12.76481, 0.0 ], [ -38.16948, -12.76528, 0.0 ], [ -38.16972, -12.76566, 0.0 ], [ -38.17076, -12.76702, 0.0 ], [ -38.17124, -12.76779, 0.0 ] ] ] ] } },
{ "type": "Feature", "properties": { "Id": 81, "Name": "ZDC 3", "DISTRITO": "ABRANTES", "categoria": "ZDC", "perímetro_ellip_m": 1058.5, "área_ellip_m²": 40025.4 }, "geometry": { "type": "MultiPolygon", "coordinates": [ [ [ [ -38.16479, -12.75282, 0.0 ], [ -38.16508, -12.75297, 0.0 ], [ -38.16537, -12.75308, 0.0 ], [ -38.16561, -12.75314, 0.0 ], [ -38.16588, -12.75317, 0.0 ], [ -38.16625, -12.7534, 0.0 ], [ -38.16653, -12.75351, 0.0 ], [ -38.16679, -12.75365, 0.0 ], [ -38.16696, -12.75366, 0.0 ], [ -38.167, -12.75352, 0.0 ], [ -38.16696, -12.75343, 0.0 ], [ -38.16696, -12.75334, 0.0 ], [ -38.16697, -12.75322, 0.0 ], [ -38.16691, -12.75312, 0.0 ], [ -38.16693, -12.75299, 0.0 ], [ -38.16688, -12.75287, 0.0 ], [ -38.1668, -12.75273, 0.0 ], [ -38.16669, -12.75271, 0.0 ], [ -38.16663, -12.7527, 0.0 ], [ -38.16653, -12.75281, 0.0 ], [ -38.1664, -12.75287, 0.0 ], [ -38.16616, -12.75291, 0.0 ], [ -38.16596, -12.75285, 0.0 ], [ -38.16574, -12.75274, 0.0 ], [ -38.16568, -12.75254, 0.0 ], [ -38.16559, -12.75229, 0.0 ], [ -38.16571, -12.7521, 0.0 ], [ -38.16577, -12.75182, 0.0 ], [ -38.16576, -12.75165, 0.0 ], [ -38.1657, -12.75161, 0.0 ], [ -38.16557, -12.75148, 0.0 ], [ -38.16544, -12.75131, 0.0 ], [ -38.16524, -12.75115, 0.0 ], [ -38.16516, -12.7509, 0.0 ], [ -38.16503, -12.75081, 0.0 ], [ -38.16497, -12.75078, 0.0 ], [ -38.16485, -12.75075, 0.0 ], [ -38.16455, -12.75121, 0.0 ], [ -38.16422, -12.75147, 0.0 ], [ -38.16408, -12.75157, 0.0 ], [ -38.16409, -12.75195, 0.0 ], [ -38.16428, -12.75236, 0.0 ], [ -38.16456, -12.75265, 0.0 ], [ -38.16479, -12.75282, 0.0 ] ] ] ] } },
{ "type": "Feature", "properties": { "Id": 82, "Name": "ZDC 3", "DISTRITO": "ABRANTES", "categoria": "ZDC", "perímetro_ellip_m": 1313.1, "área_ellip_m²": 50579.5 }, "geometry": { "type": "MultiPolygon", "coordinates": [ [ [ [ -38.16578, -12.74792, 0.0 ], [ -38.16589, -12.74807, 0.0 ], [ -38.166, -12.74807, 0.0 ], [ -38.16609, -12.74805, 0.0 ], [ -38.16629, -12.7483, 0.0 ], [ -38.16642, -12.74866, 0.0 ], [ -38.1665, -12.74883, 0.0 ], [ -38.16659, -12.74905, 0.0 ], [ -38.16678, -12.74943, 0.0 ], [ -38.16694, -12.74953, 0.0 ], [ -38.16707, -12.74963, 0.0 ], [ -38.16728, -12.74968, 0.0 ], [ -38.16783, -12.74947, 0.0 ], [ -38.16786, -12.74945, 0.0 ], [ -38.16781, -12.74939, 0.0 ], [ -38.16753, -12.74902, 0.0 ], [ -38.16733, -12.74871, 0.0 ], [ -38.16721, -12.74852, 0.0 ], [ -38.16706, -12.74826, 0.0 ], [ -38.16695, -12.74803, 0.0 ], [ -38.16688, -12.74787, 0.0 ], [ -38.16677, -12.7476, 0.0 ], [ -38.16667, -12.74732, 0.0 ], [ -38.16659, -12.74704, 0.0 ], [ -38.16652, -12.74676, 0.0 ], [ -38.16638, -12.74618, 0.0 ], [ -38.16635, -12.74606, 0.0 ], [ -38.16556, -12.74591, 0.0 ], [ -38.16547, -12.74581, 0.0 ], [ -38.16526, -12.7457, 0.0 ], [ -38.16514, -12.74567, 0.0 ], [ -38.16499, -12.74579, 0.0 ], [ -38.16471, -12.74589, 0.0 ], [ -38.16437, -12.74597, 0.0 ], [ -38.16421, -12.74607, 0.0 ], [ -38.1642, -12.74617, 0.0 ], [ -38.16438, -12.7462, 0.0 ], [ -38.16463, -12.74627, 0.0 ], [ -38.1649, -12.7464, 0.0 ], [ -38.16514, -12.74652, 0.0 ], [ -38.16531, -12.74664, 0.0 ], [ -38.16555, -12.74689, 0.0 ], [ -38.16568, -12.74712, 0.0 ], [ -38.16565, -12.74734, 0.0 ], [ -38.16564, -12.74756, 0.0 ], [ -38.1657, -12.74776, 0.0 ], [ -38.16578, -12.74792, 0.0 ] ] ] ] } },
{ "type": "Feature", "properties": { "Id": 83, "Name": "ZDC 3", "DISTRITO": "ABRANTES", "categoria": "ZDC", "perímetro_ellip_m": 683.1, "área_ellip_m²": 14892.2 }, "geometry": { "type": "MultiPolygon", "coordinates": [ [ [ [ -38.16315, -12.75016, 0.0 ], [ -38.16333, -12.75026, 0.0 ], [ -38.16339, -12.75025, 0.0 ], [ -38.16344, -12.7502, 0.0 ], [ -38.16348, -12.75016, 0.0 ], [ -38.16346, -12.75004, 0.0 ], [ -38.16351, -12.74988, 0.0 ], [ -38.16353, -12.74985, 0.0 ], [ -38.16349, -12.74976, 0.0 ], [ -38.16343, -12.74967, 0.0 ], [ -38.1633, -12.74952, 0.0 ], [ -38.16323, -12.74936, 0.0 ], [ -38.16317, -12.7492, 0.0 ], [ -38.16308, -12.74914, 0.0 ], [ -38.16296, -12.74902, 0.0 ], [ -38.16283, -12.74898, 0.0 ], [ -38.16273, -12.7489, 0.0 ], [ -38.16271, -12.74877, 0.0 ], [ -38.16275, -12.74869, 0.0 ], [ -38.1628, -12.74853, 0.0 ], [ -38.16282, -12.74832, 0.0 ], [ -38.16272, -12.7481, 0.0 ], [ -38.16255, -12.74791, 0.0 ], [ -38.16229, -12.74788, 0.0 ], [ -38.1621, -12.74788, 0.0 ], [ -38.16205, -12.74792, 0.0 ], [ -38.16204, -12.74795, 0.0 ], [ -38.16199, -12.7481, 0.0 ], [ -38.16204, -12.74826, 0.0 ], [ -38.16209, -12.74842, 0.0 ], [ -38.16217, -12.7486, 0.0 ], [ -38.16237, -12.74893, 0.0 ], [ -38.16272, -12.74927, 0.0 ], [ -38.16291, -12.74961, 0.0 ], [ -38.16298, -12.74992, 0.0 ], [ -38.16315, -12.75016, 0.0 ] ] ] ] } },
{ "type": "Feature", "properties": { "Id": 84, "Name": "ZDC 3", "DISTRITO": "ABRANTES", "categoria": "ZDC", "perímetro_ellip_m": 3218.5, "área_ellip_m²": 335701.9 }, "geometry": { "type": "MultiPolygon", "coordinates": [ [ [ [ -38.15662, -12.74444, 0.0 ], [ -38.15672, -12.74507, 0.0 ], [ -38.15688, -12.74586, 0.0 ], [ -38.15773, -12.74715, 0.0 ], [ -38.158, -12.74755, 0.0 ], [ -38.15926, -12.74689, 0.0 ], [ -38.15952, -12.74734, 0.0 ], [ -38.16064, -12.74682, 0.0 ], [ -38.16076, -12.74689, 0.0 ], [ -38.16093, -12.74695, 0.0 ], [ -38.16113, -12.74709, 0.0 ], [ -38.1614, -12.74724, 0.0 ], [ -38.16163, -12.74723, 0.0 ], [ -38.16169, -12.74728, 0.0 ], [ -38.16269, -12.74681, 0.0 ], [ -38.16273, -12.74679, 0.0 ], [ -38.16252, -12.74641, 0.0 ], [ -38.16216, -12.74652, 0.0 ], [ -38.16204, -12.74643, 0.0 ], [ -38.16187, -12.74615, 0.0 ], [ -38.16177, -12.7462, 0.0 ], [ -38.16164, -12.74607, 0.0 ], [ -38.16148, -12.74576, 0.0 ], [ -38.1613, -12.74503, 0.0 ], [ -38.16094, -12.7447, 0.0 ], [ -38.16027, -12.74482, 0.0 ], [ -38.1601, -12.74472, 0.0 ], [ -38.15991, -12.7443, 0.0 ], [ -38.16001, -12.74413, 0.0 ], [ -38.16001, -12.74386, 0.0 ], [ -38.1598, -12.74357, 0.0 ], [ -38.15972, -12.7435, 0.0 ], [ -38.1596, -12.74337, 0.0 ], [ -38.15957, -12.74333, 0.0 ], [ -38.15974, -12.7432, 0.0 ], [ -38.15981, -12.74315, 0.0 ], [ -38.16068, -12.74248, 0.0 ], [ -38.15887, -12.7411, 0.0 ], [ -38.15664, -12.73963, 0.0 ], [ -38.1563, -12.73941, 0.0 ], [ -38.1563, -12.73941, 0.0 ], [ -38.15613, -12.73852, 0.0 ], [ -38.15533, -12.73873, 0.0 ], [ -38.15537, -12.7397, 0.0 ], [ -38.15525, -12.73988, 0.0 ], [ -38.15572, -12.74053, 0.0 ], [ -38.15595, -12.74067, 0.0 ], [ -38.15604, -12.74086, 0.0 ], [ -38.15618, -12.74137, 0.0 ], [ -38.15619, -12.7414, 0.0 ], [ -38.15622, -12.74154, 0.0 ], [ -38.15622, -12.74155, 0.0 ], [ -38.15628, -12.7418, 0.0 ], [ -38.15628, -12.74192, 0.0 ], [ -38.15636, -12.74203, 0.0 ], [ -38.1564, -12.74235, 0.0 ], [ -38.15639, -12.74257, 0.0 ], [ -38.15653, -12.74289, 0.0 ], [ -38.15654, -12.74305, 0.0 ], [ -38.15652, -12.74328, 0.0 ], [ -38.15663, -12.74359, 0.0 ], [ -38.15671, -12.74381, 0.0 ], [ -38.15672, -12.74392, 0.0 ], [ -38.15661, -12.74403, 0.0 ], [ -38.15664, -12.74425, 0.0 ], [ -38.1566, -12.7443, 0.0 ], [ -38.15662, -12.74444, 0.0 ] ] ] ] } },
{ "type": "Feature", "properties": { "Id": 85, "Name": "ZDC 3", "DISTRITO": "MONTE GORDO", "categoria": "ZDC", "perímetro_ellip_m": 52072.1, "área_ellip_m²": 14752486.9 }, "geometry": { "type": "MultiPolygon", "coordinates": [ [ [ [ -38.04007, -12.58743, 0.0 ], [ -38.03981, -12.58757, 0.0 ], [ -38.03934, -12.58792, 0.0 ], [ -38.03828, -12.58871, 0.0 ], [ -38.03669, -12.58946, 0.0 ], [ -38.03622, -12.58978, 0.0 ], [ -38.03581, -12.58989, 0.0 ], [ -38.035, -12.58991, 0.0 ], [ -38.03413, -12.58998, 0.0 ], [ -38.03359, -12.59002, 0.0 ], [ -38.03328, -12.59035, 0.0 ], [ -38.03319, -12.59072, 0.0 ], [ -38.03339, -12.59098, 0.0 ], [ -38.03392, -12.59143, 0.0 ], [ -38.03408, -12.59178, 0.0 ], [ -38.03408, -12.59178, 0.0 ], [ -38.0341, -12.59226, 0.0 ], [ -38.0341, -12.59226, 0.0 ], [ -38.03385, -12.59259, 0.0 ], [ -38.03336, -12.59279, 0.0 ], [ -38.0323, -12.59309, 0.0 ], [ -38.03163, -12.59347, 0.0 ], [ -38.03149, -12.59397, 0.0 ], [ -38.03167, -12.59459, 0.0 ], [ -38.03194, -12.59525, 0.0 ], [ -38.03194, -12.59525, 0.0 ], [ -38.03194, -12.59525, 0.0 ], [ -38.03182, -12.59573, 0.0 ], [ -38.03179, -12.59583, 0.0 ], [ -38.03168, -12.59609, 0.0 ], [ -38.03249, -12.59695, 0.0 ], [ -38.03286, -12.59716, 0.0 ], [ -38.0331, -12.59735, 0.0 ], [ -38.03338, -12.59779, 0.0 ], [ -38.0335, -12.59802, 0.0 ], [ -38.03352, -12.59818, 0.0 ], [ -38.0335, -12.59826, 0.0 ], [ -38.03344, -12.59831, 0.0 ], [ -38.03333, -12.5984, 0.0 ], [ -38.03324, -12.59849, 0.0 ], [ -38.03319, -12.59858, 0.0 ], [ -38.03316, -12.59864, 0.0 ], [ -38.03313, -12.59881, 0.0 ], [ -38.03317, -12.59904, 0.0 ], [ -38.03315, -12.59905, 0.0 ], [ -38.03274, -12.59924, 0.0 ], [ -38.03193, -12.59995, 0.0 ], [ -38.03194, -12.59998, 0.0 ], [ -38.03263, -12.60064, 0.0 ], [ -38.03294, -12.60121, 0.0 ], [ -38.03362, -12.60171, 0.0 ], [ -38.0341, -12.60238, 0.0 ], [ -38.03458, -12.60294, 0.0 ], [ -38.03502, -12.60333, 0.0 ], [ -38.03549, -12.60373, 0.0 ], [ -38.0359, -12.60443, 0.0 ], [ -38.03628, -12.60476, 0.0 ], [ -38.03676, -12.60533, 0.0 ], [ -38.0372, -12.60586, 0.0 ], [ -38.03775, -12.60663, 0.0 ], [ -38.03833, -12.60736, 0.0 ], [ -38.03884, -12.60793, 0.0 ], [ -38.03932, -12.60856, 0.0 ], [ -38.03987, -12.6092, 0.0 ], [ -38.04042, -12.60986, 0.0 ], [ -38.04089, -12.61043, 0.0 ], [ -38.04126, -12.61112, 0.0 ], [ -38.04174, -12.61193, 0.0 ], [ -38.04203, -12.61295, 0.0 ], [ -38.04203, -12.61295, 0.0 ], [ -38.04216, -12.61352, 0.0 ], [ -38.04216, -12.61352, 0.0 ], [ -38.04219, -12.61361, 0.0 ], [ -38.04219, -12.61361, 0.0 ], [ -38.04226, -12.61427, 0.0 ], [ -38.04242, -12.61459, 0.0 ], [ -38.04242, -12.61459, 0.0 ], [ -38.04251, -12.6151, 0.0 ], [ -38.04251, -12.6151, 0.0 ], [ -38.04258, -12.61556, 0.0 ], [ -38.04258, -12.61556, 0.0 ], [ -38.04258, -12.61557, 0.0 ], [ -38.04258, -12.61557, 0.0 ], [ -38.04258, -12.61594, 0.0 ], [ -38.04258, -12.61594, 0.0 ], [ -38.04257, -12.61604, 0.0 ], [ -38.04257, -12.61604, 0.0 ], [ -38.0423, -12.61658, 0.0 ], [ -38.04231, -12.61738, 0.0 ], [ -38.04231, -12.61738, 0.0 ], [ -38.04238, -12.61797, 0.0 ], [ -38.04238, -12.61797, 0.0 ], [ -38.04246, -12.61854, 0.0 ], [ -38.04246, -12.61854, 0.0 ], [ -38.04269, -12.61889, 0.0 ], [ -38.04298, -12.61901, 0.0 ], [ -38.04304, -12.61917, 0.0 ], [ -38.04318, -12.61952, 0.0 ], [ -38.04347, -12.61968, 0.0 ], [ -38.0442, -12.62012, 0.0 ], [ -38.04433, -12.62019, 0.0 ], [ -38.04441, -12.62033, 0.0 ], [ -38.04472, -12.62084, 0.0 ], [ -38.04495, -12.6213, 0.0 ], [ -38.04526, -12.62214, 0.0 ], [ -38.04526, -12.62214, 0.0 ], [ -38.04546, -12.623, 0.0 ], [ -38.04546, -12.623, 0.0 ], [ -38.04553, -12.62368, 0.0 ], [ -38.04553, -12.62368, 0.0 ], [ -38.04554, -12.62442, 0.0 ], [ -38.04554, -12.62442, 0.0 ], [ -38.04555, -12.62487, 0.0 ], [ -38.04555, -12.62487, 0.0 ], [ -38.04566, -12.62555, 0.0 ], [ -38.04566, -12.62555, 0.0 ], [ -38.04562, -12.6259, 0.0 ], [ -38.04561, -12.62606, 0.0 ], [ -38.04561, -12.62606, 0.0 ], [ -38.04548, -12.62679, 0.0 ], [ -38.04548, -12.62679, 0.0 ], [ -38.04522, -12.62743, 0.0 ], [ -38.04483, -12.62807, 0.0 ], [ -38.04482, -12.62816, 0.0 ], [ -38.04482, -12.62816, 0.0 ], [ -38.04482, -12.62817, 0.0 ], [ -38.04482, -12.62817, 0.0 ], [ -38.04475, -12.6286, 0.0 ], [ -38.04475, -12.6286, 0.0 ], [ -38.04478, -12.6291, 0.0 ], [ -38.04478, -12.6291, 0.0 ], [ -38.04478, -12.62988, 0.0 ], [ -38.04478, -12.62988, 0.0 ], [ -38.04477, -12.63077, 0.0 ], [ -38.04488, -12.63118, 0.0 ], [ -38.04532, -12.63222, 0.0 ], [ -38.04563, -12.63274, 0.0 ], [ -38.04596, -12.6333, 0.0 ], [ -38.04633, -12.63393, 0.0 ], [ -38.04677, -12.63461, 0.0 ], [ -38.04726, -12.63515, 0.0 ], [ -38.04756, -12.63547, 0.0 ], [ -38.04812, -12.63605, 0.0 ], [ -38.04869, -12.63637, 0.0 ], [ -38.04947, -12.63664, 0.0 ], [ -38.05037, -12.63685, 0.0 ], [ -38.05134, -12.63706, 0.0 ], [ -38.05168, -12.63721, 0.0 ], [ -38.05186, -12.63729, 0.0 ], [ -38.05235, -12.63641, 0.0 ], [ -38.05264, -12.63585, 0.0 ], [ -38.05297, -12.63524, 0.0 ], [ -38.05318, -12.63483, 0.0 ], [ -38.05346, -12.63432, 0.0 ], [ -38.05407, -12.63288, 0.0 ], [ -38.0537, -12.63296, 0.0 ], [ -38.05241, -12.63268, 0.0 ], [ -38.05194, -12.63162, 0.0 ], [ -38.05191, -12.63042, 0.0 ], [ -38.05065, -12.62823, 0.0 ], [ -38.04942, -12.62631, 0.0 ], [ -38.04957, -12.62571, 0.0 ], [ -38.04965, -12.62536, 0.0 ], [ -38.05021, -12.62391, 0.0 ], [ -38.05014, -12.62289, 0.0 ], [ -38.0493, -12.62162, 0.0 ], [ -38.04778, -12.62003, 0.0 ], [ -38.04651, -12.61846, 0.0 ], [ -38.04591, -12.61701, 0.0 ], [ -38.04556, -12.61574, 0.0 ], [ -38.04499, -12.61471, 0.0 ], [ -38.04485, -12.61383, 0.0 ], [ -38.0453, -12.61284, 0.0 ], [ -38.04478, -12.61112, 0.0 ], [ -38.04417, -12.61015, 0.0 ], [ -38.04354, -12.60885, 0.0 ], [ -38.0421, -12.60729, 0.0 ], [ -38.04107, -12.60476, 0.0 ], [ -38.04059, -12.60275, 0.0 ], [ -38.04289, -12.60365, 0.0 ], [ -38.0438, -12.60471, 0.0 ], [ -38.0443, -12.60563, 0.0 ], [ -38.04492, -12.60654, 0.0 ], [ -38.0463, -12.60957, 0.0 ], [ -38.04735, -12.61312, 0.0 ], [ -38.04869, -12.61566, 0.0 ], [ -38.05138, -12.62061, 0.0 ], [ -38.05595, -12.62734, 0.0 ], [ -38.05843, -12.63074, 0.0 ], [ -38.06115, -12.6344, 0.0 ], [ -38.06261, -12.63629, 0.0 ], [ -38.06288, -12.63669, 0.0 ], [ -38.06521, -12.64001, 0.0 ], [ -38.06719, -12.64247, 0.0 ], [ -38.06944, -12.64487, 0.0 ], [ -38.07181, -12.64761, 0.0 ], [ -38.07167, -12.64775, 0.0 ], [ -38.07138, -12.64769, 0.0 ], [ -38.07041, -12.64716, 0.0 ], [ -38.06878, -12.64628, 0.0 ], [ -38.06842, -12.64598, 0.0 ], [ -38.06706, -12.64541, 0.0 ], [ -38.06576, -12.64479, 0.0 ], [ -38.06471, -12.64396, 0.0 ], [ -38.06367, -12.64206, 0.0 ], [ -38.06367, -12.64056, 0.0 ], [ -38.06331, -12.63938, 0.0 ], [ -38.06297, -12.63879, 0.0 ], [ -38.06219, -12.6378, 0.0 ], [ -38.06159, -12.63755, 0.0 ], [ -38.06142, -12.6377, 0.0 ], [ -38.0593, -12.63923, 0.0 ], [ -38.05734, -12.64146, 0.0 ], [ -38.05782, -12.64187, 0.0 ], [ -38.05906, -12.64333, 0.0 ], [ -38.05941, -12.64399, 0.0 ], [ -38.05958, -12.64431, 0.0 ], [ -38.05975, -12.64463, 0.0 ], [ -38.05996, -12.64506, 0.0 ], [ -38.05996, -12.64506, 0.0 ], [ -38.06007, -12.64563, 0.0 ], [ -38.06007, -12.64563, 0.0 ], [ -38.06016, -12.64622, 0.0 ], [ -38.06016, -12.64622, 0.0 ], [ -38.06017, -12.64671, 0.0 ], [ -38.06017, -12.64671, 0.0 ], [ -38.06024, -12.64725, 0.0 ], [ -38.06046, -12.6478, 0.0 ], [ -38.06073, -12.64819, 0.0 ], [ -38.06084, -12.64835, 0.0 ], [ -38.06094, -12.64844, 0.0 ], [ -38.06138, -12.64889, 0.0 ], [ -38.06177, -12.64913, 0.0 ], [ -38.06219, -12.6495, 0.0 ], [ -38.06256, -12.64979, 0.0 ], [ -38.06258, -12.6498, 0.0 ], [ -38.06311, -12.6503, 0.0 ], [ -38.06365, -12.65049, 0.0 ], [ -38.06395, -12.65052, 0.0 ], [ -38.06465, -12.6506, 0.0 ], [ -38.0653, -12.65077, 0.0 ], [ -38.06597, -12.6511, 0.0 ], [ -38.06651, -12.65143, 0.0 ], [ -38.06697, -12.65172, 0.0 ], [ -38.06756, -12.65216, 0.0 ], [ -38.06764, -12.65223, 0.0 ], [ -38.06811, -12.6526, 0.0 ], [ -38.06839, -12.6529, 0.0 ], [ -38.06872, -12.65344, 0.0 ], [ -38.06886, -12.65375, 0.0 ], [ -38.06894, -12.65394, 0.0 ], [ -38.06931, -12.65418, 0.0 ], [ -38.06975, -12.65425, 0.0 ], [ -38.06989, -12.65427, 0.0 ], [ -38.07052, -12.65433, 0.0 ], [ -38.07122, -12.65465, 0.0 ], [ -38.07174, -12.65489, 0.0 ], [ -38.07209, -12.65504, 0.0 ], [ -38.07231, -12.65519, 0.0 ], [ -38.07281, -12.65553, 0.0 ], [ -38.07362, -12.65613, 0.0 ], [ -38.0741, -12.65655, 0.0 ], [ -38.07455, -12.65716, 0.0 ], [ -38.07538, -12.65809, 0.0 ], [ -38.07579, -12.6586, 0.0 ], [ -38.07598, -12.65885, 0.0 ], [ -38.07616, -12.6591, 0.0 ], [ -38.07687, -12.65987, 0.0 ], [ -38.0775, -12.66073, 0.0 ], [ -38.07857, -12.66184, 0.0 ], [ -38.07923, -12.66251, 0.0 ], [ -38.08033, -12.66367, 0.0 ], [ -38.08082, -12.66413, 0.0 ], [ -38.08128, -12.66456, 0.0 ], [ -38.08192, -12.66529, 0.0 ], [ -38.08241, -12.66601, 0.0 ], [ -38.08269, -12.66655, 0.0 ], [ -38.08272, -12.6666, 0.0 ], [ -38.08302, -12.66724, 0.0 ], [ -38.08311, -12.66739, 0.0 ], [ -38.0833, -12.6677, 0.0 ], [ -38.08355, -12.66811, 0.0 ], [ -38.08401, -12.66886, 0.0 ], [ -38.08444, -12.66941, 0.0 ], [ -38.08506, -12.67027, 0.0 ], [ -38.08553, -12.67085, 0.0 ], [ -38.0859, -12.67144, 0.0 ], [ -38.08633, -12.67186, 0.0 ], [ -38.08665, -12.67243, 0.0 ], [ -38.08665, -12.67243, 0.0 ], [ -38.0867, -12.67275, 0.0 ], [ -38.0867, -12.67275, 0.0 ], [ -38.08673, -12.67292, 0.0 ], [ -38.08696, -12.67354, 0.0 ], [ -38.08732, -12.67413, 0.0 ], [ -38.08802, -12.6747, 0.0 ], [ -38.08805, -12.67472, 0.0 ], [ -38.08875, -12.67527, 0.0 ], [ -38.0892, -12.67559, 0.0 ], [ -38.08965, -12.67609, 0.0 ], [ -38.09005, -12.67657, 0.0 ], [ -38.09024, -12.67682, 0.0 ], [ -38.09033, -12.67693, 0.0 ], [ -38.09062, -12.6773, 0.0 ], [ -38.09125, -12.67771, 0.0 ], [ -38.09186, -12.67781, 0.0 ], [ -38.09289, -12.67833, 0.0 ], [ -38.09363, -12.67893, 0.0 ], [ -38.09437, -12.67954, 0.0 ], [ -38.09482, -12.67995, 0.0 ], [ -38.09563, -12.68079, 0.0 ], [ -38.09563, -12.68079, 0.0 ], [ -38.09707, -12.68132, 0.0 ], [ -38.09707, -12.68132, 0.0 ], [ -38.09851, -12.68248, 0.0 ], [ -38.09911, -12.68286, 0.0 ], [ -38.09914, -12.68289, 0.0 ], [ -38.09947, -12.68324, 0.0 ], [ -38.09951, -12.6833, 0.0 ], [ -38.10048, -12.68429, 0.0 ], [ -38.10142, -12.68496, 0.0 ], [ -38.10243, -12.68588, 0.0 ], [ -38.10257, -12.68601, 0.0 ], [ -38.10309, -12.68664, 0.0 ], [ -38.1044, -12.68773, 0.0 ], [ -38.10497, -12.68862, 0.0 ], [ -38.10547, -12.68931, 0.0 ], [ -38.10604, -12.69001, 0.0 ], [ -38.10645, -12.6905, 0.0 ], [ -38.10682, -12.6908, 0.0 ], [ -38.10732, -12.6912, 0.0 ], [ -38.10797, -12.69185, 0.0 ], [ -38.10866, -12.69248, 0.0 ], [ -38.1093, -12.69325, 0.0 ], [ -38.10996, -12.69411, 0.0 ], [ -38.11052, -12.69494, 0.0 ], [ -38.11127, -12.69581, 0.0 ], [ -38.11232, -12.697, 0.0 ], [ -38.11301, -12.69789, 0.0 ], [ -38.11453, -12.69947, 0.0 ], [ -38.11477, -12.69971, 0.0 ], [ -38.11546, -12.70039, 0.0 ], [ -38.1166, -12.70147, 0.0 ], [ -38.11841, -12.70345, 0.0 ], [ -38.11897, -12.70412, 0.0 ], [ -38.11996, -12.70544, 0.0 ], [ -38.12111, -12.7065, 0.0 ], [ -38.12112, -12.70652, 0.0 ], [ -38.12156, -12.70693, 0.0 ], [ -38.12166, -12.70702, 0.0 ], [ -38.12293, -12.70725, 0.0 ], [ -38.12293, -12.70725, 0.0 ], [ -38.1241, -12.70713, 0.0 ], [ -38.12411, -12.70714, 0.0 ], [ -38.12437, -12.7074, 0.0 ], [ -38.1248, -12.70784, 0.0 ], [ -38.12574, -12.70779, 0.0 ], [ -38.12496, -12.70685, 0.0 ], [ -38.1242, -12.70661, 0.0 ], [ -38.12333, -12.70641, 0.0 ], [ -38.12191, -12.70429, 0.0 ], [ -38.12139, -12.70372, 0.0 ], [ -38.12108, -12.70355, 0.0 ], [ -38.1205, -12.70331, 0.0 ], [ -38.11943, -12.70237, 0.0 ], [ -38.11929, -12.70186, 0.0 ], [ -38.11843, -12.70082, 0.0 ], [ -38.11742, -12.69905, 0.0 ], [ -38.11717, -12.69831, 0.0 ], [ -38.11648, -12.69787, 0.0 ], [ -38.11517, -12.69706, 0.0 ], [ -38.1146, -12.69648, 0.0 ], [ -38.11438, -12.6952, 0.0 ], [ -38.11377, -12.69371, 0.0 ], [ -38.11277, -12.69282, 0.0 ], [ -38.11264, -12.69271, 0.0 ], [ -38.11252, -12.69262, 0.0 ], [ -38.11522, -12.69098, 0.0 ], [ -38.11473, -12.69029, 0.0 ], [ -38.11363, -12.68856, 0.0 ], [ -38.11329, -12.6881, 0.0 ], [ -38.11305, -12.68782, 0.0 ], [ -38.11446, -12.68659, 0.0 ], [ -38.10881, -12.68329, 0.0 ], [ -38.10788, -12.68271, 0.0 ], [ -38.10707, -12.68208, 0.0 ], [ -38.10636, -12.68142, 0.0 ], [ -38.10555, -12.68049, 0.0 ], [ -38.10465, -12.67932, 0.0 ], [ -38.10399, -12.67821, 0.0 ], [ -38.10341, -12.67731, 0.0 ], [ -38.10269, -12.67642, 0.0 ], [ -38.10192, -12.67558, 0.0 ], [ -38.10129, -12.67481, 0.0 ], [ -38.09476, -12.66608, 0.0 ], [ -38.09466, -12.66595, 0.0 ], [ -38.09464, -12.66593, 0.0 ], [ -38.09203, -12.66245, 0.0 ], [ -38.08929, -12.65879, 0.0 ], [ -38.08825, -12.65735, 0.0 ], [ -38.08789, -12.65676, 0.0 ], [ -38.08747, -12.65605, 0.0 ], [ -38.08678, -12.65511, 0.0 ], [ -38.08628, -12.65452, 0.0 ], [ -38.08621, -12.65445, 0.0 ], [ -38.0858, -12.65404, 0.0 ], [ -38.08552, -12.65372, 0.0 ], [ -38.08456, -12.65246, 0.0 ], [ -38.08348, -12.65103, 0.0 ], [ -38.08311, -12.65058, 0.0 ], [ -38.08278, -12.65022, 0.0 ], [ -38.0821, -12.64961, 0.0 ], [ -38.07965, -12.64756, 0.0 ], [ -38.07863, -12.64666, 0.0 ], [ -38.07752, -12.64562, 0.0 ], [ -38.07655, -12.64466, 0.0 ], [ -38.07396, -12.64207, 0.0 ], [ -38.07352, -12.64158, 0.0 ], [ -38.07292, -12.64083, 0.0 ], [ -38.07222, -12.64004, 0.0 ], [ -38.07127, -12.6391, 0.0 ], [ -38.07089, -12.63882, 0.0 ], [ -38.07044, -12.63827, 0.0 ], [ -38.07006, -12.63786, 0.0 ], [ -38.0697, -12.6374, 0.0 ], [ -38.06878, -12.63808, 0.0 ], [ -38.06691, -12.63783, 0.0 ], [ -38.06592, -12.63663, 0.0 ], [ -38.06541, -12.63586, 0.0 ], [ -38.06621, -12.63541, 0.0 ], [ -38.06594, -12.63399, 0.0 ], [ -38.06495, -12.63258, 0.0 ], [ -38.06391, -12.63142, 0.0 ], [ -38.05895, -12.62329, 0.0 ], [ -38.05993, -12.62263, 0.0 ], [ -38.0579, -12.61955, 0.0 ], [ -38.05752, -12.61891, 0.0 ], [ -38.05648, -12.61704, 0.0 ], [ -38.05597, -12.61636, 0.0 ], [ -38.0552, -12.61542, 0.0 ], [ -38.05491, -12.61502, 0.0 ], [ -38.05382, -12.61337, 0.0 ], [ -38.05309, -12.61221, 0.0 ], [ -38.04953, -12.60644, 0.0 ], [ -38.04847, -12.60471, 0.0 ], [ -38.04747, -12.60312, 0.0 ], [ -38.04703, -12.60238, 0.0 ], [ -38.04663, -12.60164, 0.0 ], [ -38.04622, -12.60077, 0.0 ], [ -38.04569, -12.59982, 0.0 ], [ -38.04526, -12.5992, 0.0 ], [ -38.04488, -12.5987, 0.0 ], [ -38.04432, -12.59797, 0.0 ], [ -38.04407, -12.59762, 0.0 ], [ -38.04369, -12.597, 0.0 ], [ -38.04347, -12.59663, 0.0 ], [ -38.04325, -12.59627, 0.0 ], [ -38.04307, -12.59593, 0.0 ], [ -38.04291, -12.59561, 0.0 ], [ -38.04277, -12.59521, 0.0 ], [ -38.0427, -12.59494, 0.0 ], [ -38.04266, -12.59473, 0.0 ], [ -38.04252, -12.59401, 0.0 ], [ -38.04244, -12.59359, 0.0 ], [ -38.04243, -12.59308, 0.0 ], [ -38.0424, -12.59239, 0.0 ], [ -38.04228, -12.59151, 0.0 ], [ -38.04211, -12.59077, 0.0 ], [ -38.04169, -12.58917, 0.0 ], [ -38.04152, -12.58848, 0.0 ], [ -38.04128, -12.5869, 0.0 ], [ -38.0412, -12.58693, 0.0 ], [ -38.04116, -12.58694, 0.0 ], [ -38.04108, -12.58698, 0.0 ], [ -38.04104, -12.58699, 0.0 ], [ -38.04033, -12.58729, 0.0 ], [ -38.04007, -12.58743, 0.0 ] ], [ [ -38.04, -12.5902, 0.0 ], [ -38.03769, -12.59065, 0.0 ], [ -38.03733, -12.58982, 0.0 ], [ -38.03903, -12.58887, 0.0 ], [ -38.03963, -12.58825, 0.0 ], [ -38.04062, -12.58753, 0.0 ], [ -38.04121, -12.58745, 0.0 ], [ -38.04156, -12.58912, 0.0 ], [ -38.0417, -12.59007, 0.0 ], [ -38.04029, -12.59019, 0.0 ], [ -38.04, -12.5902, 0.0 ] ], [ [ -38.03736, -12.59072, 0.0 ], [ -38.03812, -12.59057, 0.0 ], [ -38.03846, -12.59142, 0.0 ], [ -38.03788, -12.59184, 0.0 ], [ -38.0385, -12.59288, 0.0 ], [ -38.03866, -12.59281, 0.0 ], [ -38.03871, -12.59284, 0.0 ], [ -38.0388, -12.5929, 0.0 ], [ -38.03886, -12.59296, 0.0 ], [ -38.03929, -12.59362, 0.0 ], [ -38.03862, -12.59407, 0.0 ], [ -38.03842, -12.59377, 0.0 ], [ -38.03815, -12.59397, 0.0 ], [ -38.03793, -12.59379, 0.0 ], [ -38.03781, -12.59339, 0.0 ], [ -38.03668, -12.59376, 0.0 ], [ -38.03619, -12.59393, 0.0 ], [ -38.03611, -12.59358, 0.0 ], [ -38.03608, -12.59358, 0.0 ], [ -38.03587, -12.59362, 0.0 ], [ -38.03586, -12.5932, 0.0 ], [ -38.03593, -12.59319, 0.0 ], [ -38.03591, -12.59299, 0.0 ], [ -38.03602, -12.59224, 0.0 ], [ -38.03618, -12.59198, 0.0 ], [ -38.03643, -12.59179, 0.0 ], [ -38.03673, -12.59147, 0.0 ], [ -38.03697, -12.59101, 0.0 ], [ -38.03736, -12.59072, 0.0 ] ], [ [ -38.11199, -12.69454, 0.0 ], [ -38.11155, -12.69488, 0.0 ], [ -38.11134, -12.69458, 0.0 ], [ -38.11123, -12.69435, 0.0 ], [ -38.11101, -12.69417, 0.0 ], [ -38.11064, -12.69386, 0.0 ], [ -38.11115, -12.69352, 0.0 ], [ -38.11142, -12.69333, 0.0 ], [ -38.11229, -12.69447, 0.0 ], [ -38.11214, -12.6945, 0.0 ], [ -38.11205, -12.69453, 0.0 ], [ -38.11199, -12.69454, 0.0 ] ] ] ] } },
{ "type": "Feature", "properties": { "Id": 86, "Name": "ZDC 3", "DISTRITO": "ABRANTES", "categoria": "ZDC", "perímetro_ellip_m": 2540.3, "área_ellip_m²": 116946.5 }, "geometry": { "type": "MultiPolygon", "coordinates": [ [ [ [ -38.15818, -12.73806, 0.0 ], [ -38.15789, -12.73817, 0.0 ], [ -38.15735, -12.73814, 0.0 ], [ -38.1572, -12.73829, 0.0 ], [ -38.15764, -12.73884, 0.0 ], [ -38.15766, -12.73902, 0.0 ], [ -38.15776, -12.73925, 0.0 ], [ -38.15787, -12.73938, 0.0 ], [ -38.15815, -12.73946, 0.0 ], [ -38.15857, -12.73956, 0.0 ], [ -38.15887, -12.7396, 0.0 ], [ -38.15914, -12.73975, 0.0 ], [ -38.15949, -12.73994, 0.0 ], [ -38.15988, -12.74033, 0.0 ], [ -38.16012, -12.74047, 0.0 ], [ -38.16069, -12.74073, 0.0 ], [ -38.161, -12.74102, 0.0 ], [ -38.16139, -12.74125, 0.0 ], [ -38.16173, -12.74146, 0.0 ], [ -38.16213, -12.74167, 0.0 ], [ -38.16241, -12.74198, 0.0 ], [ -38.16267, -12.74227, 0.0 ], [ -38.16289, -12.74233, 0.0 ], [ -38.16313, -12.74239, 0.0 ], [ -38.16321, -12.74257, 0.0 ], [ -38.16326, -12.74286, 0.0 ], [ -38.16334, -12.74307, 0.0 ], [ -38.16349, -12.74322, 0.0 ], [ -38.1637, -12.74334, 0.0 ], [ -38.16377, -12.7434, 0.0 ], [ -38.16388, -12.74353, 0.0 ], [ -38.16405, -12.74354, 0.0 ], [ -38.16422, -12.74354, 0.0 ], [ -38.16437, -12.74362, 0.0 ], [ -38.16442, -12.74382, 0.0 ], [ -38.16447, -12.74397, 0.0 ], [ -38.16476, -12.7441, 0.0 ], [ -38.16497, -12.74413, 0.0 ], [ -38.16508, -12.7442, 0.0 ], [ -38.16514, -12.74424, 0.0 ], [ -38.16531, -12.74442, 0.0 ], [ -38.16548, -12.74457, 0.0 ], [ -38.16592, -12.74457, 0.0 ], [ -38.166, -12.74457, 0.0 ], [ -38.16573, -12.74346, 0.0 ], [ -38.16385, -12.74212, 0.0 ], [ -38.16251, -12.74107, 0.0 ], [ -38.15934, -12.73873, 0.0 ], [ -38.15829, -12.7379, 0.0 ], [ -38.15818, -12.73806, 0.0 ] ] ] ] } },
{ "type": "Feature", "properties": { "Id": 87, "Name": "ZDC 3", "DISTRITO": "ABRANTES", "categoria": "ZDC", "perímetro_ellip_m": 2576.8, "área_ellip_m²": 247811.0 }, "geometry": { "type": "MultiPolygon", "coordinates": [ [ [ [ -38.22981, -12.80861, 0.0 ], [ -38.23289, -12.81084, 0.0 ], [ -38.23362, -12.80985, 0.0 ], [ -38.23391, -12.80944, 0.0 ], [ -38.23413, -12.80912, 0.0 ], [ -38.23144, -12.80716, 0.0 ], [ -38.22672, -12.80373, 0.0 ], [ -38.2266, -12.80388, 0.0 ], [ -38.2263, -12.8039, 0.0 ], [ -38.22575, -12.80403, 0.0 ], [ -38.22488, -12.80504, 0.0 ], [ -38.22561, -12.80557, 0.0 ], [ -38.22628, -12.80605, 0.0 ], [ -38.22837, -12.80757, 0.0 ], [ -38.22981, -12.80861, 0.0 ] ] ] ] } },
{ "type": "Feature", "properties": { "Id": 88, "Name": "ZDC 4", "DISTRITO": "ABRANTES", "categoria": "ZDC", "perímetro_ellip_m": 10844.3, "área_ellip_m²": 2204971.4 }, "geometry": { "type": "MultiPolygon", "coordinates": [ [ [ [ -38.23421, -12.8174, 0.0 ], [ -38.23383, -12.81754, 0.0 ], [ -38.23369, -12.8175, 0.0 ], [ -38.23288, -12.81756, 0.0 ], [ -38.23296, -12.8167, 0.0 ], [ -38.23357, -12.81665, 0.0 ], [ -38.23358, -12.81655, 0.0 ], [ -38.23281, -12.81599, 0.0 ], [ -38.23222, -12.81549, 0.0 ], [ -38.23159, -12.81508, 0.0 ], [ -38.23072, -12.81643, 0.0 ], [ -38.2303, -12.81694, 0.0 ], [ -38.22932, -12.81831, 0.0 ], [ -38.22654, -12.82218, 0.0 ], [ -38.22815, -12.82353, 0.0 ], [ -38.22846, -12.82531, 0.0 ], [ -38.23101, -12.828, 0.0 ], [ -38.23105, -12.82689, 0.0 ], [ -38.23017, -12.82674, 0.0 ], [ -38.23026, -12.82554, 0.0 ], [ -38.2309, -12.82491, 0.0 ], [ -38.2317, -12.82512, 0.0 ], [ -38.23197, -12.8237, 0.0 ], [ -38.23379, -12.82347, 0.0 ], [ -38.23573, -12.82496, 0.0 ], [ -38.23583, -12.82474, 0.0 ], [ -38.23599, -12.82455, 0.0 ], [ -38.23593, -12.82446, 0.0 ], [ -38.23567, -12.82431, 0.0 ], [ -38.23583, -12.82401, 0.0 ], [ -38.23596, -12.82361, 0.0 ], [ -38.23619, -12.82323, 0.0 ], [ -38.23628, -12.82314, 0.0 ], [ -38.23632, -12.82291, 0.0 ], [ -38.23597, -12.82285, 0.0 ], [ -38.23593, -12.82281, 0.0 ], [ -38.23606, -12.82253, 0.0 ], [ -38.23615, -12.82211, 0.0 ], [ -38.23624, -12.82171, 0.0 ], [ -38.23632, -12.82141, 0.0 ], [ -38.23647, -12.82145, 0.0 ], [ -38.23661, -12.8212, 0.0 ], [ -38.23684, -12.82129, 0.0 ], [ -38.23705, -12.82145, 0.0 ], [ -38.23741, -12.82147, 0.0 ], [ -38.23775, -12.82144, 0.0 ], [ -38.23793, -12.82176, 0.0 ], [ -38.2382, -12.82144, 0.0 ], [ -38.23851, -12.82164, 0.0 ], [ -38.23854, -12.82127, 0.0 ], [ -38.23899, -12.82086, 0.0 ], [ -38.23933, -12.82079, 0.0 ], [ -38.24003, -12.82052, 0.0 ], [ -38.24022, -12.82073, 0.0 ], [ -38.24068, -12.82065, 0.0 ], [ -38.241, -12.82057, 0.0 ], [ -38.24114, -12.82053, 0.0 ], [ -38.24151, -12.82045, 0.0 ], [ -38.24217, -12.82093, 0.0 ], [ -38.24309, -12.8213, 0.0 ], [ -38.24375, -12.82162, 0.0 ], [ -38.24391, -12.8217, 0.0 ], [ -38.24558, -12.82215, 0.0 ], [ -38.24547, -12.82231, 0.0 ], [ -38.24525, -12.8228, 0.0 ], [ -38.24604, -12.82285, 0.0 ], [ -38.24607, -12.8238, 0.0 ], [ -38.2474, -12.82474, 0.0 ], [ -38.24837, -12.82525, 0.0 ], [ -38.24843, -12.82524, 0.0 ], [ -38.24845, -12.82522, 0.0 ], [ -38.24893, -12.82572, 0.0 ], [ -38.24893, -12.82578, 0.0 ], [ -38.24888, -12.82585, 0.0 ], [ -38.24842, -12.82655, 0.0 ], [ -38.2478, -12.82828, 0.0 ], [ -38.24829, -12.82895, 0.0 ], [ -38.2483, -12.82894, 0.0 ], [ -38.2486, -12.82857, 0.0 ], [ -38.24873, -12.82851, 0.0 ], [ -38.24886, -12.82842, 0.0 ], [ -38.24893, -12.82837, 0.0 ], [ -38.249, -12.82832, 0.0 ], [ -38.24915, -12.82803, 0.0 ], [ -38.24949, -12.82743, 0.0 ], [ -38.25004, -12.82642, 0.0 ], [ -38.25046, -12.82566, 0.0 ], [ -38.2505, -12.8256, 0.0 ], [ -38.25082, -12.82534, 0.0 ], [ -38.25093, -12.82526, 0.0 ], [ -38.25098, -12.82522, 0.0 ], [ -38.25105, -12.82513, 0.0 ], [ -38.25108, -12.82508, 0.0 ], [ -38.25114, -12.82496, 0.0 ], [ -38.25115, -12.82492, 0.0 ], [ -38.2514, -12.82438, 0.0 ], [ -38.25147, -12.82425, 0.0 ], [ -38.25166, -12.82392, 0.0 ], [ -38.25189, -12.82354, 0.0 ], [ -38.25222, -12.82297, 0.0 ], [ -38.2523, -12.82292, 0.0 ], [ -38.25257, -12.82251, 0.0 ], [ -38.24816, -12.81928, 0.0 ], [ -38.24802, -12.81918, 0.0 ], [ -38.23918, -12.8128, 0.0 ], [ -38.23413, -12.80912, 0.0 ], [ -38.23391, -12.80944, 0.0 ], [ -38.23362, -12.80985, 0.0 ], [ -38.23289, -12.81084, 0.0 ], [ -38.23271, -12.81116, 0.0 ], [ -38.23347, -12.8119, 0.0 ], [ -38.23473, -12.81309, 0.0 ], [ -38.23425, -12.81398, 0.0 ], [ -38.23453, -12.81451, 0.0 ], [ -38.23537, -12.81545, 0.0 ], [ -38.23534, -12.81616, 0.0 ], [ -38.23497, -12.81659, 0.0 ], [ -38.23438, -12.81677, 0.0 ], [ -38.23442, -12.8168, 0.0 ], [ -38.23445, -12.81697, 0.0 ], [ -38.23419, -12.81704, 0.0 ], [ -38.23433, -12.81729, 0.0 ], [ -38.23421, -12.8174, 0.0 ] ] ] ] } },
{ "type": "Feature", "properties": { "Id": 89, "Name": "ZDC 4", "DISTRITO": "ABRANTES", "categoria": "ZDC", "perímetro_ellip_m": 10711.3, "área_ellip_m²": 1894200.9 }, "geometry": { "type": "MultiPolygon", "coordinates": [ [ [ [ -38.18082, -12.77112, 0.0 ], [ -38.18034, -12.77118, 0.0 ], [ -38.18016, -12.77117, 0.0 ], [ -38.17976, -12.77101, 0.0 ], [ -38.17966, -12.77097, 0.0 ], [ -38.1795, -12.77091, 0.0 ], [ -38.17943, -12.77085, 0.0 ], [ -38.17936, -12.77089, 0.0 ], [ -38.17941, -12.77095, 0.0 ], [ -38.17944, -12.77097, 0.0 ], [ -38.1797, -12.77109, 0.0 ], [ -38.17975, -12.77114, 0.0 ], [ -38.17975, -12.77114, 0.0 ], [ -38.18043, -12.77128, 0.0 ], [ -38.18478, -12.77224, 0.0 ], [ -38.18607, -12.77253, 0.0 ], [ -38.18608, -12.77253, 0.0 ], [ -38.18804, -12.77306, 0.0 ], [ -38.1987, -12.78532, 0.0 ], [ -38.19889, -12.78555, 0.0 ], [ -38.19901, -12.78569, 0.0 ], [ -38.2007, -12.7847, 0.0 ], [ -38.20076, -12.78481, 0.0 ], [ -38.20126, -12.7855, 0.0 ], [ -38.20138, -12.78556, 0.0 ], [ -38.20156, -12.78561, 0.0 ], [ -38.20185, -12.78545, 0.0 ], [ -38.20246, -12.78507, 0.0 ], [ -38.2024, -12.78498, 0.0 ], [ -38.20236, -12.78493, 0.0 ], [ -38.20195, -12.78436, 0.0 ], [ -38.20167, -12.78398, 0.0 ], [ -38.20124, -12.78338, 0.0 ], [ -38.20115, -12.78326, 0.0 ], [ -38.20081, -12.7828, 0.0 ], [ -38.19572, -12.77579, 0.0 ], [ -38.19464, -12.77431, 0.0 ], [ -38.19425, -12.77377, 0.0 ], [ -38.19404, -12.77341, 0.0 ], [ -38.19373, -12.77287, 0.0 ], [ -38.19347, -12.77247, 0.0 ], [ -38.19317, -12.77207, 0.0 ], [ -38.19285, -12.77174, 0.0 ], [ -38.19247, -12.77142, 0.0 ], [ -38.192, -12.77107, 0.0 ], [ -38.19151, -12.77068, 0.0 ], [ -38.19102, -12.77025, 0.0 ], [ -38.1907, -12.76994, 0.0 ], [ -38.19049, -12.76974, 0.0 ], [ -38.18955, -12.76881, 0.0 ], [ -38.18882, -12.76809, 0.0 ], [ -38.18798, -12.76727, 0.0 ], [ -38.18589, -12.76531, 0.0 ], [ -38.18516, -12.76461, 0.0 ], [ -38.18376, -12.76326, 0.0 ], [ -38.18303, -12.76254, 0.0 ], [ -38.18238, -12.76193, 0.0 ], [ -38.18174, -12.76129, 0.0 ], [ -38.18106, -12.76062, 0.0 ], [ -38.18054, -12.76, 0.0 ], [ -38.18014, -12.75955, 0.0 ], [ -38.17975, -12.75896, 0.0 ], [ -38.17936, -12.75834, 0.0 ], [ -38.17905, -12.75789, 0.0 ], [ -38.17857, -12.75733, 0.0 ], [ -38.17795, -12.75666, 0.0 ], [ -38.1769, -12.75552, 0.0 ], [ -38.17622, -12.75483, 0.0 ], [ -38.17558, -12.75431, 0.0 ], [ -38.1751, -12.75399, 0.0 ], [ -38.17454, -12.7537, 0.0 ], [ -38.17426, -12.75357, 0.0 ], [ -38.17397, -12.75345, 0.0 ], [ -38.17389, -12.75342, 0.0 ], [ -38.17441, -12.75634, 0.0 ], [ -38.17467, -12.7572, 0.0 ], [ -38.17475, -12.75747, 0.0 ], [ -38.17469, -12.75749, 0.0 ], [ -38.17479, -12.7578, 0.0 ], [ -38.17503, -12.7584, 0.0 ], [ -38.17718, -12.76121, 0.0 ], [ -38.17866, -12.76273, 0.0 ], [ -38.17894, -12.7631, 0.0 ], [ -38.18169, -12.76578, 0.0 ], [ -38.18316, -12.76725, 0.0 ], [ -38.18371, -12.76789, 0.0 ], [ -38.18378, -12.76849, 0.0 ], [ -38.18392, -12.76868, 0.0 ], [ -38.18381, -12.76874, 0.0 ], [ -38.18324, -12.76898, 0.0 ], [ -38.18316, -12.76915, 0.0 ], [ -38.18326, -12.76929, 0.0 ], [ -38.18326, -12.7694, 0.0 ], [ -38.18324, -12.76947, 0.0 ], [ -38.18309, -12.76954, 0.0 ], [ -38.18249, -12.76987, 0.0 ], [ -38.18242, -12.76994, 0.0 ], [ -38.18215, -12.77029, 0.0 ], [ -38.182, -12.77052, 0.0 ], [ -38.18186, -12.77062, 0.0 ], [ -38.1812, -12.77095, 0.0 ], [ -38.18082, -12.77112, 0.0 ] ] ] ] } },
{ "type": "Feature", "properties": { "Id": 90, "Name": "ZDC 4", "DISTRITO": "ABRANTES/MONTE GORDO", "categoria": "ZDC", "perímetro_ellip_m": 22622.6, "área_ellip_m²": 7957164.2 }, "geometry": { "type": "MultiPolygon", "coordinates": [ [ [ [ -38.12496, -12.70685, 0.0 ], [ -38.12574, -12.70779, 0.0 ], [ -38.1248, -12.70784, 0.0 ], [ -38.12605, -12.70911, 0.0 ], [ -38.12854, -12.70799, 0.0 ], [ -38.13061, -12.70706, 0.0 ], [ -38.13179, -12.70704, 0.0 ], [ -38.13193, -12.70786, 0.0 ], [ -38.13202, -12.70839, 0.0 ], [ -38.13196, -12.70931, 0.0 ], [ -38.13185, -12.71026, 0.0 ], [ -38.13187, -12.7104, 0.0 ], [ -38.13199, -12.71069, 0.0 ], [ -38.13207, -12.71089, 0.0 ], [ -38.13205, -12.71112, 0.0 ], [ -38.13156, -12.71238, 0.0 ], [ -38.13146, -12.71265, 0.0 ], [ -38.13139, -12.71277, 0.0 ], [ -38.1314, -12.71292, 0.0 ], [ -38.13139, -12.71349, 0.0 ], [ -38.1319, -12.71582, 0.0 ], [ -38.13251, -12.71777, 0.0 ], [ -38.13249, -12.71789, 0.0 ], [ -38.13251, -12.71796, 0.0 ], [ -38.13257, -12.71804, 0.0 ], [ -38.13271, -12.71811, 0.0 ], [ -38.13284, -12.71933, 0.0 ], [ -38.13285, -12.7194, 0.0 ], [ -38.13286, -12.71947, 0.0 ], [ -38.13303, -12.71981, 0.0 ], [ -38.13341, -12.72018, 0.0 ], [ -38.13401, -12.72048, 0.0 ], [ -38.13439, -12.72064, 0.0 ], [ -38.13464, -12.72069, 0.0 ], [ -38.13758, -12.72292, 0.0 ], [ -38.13791, -12.72276, 0.0 ], [ -38.13989, -12.72419, 0.0 ], [ -38.14088, -12.72423, 0.0 ], [ -38.14194, -12.72508, 0.0 ], [ -38.14278, -12.72481, 0.0 ], [ -38.1456, -12.72609, 0.0 ], [ -38.14567, -12.72612, 0.0 ], [ -38.14687, -12.72667, 0.0 ], [ -38.14557, -12.72528, 0.0 ], [ -38.14536, -12.72515, 0.0 ], [ -38.14466, -12.72461, 0.0 ], [ -38.14399, -12.72423, 0.0 ], [ -38.14348, -12.72399, 0.0 ], [ -38.14333, -12.72383, 0.0 ], [ -38.14323, -12.72365, 0.0 ], [ -38.14284, -12.72332, 0.0 ], [ -38.14261, -12.72315, 0.0 ], [ -38.14167, -12.72224, 0.0 ], [ -38.14095, -12.72157, 0.0 ], [ -38.14005, -12.72066, 0.0 ], [ -38.13982, -12.72043, 0.0 ], [ -38.13974, -12.72038, 0.0 ], [ -38.13965, -12.72006, 0.0 ], [ -38.13959, -12.71978, 0.0 ], [ -38.13939, -12.71927, 0.0 ], [ -38.13938, -12.71884, 0.0 ], [ -38.13929, -12.71856, 0.0 ], [ -38.13902, -12.71832, 0.0 ], [ -38.13846, -12.71797, 0.0 ], [ -38.138, -12.71776, 0.0 ], [ -38.13784, -12.71774, 0.0 ], [ -38.13786, -12.7176, 0.0 ], [ -38.1379, -12.7174, 0.0 ], [ -38.13805, -12.7174, 0.0 ], [ -38.13828, -12.71743, 0.0 ], [ -38.1394, -12.71791, 0.0 ], [ -38.13985, -12.71817, 0.0 ], [ -38.13993, -12.71823, 0.0 ], [ -38.13999, -12.7183, 0.0 ], [ -38.14023, -12.71862, 0.0 ], [ -38.14085, -12.71915, 0.0 ], [ -38.14095, -12.71923, 0.0 ], [ -38.14132, -12.71953, 0.0 ], [ -38.14143, -12.71972, 0.0 ], [ -38.14153, -12.72, 0.0 ], [ -38.14164, -12.72015, 0.0 ], [ -38.14168, -12.72024, 0.0 ], [ -38.14169, -12.7204, 0.0 ], [ -38.14183, -12.72056, 0.0 ], [ -38.14192, -12.72049, 0.0 ], [ -38.14221, -12.72049, 0.0 ], [ -38.14228, -12.72048, 0.0 ], [ -38.14243, -12.72054, 0.0 ], [ -38.1427, -12.72069, 0.0 ], [ -38.14315, -12.72021, 0.0 ], [ -38.14341, -12.72007, 0.0 ], [ -38.14378, -12.72041, 0.0 ], [ -38.14453, -12.72128, 0.0 ], [ -38.14491, -12.7217, 0.0 ], [ -38.14559, -12.72272, 0.0 ], [ -38.14577, -12.72293, 0.0 ], [ -38.14592, -12.72317, 0.0 ], [ -38.14629, -12.72416, 0.0 ], [ -38.14651, -12.72446, 0.0 ], [ -38.14705, -12.72522, 0.0 ], [ -38.14767, -12.72581, 0.0 ], [ -38.14778, -12.72596, 0.0 ], [ -38.14778, -12.72596, 0.0 ], [ -38.14841, -12.727, 0.0 ], [ -38.15028, -12.73003, 0.0 ], [ -38.15127, -12.73105, 0.0 ], [ -38.15524, -12.73516, 0.0 ], [ -38.15841, -12.73772, 0.0 ], [ -38.15829, -12.7379, 0.0 ], [ -38.15934, -12.73873, 0.0 ], [ -38.16251, -12.74107, 0.0 ], [ -38.16385, -12.74212, 0.0 ], [ -38.16573, -12.74346, 0.0 ], [ -38.16567, -12.74317, 0.0 ], [ -38.16565, -12.74308, 0.0 ], [ -38.16324, -12.73288, 0.0 ], [ -38.16307, -12.73183, 0.0 ], [ -38.16295, -12.7309, 0.0 ], [ -38.16269, -12.72982, 0.0 ], [ -38.16239, -12.72893, 0.0 ], [ -38.16203, -12.7278, 0.0 ], [ -38.16149, -12.72563, 0.0 ], [ -38.16138, -12.72523, 0.0 ], [ -38.16123, -12.7248, 0.0 ], [ -38.1611, -12.72449, 0.0 ], [ -38.16092, -12.72413, 0.0 ], [ -38.1609, -12.7241, 0.0 ], [ -38.16075, -12.72383, 0.0 ], [ -38.16058, -12.72359, 0.0 ], [ -38.16047, -12.72343, 0.0 ], [ -38.1604, -12.72334, 0.0 ], [ -38.16022, -12.72311, 0.0 ], [ -38.15992, -12.72279, 0.0 ], [ -38.15971, -12.72258, 0.0 ], [ -38.15937, -12.72228, 0.0 ], [ -38.15901, -12.722, 0.0 ], [ -38.15854, -12.72165, 0.0 ], [ -38.1577, -12.72105, 0.0 ], [ -38.15561, -12.7195, 0.0 ], [ -38.15464, -12.71879, 0.0 ], [ -38.1539, -12.71824, 0.0 ], [ -38.1532, -12.71764, 0.0 ], [ -38.15248, -12.717, 0.0 ], [ -38.15158, -12.71634, 0.0 ], [ -38.1506, -12.71577, 0.0 ], [ -38.14962, -12.71513, 0.0 ], [ -38.14777, -12.71379, 0.0 ], [ -38.14555, -12.71217, 0.0 ], [ -38.14493, -12.71298, 0.0 ], [ -38.14484, -12.71308, 0.0 ], [ -38.14478, -12.71308, 0.0 ], [ -38.14469, -12.71309, 0.0 ], [ -38.14464, -12.71309, 0.0 ], [ -38.14426, -12.71318, 0.0 ], [ -38.14379, -12.71327, 0.0 ], [ -38.14354, -12.71333, 0.0 ], [ -38.14326, -12.71338, 0.0 ], [ -38.14304, -12.71343, 0.0 ], [ -38.14288, -12.71346, 0.0 ], [ -38.1428, -12.71348, 0.0 ], [ -38.14275, -12.71352, 0.0 ], [ -38.14271, -12.71356, 0.0 ], [ -38.14269, -12.7136, 0.0 ], [ -38.14268, -12.71365, 0.0 ], [ -38.1416, -12.71281, 0.0 ], [ -38.14299, -12.71031, 0.0 ], [ -38.14296, -12.71029, 0.0 ], [ -38.14259, -12.71002, 0.0 ], [ -38.14259, -12.71002, 0.0 ], [ -38.14259, -12.71002, 0.0 ], [ -38.13931, -12.7076, 0.0 ], [ -38.13739, -12.70622, 0.0 ], [ -38.13585, -12.70494, 0.0 ], [ -38.13355, -12.70275, 0.0 ], [ -38.13241, -12.70164, 0.0 ], [ -38.13091, -12.70019, 0.0 ], [ -38.12914, -12.69848, 0.0 ], [ -38.12831, -12.69768, 0.0 ], [ -38.12663, -12.69607, 0.0 ], [ -38.12602, -12.69547, 0.0 ], [ -38.12572, -12.6951, 0.0 ], [ -38.1253, -12.69459, 0.0 ], [ -38.12466, -12.69386, 0.0 ], [ -38.12421, -12.6934, 0.0 ], [ -38.12359, -12.69286, 0.0 ], [ -38.12295, -12.69237, 0.0 ], [ -38.1224, -12.6919, 0.0 ], [ -38.12176, -12.69132, 0.0 ], [ -38.12135, -12.69095, 0.0 ], [ -38.12097, -12.69062, 0.0 ], [ -38.12049, -12.69025, 0.0 ], [ -38.12004, -12.68992, 0.0 ], [ -38.11927, -12.68941, 0.0 ], [ -38.1185, -12.68895, 0.0 ], [ -38.11446, -12.68659, 0.0 ], [ -38.11305, -12.68782, 0.0 ], [ -38.11329, -12.6881, 0.0 ], [ -38.11363, -12.68856, 0.0 ], [ -38.11473, -12.69029, 0.0 ], [ -38.11522, -12.69098, 0.0 ], [ -38.11252, -12.69262, 0.0 ], [ -38.11264, -12.69271, 0.0 ], [ -38.11277, -12.69282, 0.0 ], [ -38.11377, -12.69371, 0.0 ], [ -38.11438, -12.6952, 0.0 ], [ -38.1146, -12.69648, 0.0 ], [ -38.11517, -12.69706, 0.0 ], [ -38.11648, -12.69787, 0.0 ], [ -38.11717, -12.69831, 0.0 ], [ -38.11742, -12.69905, 0.0 ], [ -38.11843, -12.70082, 0.0 ], [ -38.11929, -12.70186, 0.0 ], [ -38.11943, -12.70237, 0.0 ], [ -38.1205, -12.70331, 0.0 ], [ -38.12108, -12.70355, 0.0 ], [ -38.12139, -12.70372, 0.0 ], [ -38.12191, -12.70429, 0.0 ], [ -38.12333, -12.70641, 0.0 ], [ -38.1242, -12.70661, 0.0 ], [ -38.12496, -12.70685, 0.0 ] ] ] ] } },
{ "type": "Feature", "properties": { "Id": 91, "Name": "ZDC 4", "DISTRITO": "ABRANTES", "categoria": "ZDC", "perímetro_ellip_m": 7055.9, "área_ellip_m²": 998280.4 }, "geometry": { "type": "MultiPolygon", "coordinates": [ [ [ [ -38.23081, -12.83583, 0.0 ], [ -38.231, -12.83608, 0.0 ], [ -38.23102, -12.83609, 0.0 ], [ -38.23151, -12.83624, 0.0 ], [ -38.23172, -12.83624, 0.0 ], [ -38.2319, -12.83624, 0.0 ], [ -38.23204, -12.83599, 0.0 ], [ -38.23239, -12.8361, 0.0 ], [ -38.23258, -12.83627, 0.0 ], [ -38.23302, -12.83665, 0.0 ], [ -38.23327, -12.83702, 0.0 ], [ -38.23328, -12.83703, 0.0 ], [ -38.23335, -12.83713, 0.0 ], [ -38.23337, -12.83717, 0.0 ], [ -38.23369, -12.83767, 0.0 ], [ -38.23369, -12.8377, 0.0 ], [ -38.23369, -12.8377, 0.0 ], [ -38.23378, -12.8381, 0.0 ], [ -38.23378, -12.8381, 0.0 ], [ -38.23357, -12.83833, 0.0 ], [ -38.23335, -12.83838, 0.0 ], [ -38.23328, -12.83853, 0.0 ], [ -38.23352, -12.83869, 0.0 ], [ -38.23385, -12.83902, 0.0 ], [ -38.23388, -12.83905, 0.0 ], [ -38.23422, -12.83946, 0.0 ], [ -38.2343, -12.83947, 0.0 ], [ -38.23454, -12.8395, 0.0 ], [ -38.23468, -12.83962, 0.0 ], [ -38.23474, -12.83979, 0.0 ], [ -38.23479, -12.83993, 0.0 ], [ -38.23511, -12.84035, 0.0 ], [ -38.23546, -12.84063, 0.0 ], [ -38.23563, -12.84094, 0.0 ], [ -38.23563, -12.84094, 0.0 ], [ -38.23563, -12.84095, 0.0 ], [ -38.23563, -12.84095, 0.0 ], [ -38.23557, -12.8411, 0.0 ], [ -38.23546, -12.84138, 0.0 ], [ -38.23549, -12.84153, 0.0 ], [ -38.23766, -12.83994, 0.0 ], [ -38.23062, -12.83036, 0.0 ], [ -38.22995, -12.82945, 0.0 ], [ -38.22995, -12.82945, 0.0 ], [ -38.22999, -12.82939, 0.0 ], [ -38.22998, -12.82938, 0.0 ], [ -38.2285, -12.82784, 0.0 ], [ -38.22846, -12.8277, 0.0 ], [ -38.22788, -12.82707, 0.0 ], [ -38.22738, -12.82652, 0.0 ], [ -38.22651, -12.82561, 0.0 ], [ -38.22506, -12.8249, 0.0 ], [ -38.22389, -12.82374, 0.0 ], [ -38.22347, -12.82307, 0.0 ], [ -38.22212, -12.82206, 0.0 ], [ -38.22111, -12.82167, 0.0 ], [ -38.21971, -12.82021, 0.0 ], [ -38.21835, -12.81915, 0.0 ], [ -38.21677, -12.82116, 0.0 ], [ -38.21708, -12.82143, 0.0 ], [ -38.21754, -12.82186, 0.0 ], [ -38.21815, -12.82243, 0.0 ], [ -38.21856, -12.82292, 0.0 ], [ -38.21956, -12.82387, 0.0 ], [ -38.21969, -12.82399, 0.0 ], [ -38.2198, -12.82411, 0.0 ], [ -38.22059, -12.82489, 0.0 ], [ -38.22111, -12.82528, 0.0 ], [ -38.2213, -12.82543, 0.0 ], [ -38.22175, -12.82584, 0.0 ], [ -38.22179, -12.82599, 0.0 ], [ -38.2219, -12.82637, 0.0 ], [ -38.22211, -12.82687, 0.0 ], [ -38.22263, -12.82721, 0.0 ], [ -38.22284, -12.82735, 0.0 ], [ -38.22342, -12.8277, 0.0 ], [ -38.22381, -12.82803, 0.0 ], [ -38.22428, -12.82841, 0.0 ], [ -38.22441, -12.82853, 0.0 ], [ -38.22454, -12.82885, 0.0 ], [ -38.22485, -12.82936, 0.0 ], [ -38.22532, -12.82964, 0.0 ], [ -38.22552, -12.82981, 0.0 ], [ -38.22562, -12.82989, 0.0 ], [ -38.22587, -12.83024, 0.0 ], [ -38.22614, -12.83054, 0.0 ], [ -38.22631, -12.83064, 0.0 ], [ -38.22651, -12.83094, 0.0 ], [ -38.22731, -12.83166, 0.0 ], [ -38.22787, -12.83228, 0.0 ], [ -38.22811, -12.83261, 0.0 ], [ -38.22826, -12.83281, 0.0 ], [ -38.22866, -12.8331, 0.0 ], [ -38.22902, -12.83361, 0.0 ], [ -38.22947, -12.83392, 0.0 ], [ -38.22969, -12.83427, 0.0 ], [ -38.22969, -12.83427, 0.0 ], [ -38.2297, -12.83465, 0.0 ], [ -38.22972, -12.83467, 0.0 ], [ -38.22975, -12.83469, 0.0 ], [ -38.23018, -12.83496, 0.0 ], [ -38.23048, -12.83516, 0.0 ], [ -38.23064, -12.83517, 0.0 ], [ -38.23096, -12.83527, 0.0 ], [ -38.23096, -12.83527, 0.0 ], [ -38.23091, -12.83553, 0.0 ], [ -38.23091, -12.83553, 0.0 ], [ -38.23081, -12.83583, 0.0 ] ] ] ] } },
{ "type": "Feature", "properties": { "Id": 92, "Name": "ZDC 5", "DISTRITO": "ABRANTES", "categoria": "ZDC", "perímetro_ellip_m": 22730.4, "área_ellip_m²": 4965141.5 }, "geometry": { "type": "MultiPolygon", "coordinates": [ [ [ [ -38.25046, -12.82566, 0.0 ], [ -38.25004, -12.82642, 0.0 ], [ -38.24949, -12.82743, 0.0 ], [ -38.24915, -12.82803, 0.0 ], [ -38.249, -12.82832, 0.0 ], [ -38.24893, -12.82837, 0.0 ], [ -38.24886, -12.82842, 0.0 ], [ -38.24873, -12.82851, 0.0 ], [ -38.2486, -12.82857, 0.0 ], [ -38.2483, -12.82894, 0.0 ], [ -38.24829, -12.82895, 0.0 ], [ -38.24834, -12.8291, 0.0 ], [ -38.24839, -12.82903, 0.0 ], [ -38.24853, -12.82883, 0.0 ], [ -38.24862, -12.82869, 0.0 ], [ -38.24868, -12.82865, 0.0 ], [ -38.24878, -12.82858, 0.0 ], [ -38.24891, -12.82851, 0.0 ], [ -38.24894, -12.82849, 0.0 ], [ -38.24911, -12.82848, 0.0 ], [ -38.24948, -12.8285, 0.0 ], [ -38.25022, -12.82857, 0.0 ], [ -38.25059, -12.8286, 0.0 ], [ -38.2506, -12.82855, 0.0 ], [ -38.2506, -12.82855, 0.0 ], [ -38.25113, -12.8286, 0.0 ], [ -38.25119, -12.82867, 0.0 ], [ -38.25137, -12.82868, 0.0 ], [ -38.25172, -12.8287, 0.0 ], [ -38.25226, -12.82826, 0.0 ], [ -38.25313, -12.82753, 0.0 ], [ -38.25304, -12.8273, 0.0 ], [ -38.25295, -12.82703, 0.0 ], [ -38.25232, -12.82636, 0.0 ], [ -38.2521, -12.82615, 0.0 ], [ -38.25256, -12.82576, 0.0 ], [ -38.25269, -12.82572, 0.0 ], [ -38.25411, -12.82756, 0.0 ], [ -38.25456, -12.82785, 0.0 ], [ -38.25532, -12.82827, 0.0 ], [ -38.25566, -12.82781, 0.0 ], [ -38.25619, -12.82812, 0.0 ], [ -38.25558, -12.82891, 0.0 ], [ -38.25544, -12.82888, 0.0 ], [ -38.25515, -12.82871, 0.0 ], [ -38.25465, -12.82841, 0.0 ], [ -38.254, -12.82805, 0.0 ], [ -38.25333, -12.82758, 0.0 ], [ -38.25282, -12.82836, 0.0 ], [ -38.25282, -12.82836, 0.0 ], [ -38.2534, -12.8288, 0.0 ], [ -38.2534, -12.8288, 0.0 ], [ -38.25303, -12.82926, 0.0 ], [ -38.25279, -12.82969, 0.0 ], [ -38.2526, -12.83, 0.0 ], [ -38.2526, -12.83, 0.0 ], [ -38.25264, -12.83009, 0.0 ], [ -38.25264, -12.83009, 0.0 ], [ -38.25265, -12.83017, 0.0 ], [ -38.25265, -12.83017, 0.0 ], [ -38.25263, -12.83027, 0.0 ], [ -38.25469, -12.83141, 0.0 ], [ -38.25469, -12.83141, 0.0 ], [ -38.2547, -12.8315, 0.0 ], [ -38.25485, -12.83168, 0.0 ], [ -38.25485, -12.83168, 0.0 ], [ -38.25467, -12.8321, 0.0 ], [ -38.25548, -12.83256, 0.0 ], [ -38.25567, -12.83315, 0.0 ], [ -38.25558, -12.83325, 0.0 ], [ -38.2555, -12.83334, 0.0 ], [ -38.25539, -12.83342, 0.0 ], [ -38.25523, -12.83361, 0.0 ], [ -38.25513, -12.83372, 0.0 ], [ -38.25496, -12.8339, 0.0 ], [ -38.25502, -12.83393, 0.0 ], [ -38.25525, -12.83411, 0.0 ], [ -38.25556, -12.83433, 0.0 ], [ -38.25588, -12.83439, 0.0 ], [ -38.25599, -12.83442, 0.0 ], [ -38.25612, -12.8345, 0.0 ], [ -38.25625, -12.83463, 0.0 ], [ -38.25629, -12.83468, 0.0 ], [ -38.25656, -12.83458, 0.0 ], [ -38.25671, -12.83488, 0.0 ], [ -38.2567, -12.83499, 0.0 ], [ -38.25677, -12.83492, 0.0 ], [ -38.25669, -12.83477, 0.0 ], [ -38.25667, -12.83473, 0.0 ], [ -38.25653, -12.83431, 0.0 ], [ -38.25689, -12.83421, 0.0 ], [ -38.25692, -12.83405, 0.0 ], [ -38.25709, -12.83401, 0.0 ], [ -38.25721, -12.83396, 0.0 ], [ -38.25727, -12.83392, 0.0 ], [ -38.2572, -12.83345, 0.0 ], [ -38.25743, -12.83335, 0.0 ], [ -38.25741, -12.83332, 0.0 ], [ -38.25757, -12.83324, 0.0 ], [ -38.25765, -12.8333, 0.0 ], [ -38.25793, -12.83315, 0.0 ], [ -38.258, -12.83311, 0.0 ], [ -38.25814, -12.83304, 0.0 ], [ -38.25824, -12.83297, 0.0 ], [ -38.25825, -12.83295, 0.0 ], [ -38.25827, -12.83291, 0.0 ], [ -38.25828, -12.83287, 0.0 ], [ -38.25841, -12.83279, 0.0 ], [ -38.25852, -12.83273, 0.0 ], [ -38.25857, -12.83274, 0.0 ], [ -38.25887, -12.8326, 0.0 ], [ -38.25901, -12.83283, 0.0 ], [ -38.25908, -12.8328, 0.0 ], [ -38.25858, -12.83209, 0.0 ], [ -38.25838, -12.83178, 0.0 ], [ -38.25821, -12.83161, 0.0 ], [ -38.25775, -12.83106, 0.0 ], [ -38.25754, -12.83087, 0.0 ], [ -38.25731, -12.83074, 0.0 ], [ -38.25696, -12.8306, 0.0 ], [ -38.25659, -12.83051, 0.0 ], [ -38.25619, -12.83045, 0.0 ], [ -38.25598, -12.83041, 0.0 ], [ -38.25586, -12.83036, 0.0 ], [ -38.25567, -12.83031, 0.0 ], [ -38.25558, -12.83027, 0.0 ], [ -38.25555, -12.83017, 0.0 ], [ -38.25555, -12.83011, 0.0 ], [ -38.25606, -12.82931, 0.0 ], [ -38.25642, -12.82948, 0.0 ], [ -38.25678, -12.8296, 0.0 ], [ -38.25715, -12.82973, 0.0 ], [ -38.25748, -12.82989, 0.0 ], [ -38.25774, -12.83001, 0.0 ], [ -38.258, -12.83009, 0.0 ], [ -38.25818, -12.83022, 0.0 ], [ -38.25843, -12.83036, 0.0 ], [ -38.25853, -12.83052, 0.0 ], [ -38.25885, -12.83071, 0.0 ], [ -38.25915, -12.83091, 0.0 ], [ -38.25937, -12.83107, 0.0 ], [ -38.25948, -12.83129, 0.0 ], [ -38.25981, -12.83143, 0.0 ], [ -38.26023, -12.83173, 0.0 ], [ -38.25979, -12.83219, 0.0 ], [ -38.25995, -12.83231, 0.0 ], [ -38.26013, -12.83245, 0.0 ], [ -38.26013, -12.8325, 0.0 ], [ -38.25993, -12.8328, 0.0 ], [ -38.25992, -12.83287, 0.0 ], [ -38.26001, -12.83297, 0.0 ], [ -38.26021, -12.83315, 0.0 ], [ -38.26046, -12.83342, 0.0 ], [ -38.26049, -12.83347, 0.0 ], [ -38.26022, -12.83364, 0.0 ], [ -38.26026, -12.83373, 0.0 ], [ -38.26027, -12.8338, 0.0 ], [ -38.26028, -12.83385, 0.0 ], [ -38.2603, -12.83395, 0.0 ], [ -38.26031, -12.83403, 0.0 ], [ -38.26032, -12.83407, 0.0 ], [ -38.26032, -12.83423, 0.0 ], [ -38.26032, -12.83442, 0.0 ], [ -38.26035, -12.83464, 0.0 ], [ -38.26037, -12.83482, 0.0 ], [ -38.2604, -12.83503, 0.0 ], [ -38.26031, -12.8351, 0.0 ], [ -38.26024, -12.83512, 0.0 ], [ -38.26019, -12.83515, 0.0 ], [ -38.26023, -12.8354, 0.0 ], [ -38.26025, -12.83548, 0.0 ], [ -38.26004, -12.83563, 0.0 ], [ -38.26041, -12.8355, 0.0 ], [ -38.26045, -12.83549, 0.0 ], [ -38.26047, -12.83547, 0.0 ], [ -38.26057, -12.83584, 0.0 ], [ -38.26061, -12.83623, 0.0 ], [ -38.26061, -12.83631, 0.0 ], [ -38.26065, -12.83629, 0.0 ], [ -38.26068, -12.83635, 0.0 ], [ -38.26076, -12.83644, 0.0 ], [ -38.26077, -12.83645, 0.0 ], [ -38.26092, -12.83656, 0.0 ], [ -38.26103, -12.83664, 0.0 ], [ -38.26116, -12.83673, 0.0 ], [ -38.26125, -12.8368, 0.0 ], [ -38.26127, -12.83682, 0.0 ], [ -38.26149, -12.83699, 0.0 ], [ -38.26159, -12.83708, 0.0 ], [ -38.26164, -12.83712, 0.0 ], [ -38.26146, -12.83718, 0.0 ], [ -38.26125, -12.83726, 0.0 ], [ -38.2612, -12.83729, 0.0 ], [ -38.26116, -12.83722, 0.0 ], [ -38.26095, -12.83726, 0.0 ], [ -38.26093, -12.83732, 0.0 ], [ -38.26093, -12.83735, 0.0 ], [ -38.26087, -12.83748, 0.0 ], [ -38.26085, -12.83753, 0.0 ], [ -38.26081, -12.83751, 0.0 ], [ -38.2607, -12.83748, 0.0 ], [ -38.26065, -12.83747, 0.0 ], [ -38.26062, -12.83749, 0.0 ], [ -38.26056, -12.83761, 0.0 ], [ -38.26046, -12.83784, 0.0 ], [ -38.26032, -12.83817, 0.0 ], [ -38.26029, -12.83836, 0.0 ], [ -38.26026, -12.83847, 0.0 ], [ -38.26026, -12.83847, 0.0 ], [ -38.26026, -12.83848, 0.0 ], [ -38.26103, -12.83884, 0.0 ], [ -38.26123, -12.83893, 0.0 ], [ -38.26164, -12.8391, 0.0 ], [ -38.26174, -12.83915, 0.0 ], [ -38.26153, -12.83961, 0.0 ], [ -38.26149, -12.83973, 0.0 ], [ -38.26146, -12.83983, 0.0 ], [ -38.26155, -12.83987, 0.0 ], [ -38.2615, -12.84039, 0.0 ], [ -38.2619, -12.84053, 0.0 ], [ -38.26196, -12.84054, 0.0 ], [ -38.26195, -12.84067, 0.0 ], [ -38.26197, -12.8407, 0.0 ], [ -38.26226, -12.84073, 0.0 ], [ -38.26234, -12.84075, 0.0 ], [ -38.26264, -12.84076, 0.0 ], [ -38.26255, -12.84166, 0.0 ], [ -38.26268, -12.84167, 0.0 ], [ -38.26333, -12.84171, 0.0 ], [ -38.26354, -12.84177, 0.0 ], [ -38.26377, -12.84184, 0.0 ], [ -38.26395, -12.84189, 0.0 ], [ -38.26402, -12.84192, 0.0 ], [ -38.26472, -12.84214, 0.0 ], [ -38.26486, -12.84128, 0.0 ], [ -38.26487, -12.84104, 0.0 ], [ -38.26484, -12.84082, 0.0 ], [ -38.26469, -12.84083, 0.0 ], [ -38.26465, -12.83986, 0.0 ], [ -38.26476, -12.83983, 0.0 ], [ -38.26478, -12.83982, 0.0 ], [ -38.26484, -12.83982, 0.0 ], [ -38.26482, -12.8395, 0.0 ], [ -38.26477, -12.83906, 0.0 ], [ -38.26473, -12.83873, 0.0 ], [ -38.26461, -12.83831, 0.0 ], [ -38.26442, -12.83776, 0.0 ], [ -38.26427, -12.83744, 0.0 ], [ -38.26414, -12.83716, 0.0 ], [ -38.26398, -12.83689, 0.0 ], [ -38.26414, -12.8366, 0.0 ], [ -38.2644, -12.8362, 0.0 ], [ -38.26468, -12.83578, 0.0 ], [ -38.26488, -12.83534, 0.0 ], [ -38.26504, -12.83502, 0.0 ], [ -38.26573, -12.83595, 0.0 ], [ -38.26635, -12.83686, 0.0 ], [ -38.26673, -12.83741, 0.0 ], [ -38.26688, -12.83768, 0.0 ], [ -38.26712, -12.83802, 0.0 ], [ -38.2674, -12.83834, 0.0 ], [ -38.26557, -12.84004, 0.0 ], [ -38.2656, -12.84009, 0.0 ], [ -38.26557, -12.84011, 0.0 ], [ -38.26545, -12.8402, 0.0 ], [ -38.26533, -12.84026, 0.0 ], [ -38.26528, -12.84029, 0.0 ], [ -38.2652, -12.84035, 0.0 ], [ -38.26509, -12.84045, 0.0 ], [ -38.26501, -12.8405, 0.0 ], [ -38.26492, -12.84057, 0.0 ], [ -38.265, -12.84078, 0.0 ], [ -38.2651, -12.84119, 0.0 ], [ -38.2651, -12.84127, 0.0 ], [ -38.26503, -12.84148, 0.0 ], [ -38.26494, -12.84194, 0.0 ], [ -38.26489, -12.84212, 0.0 ], [ -38.26487, -12.8422, 0.0 ], [ -38.26475, -12.84265, 0.0 ], [ -38.26579, -12.84314, 0.0 ], [ -38.26584, -12.84354, 0.0 ], [ -38.26583, -12.84376, 0.0 ], [ -38.26559, -12.84402, 0.0 ], [ -38.26407, -12.84637, 0.0 ], [ -38.26428, -12.84986, 0.0 ], [ -38.2657, -12.84952, 0.0 ], [ -38.26629, -12.84998, 0.0 ], [ -38.26733, -12.85001, 0.0 ], [ -38.26738, -12.84999, 0.0 ], [ -38.26763, -12.85017, 0.0 ], [ -38.26794, -12.8502, 0.0 ], [ -38.26804, -12.85034, 0.0 ], [ -38.2683, -12.85054, 0.0 ], [ -38.26855, -12.85068, 0.0 ], [ -38.26936, -12.8518, 0.0 ], [ -38.26956, -12.85239, 0.0 ], [ -38.26987, -12.85273, 0.0 ], [ -38.2699, -12.85285, 0.0 ], [ -38.26997, -12.85306, 0.0 ], [ -38.26997, -12.85307, 0.0 ], [ -38.27002, -12.85341, 0.0 ], [ -38.26992, -12.85358, 0.0 ], [ -38.27274, -12.85443, 0.0 ], [ -38.27285, -12.85425, 0.0 ], [ -38.27385, -12.85154, 0.0 ], [ -38.27428, -12.85177, 0.0 ], [ -38.27445, -12.85185, 0.0 ], [ -38.2755, -12.85239, 0.0 ], [ -38.27748, -12.8536, 0.0 ], [ -38.27744, -12.85396, 0.0 ], [ -38.27868, -12.85439, 0.0 ], [ -38.27886, -12.85548, 0.0 ], [ -38.27959, -12.8564, 0.0 ], [ -38.28105, -12.85634, 0.0 ], [ -38.28191, -12.85519, 0.0 ], [ -38.28203, -12.85526, 0.0 ], [ -38.28215, -12.8553, 0.0 ], [ -38.28232, -12.85533, 0.0 ], [ -38.28246, -12.85534, 0.0 ], [ -38.28261, -12.85535, 0.0 ], [ -38.28277, -12.85537, 0.0 ], [ -38.28289, -12.85545, 0.0 ], [ -38.28298, -12.85555, 0.0 ], [ -38.28311, -12.85563, 0.0 ], [ -38.28328, -12.85571, 0.0 ], [ -38.28343, -12.85573, 0.0 ], [ -38.28363, -12.85569, 0.0 ], [ -38.28392, -12.85564, 0.0 ], [ -38.28422, -12.85562, 0.0 ], [ -38.28414, -12.85586, 0.0 ], [ -38.28407, -12.85599, 0.0 ], [ -38.28398, -12.8561, 0.0 ], [ -38.28368, -12.85609, 0.0 ], [ -38.28313, -12.85699, 0.0 ], [ -38.28286, -12.85737, 0.0 ], [ -38.2827, -12.85767, 0.0 ], [ -38.28247, -12.85789, 0.0 ], [ -38.28222, -12.85809, 0.0 ], [ -38.28202, -12.85812, 0.0 ], [ -38.28177, -12.859, 0.0 ], [ -38.28183, -12.85924, 0.0 ], [ -38.28188, -12.85937, 0.0 ], [ -38.28202, -12.85978, 0.0 ], [ -38.28197, -12.85979, 0.0 ], [ -38.28192, -12.85981, 0.0 ], [ -38.28207, -12.86036, 0.0 ], [ -38.2821, -12.86045, 0.0 ], [ -38.2821, -12.86049, 0.0 ], [ -38.28209, -12.86053, 0.0 ], [ -38.282, -12.86064, 0.0 ], [ -38.28193, -12.86071, 0.0 ], [ -38.28187, -12.86084, 0.0 ], [ -38.28185, -12.86096, 0.0 ], [ -38.2819, -12.86111, 0.0 ], [ -38.28198, -12.86119, 0.0 ], [ -38.28214, -12.86133, 0.0 ], [ -38.28228, -12.86142, 0.0 ], [ -38.28241, -12.86146, 0.0 ], [ -38.28261, -12.86148, 0.0 ], [ -38.28271, -12.86147, 0.0 ], [ -38.28292, -12.86145, 0.0 ], [ -38.28351, -12.86139, 0.0 ], [ -38.28353, -12.86147, 0.0 ], [ -38.28354, -12.8615, 0.0 ], [ -38.28438, -12.86136, 0.0 ], [ -38.28472, -12.86132, 0.0 ], [ -38.28487, -12.86136, 0.0 ], [ -38.2851, -12.86141, 0.0 ], [ -38.28532, -12.86144, 0.0 ], [ -38.28552, -12.86145, 0.0 ], [ -38.28558, -12.86144, 0.0 ], [ -38.28582, -12.86143, 0.0 ], [ -38.28588, -12.86143, 0.0 ], [ -38.28594, -12.86146, 0.0 ], [ -38.28631, -12.86183, 0.0 ], [ -38.28677, -12.86235, 0.0 ], [ -38.28688, -12.86224, 0.0 ], [ -38.28709, -12.86161, 0.0 ], [ -38.28712, -12.86146, 0.0 ], [ -38.28716, -12.86133, 0.0 ], [ -38.28721, -12.86119, 0.0 ], [ -38.28729, -12.86102, 0.0 ], [ -38.28742, -12.86077, 0.0 ], [ -38.28735, -12.86073, 0.0 ], [ -38.28724, -12.86065, 0.0 ], [ -38.28713, -12.86057, 0.0 ], [ -38.28703, -12.86048, 0.0 ], [ -38.28693, -12.86038, 0.0 ], [ -38.28683, -12.86029, 0.0 ], [ -38.28674, -12.86018, 0.0 ], [ -38.28665, -12.86008, 0.0 ], [ -38.28657, -12.85996, 0.0 ], [ -38.28649, -12.85986, 0.0 ], [ -38.28642, -12.85973, 0.0 ], [ -38.28636, -12.85963, 0.0 ], [ -38.28629, -12.85951, 0.0 ], [ -38.28623, -12.85937, 0.0 ], [ -38.28605, -12.85895, 0.0 ], [ -38.28542, -12.85746, 0.0 ], [ -38.28469, -12.85575, 0.0 ], [ -38.28417, -12.85451, 0.0 ], [ -38.28415, -12.85448, 0.0 ], [ -38.2837, -12.85342, 0.0 ], [ -38.28359, -12.85317, 0.0 ], [ -38.28352, -12.85303, 0.0 ], [ -38.28332, -12.85265, 0.0 ], [ -38.28297, -12.85206, 0.0 ], [ -38.28248, -12.85128, 0.0 ], [ -38.28186, -12.85027, 0.0 ], [ -38.2816, -12.84986, 0.0 ], [ -38.28136, -12.84946, 0.0 ], [ -38.28046, -12.84801, 0.0 ], [ -38.27983, -12.84699, 0.0 ], [ -38.27926, -12.84606, 0.0 ], [ -38.27883, -12.84536, 0.0 ], [ -38.27865, -12.84498, 0.0 ], [ -38.27841, -12.84447, 0.0 ], [ -38.2783, -12.84425, 0.0 ], [ -38.27819, -12.84402, 0.0 ], [ -38.27819, -12.84402, 0.0 ], [ -38.27771, -12.84331, 0.0 ], [ -38.27663, -12.84172, 0.0 ], [ -38.27649, -12.84153, 0.0 ], [ -38.2763, -12.84126, 0.0 ], [ -38.27589, -12.84061, 0.0 ], [ -38.27539, -12.83982, 0.0 ], [ -38.2749, -12.83902, 0.0 ], [ -38.27456, -12.83849, 0.0 ], [ -38.27424, -12.83797, 0.0 ], [ -38.2739, -12.83743, 0.0 ], [ -38.27332, -12.83651, 0.0 ], [ -38.27308, -12.83612, 0.0 ], [ -38.27267, -12.83545, 0.0 ], [ -38.27234, -12.83493, 0.0 ], [ -38.27201, -12.8344, 0.0 ], [ -38.27176, -12.83401, 0.0 ], [ -38.27132, -12.8333, 0.0 ], [ -38.27073, -12.83236, 0.0 ], [ -38.27034, -12.83173, 0.0 ], [ -38.26996, -12.83112, 0.0 ], [ -38.26966, -12.83064, 0.0 ], [ -38.2694, -12.83026, 0.0 ], [ -38.26915, -12.82991, 0.0 ], [ -38.26885, -12.82957, 0.0 ], [ -38.2686, -12.82933, 0.0 ], [ -38.26837, -12.82912, 0.0 ], [ -38.268, -12.82883, 0.0 ], [ -38.26775, -12.82865, 0.0 ], [ -38.26748, -12.82848, 0.0 ], [ -38.26712, -12.82826, 0.0 ], [ -38.26679, -12.82808, 0.0 ], [ -38.26637, -12.82789, 0.0 ], [ -38.26609, -12.82778, 0.0 ], [ -38.26581, -12.82768, 0.0 ], [ -38.26551, -12.82757, 0.0 ], [ -38.26499, -12.82737, 0.0 ], [ -38.26455, -12.82718, 0.0 ], [ -38.2641, -12.82696, 0.0 ], [ -38.2635, -12.82669, 0.0 ], [ -38.26254, -12.82636, 0.0 ], [ -38.2618, -12.82619, 0.0 ], [ -38.26095, -12.82597, 0.0 ], [ -38.26019, -12.82573, 0.0 ], [ -38.25839, -12.82509, 0.0 ], [ -38.25807, -12.82498, 0.0 ], [ -38.25708, -12.82454, 0.0 ], [ -38.25654, -12.82428, 0.0 ], [ -38.25598, -12.82406, 0.0 ], [ -38.25519, -12.82379, 0.0 ], [ -38.25449, -12.82355, 0.0 ], [ -38.25395, -12.82332, 0.0 ], [ -38.25335, -12.82302, 0.0 ], [ -38.25291, -12.82274, 0.0 ], [ -38.25257, -12.82251, 0.0 ], [ -38.2523, -12.82292, 0.0 ], [ -38.25222, -12.82297, 0.0 ], [ -38.25189, -12.82354, 0.0 ], [ -38.25166, -12.82392, 0.0 ], [ -38.25147, -12.82425, 0.0 ], [ -38.2514, -12.82438, 0.0 ], [ -38.25115, -12.82492, 0.0 ], [ -38.25114, -12.82496, 0.0 ], [ -38.25108, -12.82508, 0.0 ], [ -38.25105, -12.82513, 0.0 ], [ -38.25098, -12.82522, 0.0 ], [ -38.25093, -12.82526, 0.0 ], [ -38.25082, -12.82534, 0.0 ], [ -38.2505, -12.8256, 0.0 ], [ -38.25046, -12.82566, 0.0 ] ], [ [ -38.28223, -12.85223, 0.0 ], [ -38.28231, -12.85232, 0.0 ], [ -38.28283, -12.85224, 0.0 ], [ -38.28306, -12.85269, 0.0 ], [ -38.28315, -12.85278, 0.0 ], [ -38.28327, -12.85288, 0.0 ], [ -38.28443, -12.85554, 0.0 ], [ -38.28415, -12.85555, 0.0 ], [ -38.284, -12.85556, 0.0 ], [ -38.28379, -12.85561, 0.0 ], [ -38.28362, -12.85565, 0.0 ], [ -38.28348, -12.85567, 0.0 ], [ -38.28337, -12.85568, 0.0 ], [ -38.28327, -12.85565, 0.0 ], [ -38.2832, -12.85563, 0.0 ], [ -38.28312, -12.85559, 0.0 ], [ -38.28307, -12.85554, 0.0 ], [ -38.28299, -12.85548, 0.0 ], [ -38.28291, -12.8554, 0.0 ], [ -38.28285, -12.85536, 0.0 ], [ -38.28278, -12.85533, 0.0 ], [ -38.28269, -12.85531, 0.0 ], [ -38.28258, -12.85529, 0.0 ], [ -38.2824, -12.85529, 0.0 ], [ -38.28226, -12.85527, 0.0 ], [ -38.28213, -12.85524, 0.0 ], [ -38.28202, -12.85519, 0.0 ], [ -38.28196, -12.85516, 0.0 ], [ -38.28109, -12.85459, 0.0 ], [ -38.28097, -12.8543, 0.0 ], [ -38.28116, -12.85412, 0.0 ], [ -38.28216, -12.85269, 0.0 ], [ -38.28173, -12.85231, 0.0 ], [ -38.28141, -12.85197, 0.0 ], [ -38.28125, -12.85182, 0.0 ], [ -38.28101, -12.85166, 0.0 ], [ -38.28071, -12.85145, 0.0 ], [ -38.28052, -12.8513, 0.0 ], [ -38.28027, -12.8509, 0.0 ], [ -38.28025, -12.85063, 0.0 ], [ -38.27996, -12.85024, 0.0 ], [ -38.28011, -12.85013, 0.0 ], [ -38.28041, -12.85027, 0.0 ], [ -38.28132, -12.85109, 0.0 ], [ -38.2819, -12.85179, 0.0 ], [ -38.28223, -12.85223, 0.0 ] ] ], [ [ [ -38.26488, -12.84053, 0.0 ], [ -38.26488, -12.84053, 0.0 ], [ -38.26488, -12.84053, 0.0 ], [ -38.26488, -12.84053, 0.0 ] ] ] ] } },
{ "type": "Feature", "properties": { "Id": 93, "Name": "ZOC 1", "DISTRITO": "MONTE GORDO", "categoria": "ZOC", "perímetro_ellip_m": 13471.5, "área_ellip_m²": 7317411.4 }, "geometry": { "type": "MultiPolygon", "coordinates": [ [ [ [ -38.09752, -12.64224, 0.0 ], [ -38.09791, -12.64314, 0.0 ], [ -38.09814, -12.64374, 0.0 ], [ -38.0986, -12.64422, 0.0 ], [ -38.09905, -12.64439, 0.0 ], [ -38.10004, -12.64429, 0.0 ], [ -38.10088, -12.64311, 0.0 ], [ -38.10155, -12.64262, 0.0 ], [ -38.10235, -12.64271, 0.0 ], [ -38.10336, -12.64316, 0.0 ], [ -38.10382, -12.64371, 0.0 ], [ -38.10388, -12.64435, 0.0 ], [ -38.10401, -12.64549, 0.0 ], [ -38.10532, -12.6463, 0.0 ], [ -38.10617, -12.64786, 0.0 ], [ -38.10609, -12.64851, 0.0 ], [ -38.10569, -12.65023, 0.0 ], [ -38.10549, -12.65116, 0.0 ], [ -38.10539, -12.65225, 0.0 ], [ -38.10607, -12.65318, 0.0 ], [ -38.10683, -12.65391, 0.0 ], [ -38.10757, -12.65414, 0.0 ], [ -38.10841, -12.65435, 0.0 ], [ -38.1083, -12.65701, 0.0 ], [ -38.1097, -12.65776, 0.0 ], [ -38.11321, -12.65852, 0.0 ], [ -38.115, -12.65855, 0.0 ], [ -38.11607, -12.65958, 0.0 ], [ -38.11722, -12.66036, 0.0 ], [ -38.11801, -12.66153, 0.0 ], [ -38.11919, -12.66377, 0.0 ], [ -38.12153, -12.66531, 0.0 ], [ -38.125, -12.66615, 0.0 ], [ -38.12617, -12.6652, 0.0 ], [ -38.12641, -12.66422, 0.0 ], [ -38.12692, -12.66332, 0.0 ], [ -38.12754, -12.66161, 0.0 ], [ -38.12765, -12.65967, 0.0 ], [ -38.12765, -12.65967, 0.0 ], [ -38.12788, -12.6592, 0.0 ], [ -38.129, -12.65837, 0.0 ], [ -38.12952, -12.65772, 0.0 ], [ -38.12951, -12.65719, 0.0 ], [ -38.12951, -12.65719, 0.0 ], [ -38.12959, -12.6562, 0.0 ], [ -38.12959, -12.6562, 0.0 ], [ -38.12972, -12.65533, 0.0 ], [ -38.12972, -12.65533, 0.0 ], [ -38.12956, -12.65459, 0.0 ], [ -38.12956, -12.65459, 0.0 ], [ -38.1297, -12.65396, 0.0 ], [ -38.13023, -12.65281, 0.0 ], [ -38.13034, -12.65188, 0.0 ], [ -38.13017, -12.65151, 0.0 ], [ -38.12968, -12.65081, 0.0 ], [ -38.12968, -12.65081, 0.0 ], [ -38.12912, -12.65038, 0.0 ], [ -38.12881, -12.65021, 0.0 ], [ -38.12668, -12.64723, 0.0 ], [ -38.12365, -12.64519, 0.0 ], [ -38.11991, -12.64315, 0.0 ], [ -38.11574, -12.63979, 0.0 ], [ -38.11233, -12.63657, 0.0 ], [ -38.10928, -12.63341, 0.0 ], [ -38.10481, -12.62696, 0.0 ], [ -38.10292, -12.62364, 0.0 ], [ -38.10159, -12.62576, 0.0 ], [ -38.10118, -12.62702, 0.0 ], [ -38.09999, -12.63094, 0.0 ], [ -38.09916, -12.63425, 0.0 ], [ -38.09877, -12.63517, 0.0 ], [ -38.09635, -12.63559, 0.0 ], [ -38.09678, -12.63903, 0.0 ], [ -38.09665, -12.64012, 0.0 ], [ -38.09688, -12.64088, 0.0 ], [ -38.09721, -12.64125, 0.0 ], [ -38.09742, -12.64167, 0.0 ], [ -38.09752, -12.64224, 0.0 ] ] ] ] } },
{ "type": "Feature", "properties": { "Id": 94, "Name": "ZOC 1", "DISTRITO": "MONTE GORDO", "categoria": "ZOC", "perímetro_ellip_m": 7591.1, "área_ellip_m²": 2014096.1 }, "geometry": { "type": "MultiPolygon", "coordinates": [ [ [ [ -38.06567, -12.59598, 0.0 ], [ -38.06514, -12.59679, 0.0 ], [ -38.06502, -12.5972, 0.0 ], [ -38.065, -12.59767, 0.0 ], [ -38.06467, -12.59799, 0.0 ], [ -38.064, -12.5985, 0.0 ], [ -38.06371, -12.5986, 0.0 ], [ -38.06331, -12.59861, 0.0 ], [ -38.06295, -12.59861, 0.0 ], [ -38.06231, -12.59875, 0.0 ], [ -38.06162, -12.59853, 0.0 ], [ -38.06124, -12.59856, 0.0 ], [ -38.06082, -12.59867, 0.0 ], [ -38.06081, -12.59851, 0.0 ], [ -38.06079, -12.59825, 0.0 ], [ -38.06064, -12.59783, 0.0 ], [ -38.0605, -12.59763, 0.0 ], [ -38.06029, -12.59748, 0.0 ], [ -38.06008, -12.59726, 0.0 ], [ -38.05984, -12.59672, 0.0 ], [ -38.05917, -12.59617, 0.0 ], [ -38.059, -12.59645, 0.0 ], [ -38.05867, -12.59698, 0.0 ], [ -38.05588, -12.60147, 0.0 ], [ -38.0591, -12.60355, 0.0 ], [ -38.05774, -12.60575, 0.0 ], [ -38.05927, -12.60704, 0.0 ], [ -38.06013, -12.60738, 0.0 ], [ -38.06119, -12.60884, 0.0 ], [ -38.06246, -12.61092, 0.0 ], [ -38.06317, -12.61141, 0.0 ], [ -38.06738, -12.60357, 0.0 ], [ -38.06917, -12.60493, 0.0 ], [ -38.07164, -12.60494, 0.0 ], [ -38.07316, -12.60602, 0.0 ], [ -38.07603, -12.60615, 0.0 ], [ -38.07594, -12.60542, 0.0 ], [ -38.07577, -12.60489, 0.0 ], [ -38.07514, -12.60347, 0.0 ], [ -38.0746, -12.60263, 0.0 ], [ -38.0742, -12.6022, 0.0 ], [ -38.07319, -12.60038, 0.0 ], [ -38.07314, -12.59982, 0.0 ], [ -38.07345, -12.59898, 0.0 ], [ -38.07405, -12.59834, 0.0 ], [ -38.0744, -12.59811, 0.0 ], [ -38.0749, -12.59742, 0.0 ], [ -38.07503, -12.59702, 0.0 ], [ -38.07506, -12.59671, 0.0 ], [ -38.07485, -12.59657, 0.0 ], [ -38.07467, -12.59648, 0.0 ], [ -38.07426, -12.59642, 0.0 ], [ -38.07371, -12.5964, 0.0 ], [ -38.07304, -12.59635, 0.0 ], [ -38.07252, -12.59634, 0.0 ], [ -38.07209, -12.59626, 0.0 ], [ -38.07061, -12.59601, 0.0 ], [ -38.06934, -12.59608, 0.0 ], [ -38.06717, -12.59534, 0.0 ], [ -38.06698, -12.5953, 0.0 ], [ -38.06665, -12.59537, 0.0 ], [ -38.06567, -12.59598, 0.0 ] ] ] ] } },
{ "type": "Feature", "properties": { "Id": 95, "Name": "ZOC 1", "DISTRITO": "MONTE GORDO", "categoria": "ZOC", "perímetro_ellip_m": 11641.0, "área_ellip_m²": 3521286.3 }, "geometry": { "type": "MultiPolygon", "coordinates": [ [ [ [ -38.04421, -12.56232, 0.0 ], [ -38.04358, -12.56253, 0.0 ], [ -38.04342, -12.56289, 0.0 ], [ -38.04346, -12.56319, 0.0 ], [ -38.0436, -12.5635, 0.0 ], [ -38.04395, -12.56397, 0.0 ], [ -38.04409, -12.56417, 0.0 ], [ -38.04444, -12.56469, 0.0 ], [ -38.04478, -12.5652, 0.0 ], [ -38.0452, -12.56589, 0.0 ], [ -38.0454, -12.56653, 0.0 ], [ -38.04584, -12.56721, 0.0 ], [ -38.04638, -12.56805, 0.0 ], [ -38.04696, -12.56873, 0.0 ], [ -38.04734, -12.56942, 0.0 ], [ -38.04734, -12.56942, 0.0 ], [ -38.04752, -12.57025, 0.0 ], [ -38.04752, -12.57025, 0.0 ], [ -38.0474, -12.57067, 0.0 ], [ -38.04711, -12.57076, 0.0 ], [ -38.04657, -12.57078, 0.0 ], [ -38.04561, -12.57084, 0.0 ], [ -38.04548, -12.57084, 0.0 ], [ -38.04393, -12.57077, 0.0 ], [ -38.04307, -12.57067, 0.0 ], [ -38.04261, -12.57061, 0.0 ], [ -38.04213, -12.57061, 0.0 ], [ -38.042, -12.57061, 0.0 ], [ -38.04155, -12.57083, 0.0 ], [ -38.04128, -12.57131, 0.0 ], [ -38.04124, -12.57173, 0.0 ], [ -38.04164, -12.57274, 0.0 ], [ -38.04172, -12.5729, 0.0 ], [ -38.0421, -12.5736, 0.0 ], [ -38.04257, -12.57444, 0.0 ], [ -38.04304, -12.57539, 0.0 ], [ -38.04368, -12.57671, 0.0 ], [ -38.04433, -12.57784, 0.0 ], [ -38.04547, -12.57921, 0.0 ], [ -38.04591, -12.57991, 0.0 ], [ -38.04636, -12.58079, 0.0 ], [ -38.0467, -12.58201, 0.0 ], [ -38.05004, -12.58341, 0.0 ], [ -38.05047, -12.58373, 0.0 ], [ -38.05093, -12.5837, 0.0 ], [ -38.05172, -12.58356, 0.0 ], [ -38.05223, -12.58415, 0.0 ], [ -38.05354, -12.58498, 0.0 ], [ -38.05399, -12.58563, 0.0 ], [ -38.05498, -12.58618, 0.0 ], [ -38.05619, -12.58713, 0.0 ], [ -38.05723, -12.58783, 0.0 ], [ -38.05814, -12.58846, 0.0 ], [ -38.05874, -12.58872, 0.0 ], [ -38.06094, -12.58741, 0.0 ], [ -38.05903, -12.58545, 0.0 ], [ -38.05922, -12.58515, 0.0 ], [ -38.05951, -12.58491, 0.0 ], [ -38.05993, -12.58475, 0.0 ], [ -38.06023, -12.5848, 0.0 ], [ -38.06054, -12.58504, 0.0 ], [ -38.06141, -12.58447, 0.0 ], [ -38.06175, -12.58441, 0.0 ], [ -38.06223, -12.58427, 0.0 ], [ -38.06268, -12.584, 0.0 ], [ -38.06302, -12.58362, 0.0 ], [ -38.06328, -12.58276, 0.0 ], [ -38.06343, -12.58242, 0.0 ], [ -38.0632, -12.58097, 0.0 ], [ -38.06322, -12.57986, 0.0 ], [ -38.06372, -12.57847, 0.0 ], [ -38.06341, -12.57611, 0.0 ], [ -38.0632, -12.57596, 0.0 ], [ -38.0629, -12.57573, 0.0 ], [ -38.05913, -12.57606, 0.0 ], [ -38.05904, -12.57606, 0.0 ], [ -38.05679, -12.57621, 0.0 ], [ -38.05682, -12.5756, 0.0 ], [ -38.05688, -12.57534, 0.0 ], [ -38.05704, -12.57496, 0.0 ], [ -38.0572, -12.57404, 0.0 ], [ -38.05713, -12.57343, 0.0 ], [ -38.05722, -12.5728, 0.0 ], [ -38.05593, -12.57226, 0.0 ], [ -38.05509, -12.57169, 0.0 ], [ -38.05415, -12.57127, 0.0 ], [ -38.05413, -12.57101, 0.0 ], [ -38.05418, -12.57086, 0.0 ], [ -38.0544, -12.57061, 0.0 ], [ -38.05497, -12.57001, 0.0 ], [ -38.05418, -12.56864, 0.0 ], [ -38.05383, -12.56767, 0.0 ], [ -38.0535, -12.56721, 0.0 ], [ -38.05214, -12.56607, 0.0 ], [ -38.05232, -12.56561, 0.0 ], [ -38.05251, -12.56528, 0.0 ], [ -38.05286, -12.56493, 0.0 ], [ -38.05323, -12.56344, 0.0 ], [ -38.05346, -12.5631, 0.0 ], [ -38.05288, -12.56321, 0.0 ], [ -38.05236, -12.56314, 0.0 ], [ -38.05158, -12.563, 0.0 ], [ -38.05139, -12.56298, 0.0 ], [ -38.0512, -12.56296, 0.0 ], [ -38.05061, -12.563, 0.0 ], [ -38.05003, -12.56295, 0.0 ], [ -38.0498, -12.56289, 0.0 ], [ -38.04969, -12.56287, 0.0 ], [ -38.04936, -12.56279, 0.0 ], [ -38.04905, -12.56271, 0.0 ], [ -38.04846, -12.5626, 0.0 ], [ -38.04757, -12.56246, 0.0 ], [ -38.04678, -12.56237, 0.0 ], [ -38.04602, -12.56239, 0.0 ], [ -38.04506, -12.56227, 0.0 ], [ -38.04471, -12.56229, 0.0 ], [ -38.0446, -12.5623, 0.0 ], [ -38.04421, -12.56232, 0.0 ] ], [ [ -38.05888, -12.58472, 0.0 ], [ -38.05856, -12.58517, 0.0 ], [ -38.05837, -12.58506, 0.0 ], [ -38.05788, -12.58484, 0.0 ], [ -38.0574, -12.58488, 0.0 ], [ -38.05701, -12.58505, 0.0 ], [ -38.05694, -12.58507, 0.0 ], [ -38.05676, -12.58495, 0.0 ], [ -38.05665, -12.58367, 0.0 ], [ -38.05656, -12.58349, 0.0 ], [ -38.0565, -12.58347, 0.0 ], [ -38.05633, -12.58325, 0.0 ], [ -38.05617, -12.58292, 0.0 ], [ -38.05603, -12.58255, 0.0 ], [ -38.05597, -12.58227, 0.0 ], [ -38.05592, -12.58201, 0.0 ], [ -38.0559, -12.58176, 0.0 ], [ -38.0559, -12.58146, 0.0 ], [ -38.05594, -12.58113, 0.0 ], [ -38.05594, -12.5808, 0.0 ], [ -38.05601, -12.5804, 0.0 ], [ -38.05639, -12.58071, 0.0 ], [ -38.05686, -12.58105, 0.0 ], [ -38.05684, -12.58124, 0.0 ], [ -38.05694, -12.58144, 0.0 ], [ -38.05723, -12.58179, 0.0 ], [ -38.05736, -12.58209, 0.0 ], [ -38.05751, -12.58248, 0.0 ], [ -38.05789, -12.58285, 0.0 ], [ -38.05855, -12.58363, 0.0 ], [ -38.05888, -12.58472, 0.0 ] ] ] ] } },
{ "type": "Feature", "properties": { "Id": 96, "Name": "ZOC 1", "DISTRITO": "ABRANTES", "categoria": "ZOC", "perímetro_ellip_m": 11334.7, "área_ellip_m²": 4972594.8 }, "geometry": { "type": "MultiPolygon", "coordinates": [ [ [ [ -38.25195, -12.78154, 0.0 ], [ -38.25179, -12.78158, 0.0 ], [ -38.25162, -12.78151, 0.0 ], [ -38.2515, -12.78145, 0.0 ], [ -38.25132, -12.78153, 0.0 ], [ -38.25122, -12.78159, 0.0 ], [ -38.25112, -12.78163, 0.0 ], [ -38.25101, -12.78165, 0.0 ], [ -38.25084, -12.78164, 0.0 ], [ -38.25069, -12.78161, 0.0 ], [ -38.25051, -12.78158, 0.0 ], [ -38.25044, -12.78159, 0.0 ], [ -38.25037, -12.78164, 0.0 ], [ -38.25031, -12.78172, 0.0 ], [ -38.25024, -12.78187, 0.0 ], [ -38.25013, -12.78208, 0.0 ], [ -38.25, -12.78227, 0.0 ], [ -38.24997, -12.78235, 0.0 ], [ -38.24997, -12.78244, 0.0 ], [ -38.24997, -12.78244, 0.0 ], [ -38.24997, -12.78253, 0.0 ], [ -38.24997, -12.78253, 0.0 ], [ -38.24994, -12.7826, 0.0 ], [ -38.24994, -12.78267, 0.0 ], [ -38.24994, -12.78267, 0.0 ], [ -38.24994, -12.78271, 0.0 ], [ -38.24995, -12.78275, 0.0 ], [ -38.24998, -12.78278, 0.0 ], [ -38.25002, -12.78281, 0.0 ], [ -38.25008, -12.78284, 0.0 ], [ -38.25016, -12.78285, 0.0 ], [ -38.2502, -12.78287, 0.0 ], [ -38.25025, -12.7829, 0.0 ], [ -38.25028, -12.78294, 0.0 ], [ -38.2503, -12.78301, 0.0 ], [ -38.2503, -12.78301, 0.0 ], [ -38.25032, -12.78311, 0.0 ], [ -38.25035, -12.78318, 0.0 ], [ -38.2504, -12.78324, 0.0 ], [ -38.25043, -12.7833, 0.0 ], [ -38.25043, -12.7833, 0.0 ], [ -38.25044, -12.78334, 0.0 ], [ -38.25044, -12.78334, 0.0 ], [ -38.25044, -12.7834, 0.0 ], [ -38.25044, -12.7834, 0.0 ], [ -38.25041, -12.78346, 0.0 ], [ -38.25035, -12.78352, 0.0 ], [ -38.25031, -12.78355, 0.0 ], [ -38.25024, -12.78357, 0.0 ], [ -38.25013, -12.7836, 0.0 ], [ -38.25005, -12.78363, 0.0 ], [ -38.24999, -12.78361, 0.0 ], [ -38.24983, -12.78362, 0.0 ], [ -38.24971, -12.78366, 0.0 ], [ -38.24965, -12.78371, 0.0 ], [ -38.24962, -12.78377, 0.0 ], [ -38.24963, -12.78381, 0.0 ], [ -38.24968, -12.78385, 0.0 ], [ -38.24974, -12.78389, 0.0 ], [ -38.24979, -12.78395, 0.0 ], [ -38.24981, -12.78399, 0.0 ], [ -38.24981, -12.78399, 0.0 ], [ -38.24983, -12.7841, 0.0 ], [ -38.24983, -12.7841, 0.0 ], [ -38.2498, -12.78422, 0.0 ], [ -38.24969, -12.78438, 0.0 ], [ -38.24956, -12.78453, 0.0 ], [ -38.24953, -12.78459, 0.0 ], [ -38.24954, -12.78465, 0.0 ], [ -38.24954, -12.78465, 0.0 ], [ -38.24954, -12.78469, 0.0 ], [ -38.24954, -12.78469, 0.0 ], [ -38.24951, -12.78471, 0.0 ], [ -38.24947, -12.7847, 0.0 ], [ -38.24943, -12.78468, 0.0 ], [ -38.24937, -12.78459, 0.0 ], [ -38.24929, -12.78453, 0.0 ], [ -38.24918, -12.78448, 0.0 ], [ -38.24905, -12.78446, 0.0 ], [ -38.24895, -12.78447, 0.0 ], [ -38.24888, -12.78446, 0.0 ], [ -38.2488, -12.78443, 0.0 ], [ -38.24867, -12.78436, 0.0 ], [ -38.24861, -12.78431, 0.0 ], [ -38.24856, -12.78431, 0.0 ], [ -38.2485, -12.78436, 0.0 ], [ -38.2485, -12.78443, 0.0 ], [ -38.24852, -12.78451, 0.0 ], [ -38.24857, -12.78459, 0.0 ], [ -38.24864, -12.78468, 0.0 ], [ -38.24867, -12.78477, 0.0 ], [ -38.24867, -12.78477, 0.0 ], [ -38.24868, -12.78492, 0.0 ], [ -38.24868, -12.78492, 0.0 ], [ -38.24868, -12.78503, 0.0 ], [ -38.24868, -12.78503, 0.0 ], [ -38.24864, -12.78512, 0.0 ], [ -38.24859, -12.78517, 0.0 ], [ -38.24853, -12.7852, 0.0 ], [ -38.2484, -12.78522, 0.0 ], [ -38.24831, -12.78524, 0.0 ], [ -38.24824, -12.78531, 0.0 ], [ -38.24821, -12.78536, 0.0 ], [ -38.24821, -12.78542, 0.0 ], [ -38.24821, -12.78542, 0.0 ], [ -38.24823, -12.78551, 0.0 ], [ -38.24823, -12.78551, 0.0 ], [ -38.24822, -12.78558, 0.0 ], [ -38.24822, -12.78558, 0.0 ], [ -38.2482, -12.78567, 0.0 ], [ -38.24817, -12.78574, 0.0 ], [ -38.24813, -12.78575, 0.0 ], [ -38.24809, -12.78575, 0.0 ], [ -38.24807, -12.78573, 0.0 ], [ -38.248, -12.78576, 0.0 ], [ -38.24793, -12.78575, 0.0 ], [ -38.24781, -12.78577, 0.0 ], [ -38.24775, -12.78584, 0.0 ], [ -38.24772, -12.78593, 0.0 ], [ -38.2477, -12.786, 0.0 ], [ -38.24771, -12.78607, 0.0 ], [ -38.24777, -12.78619, 0.0 ], [ -38.24784, -12.78625, 0.0 ], [ -38.24793, -12.78631, 0.0 ], [ -38.24806, -12.78637, 0.0 ], [ -38.24825, -12.78647, 0.0 ], [ -38.24846, -12.78657, 0.0 ], [ -38.24863, -12.78662, 0.0 ], [ -38.24881, -12.78669, 0.0 ], [ -38.24894, -12.78676, 0.0 ], [ -38.24905, -12.78681, 0.0 ], [ -38.24923, -12.78693, 0.0 ], [ -38.24938, -12.787, 0.0 ], [ -38.24942, -12.78702, 0.0 ], [ -38.24953, -12.78717, 0.0 ], [ -38.24963, -12.78737, 0.0 ], [ -38.24971, -12.78759, 0.0 ], [ -38.24991, -12.78788, 0.0 ], [ -38.25006, -12.7881, 0.0 ], [ -38.25011, -12.78832, 0.0 ], [ -38.25011, -12.78832, 0.0 ], [ -38.24993, -12.78866, 0.0 ], [ -38.24988, -12.78894, 0.0 ], [ -38.24988, -12.78894, 0.0 ], [ -38.24987, -12.78918, 0.0 ], [ -38.24987, -12.78918, 0.0 ], [ -38.24983, -12.78936, 0.0 ], [ -38.24982, -12.78961, 0.0 ], [ -38.24982, -12.78961, 0.0 ], [ -38.24972, -12.7899, 0.0 ], [ -38.24954, -12.79036, 0.0 ], [ -38.24943, -12.79065, 0.0 ], [ -38.24923, -12.79087, 0.0 ], [ -38.24938, -12.79106, 0.0 ], [ -38.24958, -12.79128, 0.0 ], [ -38.24966, -12.79144, 0.0 ], [ -38.24966, -12.79144, 0.0 ], [ -38.2497, -12.7916, 0.0 ], [ -38.2497, -12.7916, 0.0 ], [ -38.2497, -12.79186, 0.0 ], [ -38.2497, -12.79186, 0.0 ], [ -38.24978, -12.7924, 0.0 ], [ -38.24989, -12.79264, 0.0 ], [ -38.24989, -12.79264, 0.0 ], [ -38.24987, -12.79289, 0.0 ], [ -38.24987, -12.79289, 0.0 ], [ -38.24987, -12.79313, 0.0 ], [ -38.24987, -12.79313, 0.0 ], [ -38.24984, -12.79336, 0.0 ], [ -38.24984, -12.79336, 0.0 ], [ -38.24983, -12.79354, 0.0 ], [ -38.24995, -12.79385, 0.0 ], [ -38.25023, -12.79435, 0.0 ], [ -38.25052, -12.79489, 0.0 ], [ -38.25101, -12.79565, 0.0 ], [ -38.25115, -12.79578, 0.0 ], [ -38.25126, -12.79585, 0.0 ], [ -38.25193, -12.79661, 0.0 ], [ -38.25256, -12.79722, 0.0 ], [ -38.2536, -12.79839, 0.0 ], [ -38.2542, -12.79896, 0.0 ], [ -38.25433, -12.7991, 0.0 ], [ -38.25444, -12.79915, 0.0 ], [ -38.25454, -12.79916, 0.0 ], [ -38.25474, -12.7991, 0.0 ], [ -38.25487, -12.79907, 0.0 ], [ -38.25506, -12.79902, 0.0 ], [ -38.25558, -12.79884, 0.0 ], [ -38.25609, -12.7987, 0.0 ], [ -38.25655, -12.79852, 0.0 ], [ -38.25684, -12.79845, 0.0 ], [ -38.25701, -12.7985, 0.0 ], [ -38.25707, -12.79861, 0.0 ], [ -38.25721, -12.79891, 0.0 ], [ -38.25733, -12.79914, 0.0 ], [ -38.25747, -12.79939, 0.0 ], [ -38.25747, -12.79939, 0.0 ], [ -38.25744, -12.79957, 0.0 ], [ -38.25744, -12.79957, 0.0 ], [ -38.25744, -12.7998, 0.0 ], [ -38.2575, -12.80004, 0.0 ], [ -38.2575, -12.80004, 0.0 ], [ -38.25749, -12.80024, 0.0 ], [ -38.25749, -12.80024, 0.0 ], [ -38.25743, -12.8005, 0.0 ], [ -38.25747, -12.80082, 0.0 ], [ -38.25747, -12.80082, 0.0 ], [ -38.25738, -12.80109, 0.0 ], [ -38.25737, -12.80118, 0.0 ], [ -38.25737, -12.80118, 0.0 ], [ -38.25739, -12.80128, 0.0 ], [ -38.25745, -12.80135, 0.0 ], [ -38.25753, -12.8014, 0.0 ], [ -38.25758, -12.80145, 0.0 ], [ -38.2576, -12.8015, 0.0 ], [ -38.2576, -12.8015, 0.0 ], [ -38.2576, -12.80158, 0.0 ], [ -38.2576, -12.80158, 0.0 ], [ -38.2575, -12.80172, 0.0 ], [ -38.25733, -12.80185, 0.0 ], [ -38.25721, -12.802, 0.0 ], [ -38.25714, -12.8022, 0.0 ], [ -38.25705, -12.80243, 0.0 ], [ -38.25699, -12.80268, 0.0 ], [ -38.25699, -12.80268, 0.0 ], [ -38.25695, -12.80291, 0.0 ], [ -38.25695, -12.80291, 0.0 ], [ -38.25694, -12.80304, 0.0 ], [ -38.25694, -12.80304, 0.0 ], [ -38.25695, -12.80321, 0.0 ], [ -38.25695, -12.80321, 0.0 ], [ -38.25686, -12.80353, 0.0 ], [ -38.25672, -12.80372, 0.0 ], [ -38.25658, -12.80386, 0.0 ], [ -38.25638, -12.80397, 0.0 ], [ -38.25621, -12.804, 0.0 ], [ -38.25605, -12.80407, 0.0 ], [ -38.25842, -12.80598, 0.0 ], [ -38.26035, -12.8075, 0.0 ], [ -38.26234, -12.80647, 0.0 ], [ -38.26287, -12.8078, 0.0 ], [ -38.27769, -12.78954, 0.0 ], [ -38.27808, -12.78901, 0.0 ], [ -38.27824, -12.78798, 0.0 ], [ -38.27788, -12.78783, 0.0 ], [ -38.27729, -12.78733, 0.0 ], [ -38.27685, -12.78687, 0.0 ], [ -38.27667, -12.78628, 0.0 ], [ -38.27658, -12.78582, 0.0 ], [ -38.27651, -12.78598, 0.0 ], [ -38.2762, -12.78667, 0.0 ], [ -38.27599, -12.7871, 0.0 ], [ -38.27598, -12.78767, 0.0 ], [ -38.27591, -12.78791, 0.0 ], [ -38.27562, -12.78817, 0.0 ], [ -38.27507, -12.78858, 0.0 ], [ -38.27446, -12.78888, 0.0 ], [ -38.27403, -12.789, 0.0 ], [ -38.2734, -12.78891, 0.0 ], [ -38.27258, -12.78841, 0.0 ], [ -38.27121, -12.78924, 0.0 ], [ -38.26793, -12.78861, 0.0 ], [ -38.2689, -12.78651, 0.0 ], [ -38.2556, -12.78275, 0.0 ], [ -38.25536, -12.78257, 0.0 ], [ -38.25503, -12.78232, 0.0 ], [ -38.25462, -12.78216, 0.0 ], [ -38.25432, -12.78207, 0.0 ], [ -38.25411, -12.78201, 0.0 ], [ -38.25362, -12.78187, 0.0 ], [ -38.25331, -12.7818, 0.0 ], [ -38.25291, -12.78152, 0.0 ], [ -38.25278, -12.78144, 0.0 ], [ -38.25263, -12.78141, 0.0 ], [ -38.2524, -12.78144, 0.0 ], [ -38.25221, -12.78145, 0.0 ], [ -38.25195, -12.78154, 0.0 ] ] ] ] } },
{ "type": "Feature", "properties": { "Id": 97, "Name": "ZOC 1", "DISTRITO": "SEDE", "categoria": "ZOC", "perímetro_ellip_m": 10671.1, "área_ellip_m²": 4947883.6 }, "geometry": { "type": "MultiPolygon", "coordinates": [ [ [ [ -38.20775, -12.69047, 0.0 ], [ -38.20767, -12.69144, 0.0 ], [ -38.2071, -12.69287, 0.0 ], [ -38.20619, -12.69388, 0.0 ], [ -38.20499, -12.69487, 0.0 ], [ -38.20425, -12.69519, 0.0 ], [ -38.20353, -12.69588, 0.0 ], [ -38.20277, -12.69615, 0.0 ], [ -38.20218, -12.69675, 0.0 ], [ -38.20219, -12.69777, 0.0 ], [ -38.20194, -12.69834, 0.0 ], [ -38.20155, -12.69877, 0.0 ], [ -38.20115, -12.69902, 0.0 ], [ -38.20095, -12.69914, 0.0 ], [ -38.20114, -12.69953, 0.0 ], [ -38.20123, -12.6997, 0.0 ], [ -38.20138, -12.69993, 0.0 ], [ -38.20158, -12.70012, 0.0 ], [ -38.20182, -12.70032, 0.0 ], [ -38.20213, -12.70055, 0.0 ], [ -38.20258, -12.70083, 0.0 ], [ -38.20278, -12.70096, 0.0 ], [ -38.203, -12.70115, 0.0 ], [ -38.20324, -12.70142, 0.0 ], [ -38.20331, -12.70156, 0.0 ], [ -38.20341, -12.70176, 0.0 ], [ -38.20353, -12.70204, 0.0 ], [ -38.20306, -12.70213, 0.0 ], [ -38.20321, -12.70264, 0.0 ], [ -38.20324, -12.70327, 0.0 ], [ -38.20336, -12.70361, 0.0 ], [ -38.20334, -12.70386, 0.0 ], [ -38.20334, -12.70405, 0.0 ], [ -38.20339, -12.70436, 0.0 ], [ -38.20356, -12.70466, 0.0 ], [ -38.20281, -12.70635, 0.0 ], [ -38.20305, -12.70627, 0.0 ], [ -38.20342, -12.70615, 0.0 ], [ -38.20332, -12.70667, 0.0 ], [ -38.20326, -12.7082, 0.0 ], [ -38.20459, -12.70947, 0.0 ], [ -38.2053, -12.71015, 0.0 ], [ -38.20636, -12.71117, 0.0 ], [ -38.207, -12.71174, 0.0 ], [ -38.20761, -12.71229, 0.0 ], [ -38.20898, -12.71347, 0.0 ], [ -38.20872, -12.71179, 0.0 ], [ -38.2092, -12.71086, 0.0 ], [ -38.20992, -12.71029, 0.0 ], [ -38.21022, -12.70967, 0.0 ], [ -38.21043, -12.70872, 0.0 ], [ -38.21136, -12.70765, 0.0 ], [ -38.21197, -12.70725, 0.0 ], [ -38.21376, -12.70607, 0.0 ], [ -38.21668, -12.70535, 0.0 ], [ -38.21949, -12.70466, 0.0 ], [ -38.22076, -12.70435, 0.0 ], [ -38.22271, -12.70433, 0.0 ], [ -38.22651, -12.70257, 0.0 ], [ -38.22876, -12.70237, 0.0 ], [ -38.22839, -12.70064, 0.0 ], [ -38.22717, -12.70028, 0.0 ], [ -38.22819, -12.6977, 0.0 ], [ -38.22977, -12.69672, 0.0 ], [ -38.23015, -12.6959, 0.0 ], [ -38.23128, -12.6947, 0.0 ], [ -38.23232, -12.6933, 0.0 ], [ -38.23379, -12.69132, 0.0 ], [ -38.23377, -12.69089, 0.0 ], [ -38.23376, -12.69061, 0.0 ], [ -38.23223, -12.69062, 0.0 ], [ -38.2259, -12.69064, 0.0 ], [ -38.22396, -12.69063, 0.0 ], [ -38.20863, -12.69048, 0.0 ], [ -38.20832, -12.69048, 0.0 ], [ -38.20775, -12.69047, 0.0 ] ] ] ] } },
{ "type": "Feature", "properties": { "Id": 98, "Name": "ZOC 2", "DISTRITO": "MONTE GORDO", "categoria": "ZOC", "perímetro_ellip_m": 31682.2, "área_ellip_m²": 11264465.8 }, "geometry": { "type": "MultiPolygon", "coordinates": [ [ [ [ -38.08052, -12.62003, 0.0 ], [ -38.07952, -12.62084, 0.0 ], [ -38.07839, -12.62082, 0.0 ], [ -38.07721, -12.62044, 0.0 ], [ -38.07691, -12.62048, 0.0 ], [ -38.07667, -12.62061, 0.0 ], [ -38.07637, -12.62083, 0.0 ], [ -38.07581, -12.62168, 0.0 ], [ -38.07531, -12.62197, 0.0 ], [ -38.07499, -12.62198, 0.0 ], [ -38.07404, -12.62164, 0.0 ], [ -38.07392, -12.62159, 0.0 ], [ -38.07371, -12.62157, 0.0 ], [ -38.07328, -12.62157, 0.0 ], [ -38.07254, -12.62171, 0.0 ], [ -38.07227, -12.62169, 0.0 ], [ -38.07201, -12.6216, 0.0 ], [ -38.07185, -12.62155, 0.0 ], [ -38.07448, -12.62468, 0.0 ], [ -38.07408, -12.62527, 0.0 ], [ -38.07396, -12.6256, 0.0 ], [ -38.074, -12.62725, 0.0 ], [ -38.0741, -12.6277, 0.0 ], [ -38.07383, -12.62785, 0.0 ], [ -38.07372, -12.62793, 0.0 ], [ -38.07356, -12.62814, 0.0 ], [ -38.07346, -12.62858, 0.0 ], [ -38.07401, -12.62907, 0.0 ], [ -38.07477, -12.62956, 0.0 ], [ -38.07571, -12.63021, 0.0 ], [ -38.07606, -12.63046, 0.0 ], [ -38.0764, -12.6308, 0.0 ], [ -38.07648, -12.63113, 0.0 ], [ -38.07672, -12.63259, 0.0 ], [ -38.07683, -12.6332, 0.0 ], [ -38.077, -12.63434, 0.0 ], [ -38.07699, -12.63451, 0.0 ], [ -38.07755, -12.63532, 0.0 ], [ -38.07791, -12.63518, 0.0 ], [ -38.07807, -12.63515, 0.0 ], [ -38.07798, -12.63496, 0.0 ], [ -38.07844, -12.63481, 0.0 ], [ -38.07825, -12.63454, 0.0 ], [ -38.07894, -12.63417, 0.0 ], [ -38.07904, -12.6343, 0.0 ], [ -38.07955, -12.63375, 0.0 ], [ -38.08, -12.63405, 0.0 ], [ -38.08036, -12.6343, 0.0 ], [ -38.08152, -12.63508, 0.0 ], [ -38.08172, -12.63482, 0.0 ], [ -38.08206, -12.63499, 0.0 ], [ -38.08257, -12.63519, 0.0 ], [ -38.08302, -12.63541, 0.0 ], [ -38.08329, -12.63566, 0.0 ], [ -38.08403, -12.63606, 0.0 ], [ -38.08445, -12.63639, 0.0 ], [ -38.08497, -12.63684, 0.0 ], [ -38.08537, -12.63756, 0.0 ], [ -38.08593, -12.63831, 0.0 ], [ -38.08669, -12.63921, 0.0 ], [ -38.08765, -12.64008, 0.0 ], [ -38.08915, -12.6414, 0.0 ], [ -38.0895, -12.6417, 0.0 ], [ -38.08997, -12.64211, 0.0 ], [ -38.09031, -12.64233, 0.0 ], [ -38.09057, -12.64244, 0.0 ], [ -38.09116, -12.64289, 0.0 ], [ -38.09136, -12.64309, 0.0 ], [ -38.09195, -12.64337, 0.0 ], [ -38.09277, -12.64376, 0.0 ], [ -38.09208, -12.64476, 0.0 ], [ -38.09175, -12.64525, 0.0 ], [ -38.09124, -12.64579, 0.0 ], [ -38.09039, -12.64613, 0.0 ], [ -38.09016, -12.64641, 0.0 ], [ -38.0915, -12.64718, 0.0 ], [ -38.09218, -12.64791, 0.0 ], [ -38.09342, -12.64869, 0.0 ], [ -38.09429, -12.64938, 0.0 ], [ -38.0945, -12.64955, 0.0 ], [ -38.09499, -12.64909, 0.0 ], [ -38.09574, -12.64846, 0.0 ], [ -38.09645, -12.64789, 0.0 ], [ -38.0967, -12.64777, 0.0 ], [ -38.09683, -12.64791, 0.0 ], [ -38.09694, -12.64813, 0.0 ], [ -38.09726, -12.64915, 0.0 ], [ -38.09742, -12.64965, 0.0 ], [ -38.09765, -12.65036, 0.0 ], [ -38.09796, -12.65122, 0.0 ], [ -38.09823, -12.65182, 0.0 ], [ -38.09857, -12.65234, 0.0 ], [ -38.09905, -12.65314, 0.0 ], [ -38.09973, -12.65402, 0.0 ], [ -38.10265, -12.65678, 0.0 ], [ -38.10272, -12.65684, 0.0 ], [ -38.10296, -12.65729, 0.0 ], [ -38.10305, -12.6575, 0.0 ], [ -38.10316, -12.65777, 0.0 ], [ -38.10329, -12.65814, 0.0 ], [ -38.10348, -12.65855, 0.0 ], [ -38.10363, -12.65873, 0.0 ], [ -38.10385, -12.6589, 0.0 ], [ -38.10735, -12.66036, 0.0 ], [ -38.10799, -12.66098, 0.0 ], [ -38.10834, -12.66137, 0.0 ], [ -38.10865, -12.66188, 0.0 ], [ -38.1091, -12.66258, 0.0 ], [ -38.10935, -12.66294, 0.0 ], [ -38.10956, -12.66324, 0.0 ], [ -38.1101, -12.66381, 0.0 ], [ -38.11042, -12.66411, 0.0 ], [ -38.11066, -12.66439, 0.0 ], [ -38.11098, -12.66485, 0.0 ], [ -38.11173, -12.66627, 0.0 ], [ -38.112, -12.66685, 0.0 ], [ -38.1124, -12.66741, 0.0 ], [ -38.11273, -12.66764, 0.0 ], [ -38.11308, -12.66791, 0.0 ], [ -38.11328, -12.6681, 0.0 ], [ -38.11351, -12.66833, 0.0 ], [ -38.11378, -12.6687, 0.0 ], [ -38.11408, -12.66928, 0.0 ], [ -38.11426, -12.66965, 0.0 ], [ -38.11439, -12.66964, 0.0 ], [ -38.11452, -12.66961, 0.0 ], [ -38.11497, -12.66938, 0.0 ], [ -38.11562, -12.66909, 0.0 ], [ -38.11648, -12.66873, 0.0 ], [ -38.11665, -12.66867, 0.0 ], [ -38.11686, -12.66867, 0.0 ], [ -38.11713, -12.66889, 0.0 ], [ -38.11756, -12.66928, 0.0 ], [ -38.11837, -12.66966, 0.0 ], [ -38.12075, -12.67049, 0.0 ], [ -38.12121, -12.67037, 0.0 ], [ -38.12165, -12.67015, 0.0 ], [ -38.12196, -12.66992, 0.0 ], [ -38.12285, -12.66967, 0.0 ], [ -38.12302, -12.66959, 0.0 ], [ -38.12316, -12.66955, 0.0 ], [ -38.12333, -12.66951, 0.0 ], [ -38.12353, -12.66951, 0.0 ], [ -38.12398, -12.6696, 0.0 ], [ -38.12427, -12.66969, 0.0 ], [ -38.12453, -12.66983, 0.0 ], [ -38.12469, -12.66996, 0.0 ], [ -38.12487, -12.6701, 0.0 ], [ -38.12502, -12.67021, 0.0 ], [ -38.1251, -12.67025, 0.0 ], [ -38.12517, -12.6703, 0.0 ], [ -38.12532, -12.67034, 0.0 ], [ -38.12542, -12.67038, 0.0 ], [ -38.12548, -12.6704, 0.0 ], [ -38.12561, -12.6704, 0.0 ], [ -38.1257, -12.67039, 0.0 ], [ -38.12581, -12.67035, 0.0 ], [ -38.12591, -12.6703, 0.0 ], [ -38.12593, -12.67027, 0.0 ], [ -38.12599, -12.67022, 0.0 ], [ -38.12618, -12.67004, 0.0 ], [ -38.12635, -12.66992, 0.0 ], [ -38.12659, -12.66985, 0.0 ], [ -38.1268, -12.66982, 0.0 ], [ -38.12717, -12.6698, 0.0 ], [ -38.12747, -12.66985, 0.0 ], [ -38.12771, -12.66994, 0.0 ], [ -38.1279, -12.67006, 0.0 ], [ -38.12806, -12.67024, 0.0 ], [ -38.12812, -12.67044, 0.0 ], [ -38.12817, -12.67067, 0.0 ], [ -38.12823, -12.67088, 0.0 ], [ -38.12829, -12.67115, 0.0 ], [ -38.12837, -12.67134, 0.0 ], [ -38.12836, -12.67152, 0.0 ], [ -38.12832, -12.6718, 0.0 ], [ -38.12801, -12.67234, 0.0 ], [ -38.12749, -12.67318, 0.0 ], [ -38.12739, -12.67358, 0.0 ], [ -38.12739, -12.67389, 0.0 ], [ -38.12747, -12.67418, 0.0 ], [ -38.12755, -12.67439, 0.0 ], [ -38.1276, -12.67455, 0.0 ], [ -38.12761, -12.67474, 0.0 ], [ -38.12749, -12.67498, 0.0 ], [ -38.12733, -12.67523, 0.0 ], [ -38.12709, -12.67555, 0.0 ], [ -38.12691, -12.67578, 0.0 ], [ -38.12677, -12.676, 0.0 ], [ -38.12669, -12.67618, 0.0 ], [ -38.12662, -12.67646, 0.0 ], [ -38.12655, -12.67663, 0.0 ], [ -38.12641, -12.67679, 0.0 ], [ -38.12627, -12.67695, 0.0 ], [ -38.12598, -12.67724, 0.0 ], [ -38.12576, -12.67744, 0.0 ], [ -38.12567, -12.67756, 0.0 ], [ -38.12561, -12.67764, 0.0 ], [ -38.12558, -12.6778, 0.0 ], [ -38.12558, -12.67794, 0.0 ], [ -38.12559, -12.67825, 0.0 ], [ -38.12567, -12.67848, 0.0 ], [ -38.12576, -12.67862, 0.0 ], [ -38.12632, -12.67903, 0.0 ], [ -38.12669, -12.67928, 0.0 ], [ -38.12692, -12.67947, 0.0 ], [ -38.12726, -12.67967, 0.0 ], [ -38.12751, -12.67983, 0.0 ], [ -38.12762, -12.67996, 0.0 ], [ -38.12771, -12.68008, 0.0 ], [ -38.12777, -12.68019, 0.0 ], [ -38.12786, -12.68037, 0.0 ], [ -38.12802, -12.68073, 0.0 ], [ -38.12824, -12.68104, 0.0 ], [ -38.12841, -12.68132, 0.0 ], [ -38.12865, -12.68162, 0.0 ], [ -38.12897, -12.68195, 0.0 ], [ -38.12918, -12.68219, 0.0 ], [ -38.12983, -12.68281, 0.0 ], [ -38.13017, -12.68294, 0.0 ], [ -38.13039, -12.68303, 0.0 ], [ -38.13065, -12.68314, 0.0 ], [ -38.13084, -12.68327, 0.0 ], [ -38.13099, -12.68338, 0.0 ], [ -38.13114, -12.68347, 0.0 ], [ -38.13136, -12.68354, 0.0 ], [ -38.13157, -12.68352, 0.0 ], [ -38.13197, -12.68347, 0.0 ], [ -38.13225, -12.68345, 0.0 ], [ -38.13246, -12.6835, 0.0 ], [ -38.13257, -12.68357, 0.0 ], [ -38.13265, -12.68368, 0.0 ], [ -38.13268, -12.68386, 0.0 ], [ -38.13263, -12.68449, 0.0 ], [ -38.13257, -12.68486, 0.0 ], [ -38.13254, -12.68497, 0.0 ], [ -38.13257, -12.68503, 0.0 ], [ -38.1328, -12.68519, 0.0 ], [ -38.13293, -12.68526, 0.0 ], [ -38.13312, -12.68538, 0.0 ], [ -38.1333, -12.68565, 0.0 ], [ -38.13352, -12.68596, 0.0 ], [ -38.13366, -12.68648, 0.0 ], [ -38.13539, -12.68754, 0.0 ], [ -38.13593, -12.68852, 0.0 ], [ -38.13653, -12.68849, 0.0 ], [ -38.13656, -12.68914, 0.0 ], [ -38.13683, -12.69015, 0.0 ], [ -38.13684, -12.69016, 0.0 ], [ -38.13685, -12.69022, 0.0 ], [ -38.13703, -12.69107, 0.0 ], [ -38.13707, -12.69112, 0.0 ], [ -38.13801, -12.69155, 0.0 ], [ -38.13818, -12.69119, 0.0 ], [ -38.13829, -12.69095, 0.0 ], [ -38.13837, -12.69085, 0.0 ], [ -38.13855, -12.69073, 0.0 ], [ -38.13878, -12.69057, 0.0 ], [ -38.13896, -12.69047, 0.0 ], [ -38.13931, -12.69031, 0.0 ], [ -38.1397, -12.69014, 0.0 ], [ -38.14005, -12.68988, 0.0 ], [ -38.14022, -12.68967, 0.0 ], [ -38.14085, -12.69006, 0.0 ], [ -38.1409, -12.68999, 0.0 ], [ -38.14129, -12.68948, 0.0 ], [ -38.14221, -12.6889, 0.0 ], [ -38.14319, -12.68807, 0.0 ], [ -38.14368, -12.68719, 0.0 ], [ -38.1437, -12.68663, 0.0 ], [ -38.14342, -12.68599, 0.0 ], [ -38.14286, -12.68631, 0.0 ], [ -38.14234, -12.68553, 0.0 ], [ -38.14115, -12.68359, 0.0 ], [ -38.1407, -12.68319, 0.0 ], [ -38.14008, -12.68324, 0.0 ], [ -38.13948, -12.68341, 0.0 ], [ -38.13828, -12.68262, 0.0 ], [ -38.13751, -12.68101, 0.0 ], [ -38.13826, -12.68031, 0.0 ], [ -38.13886, -12.67932, 0.0 ], [ -38.1395, -12.67853, 0.0 ], [ -38.14095, -12.67784, 0.0 ], [ -38.14166, -12.67633, 0.0 ], [ -38.14229, -12.67455, 0.0 ], [ -38.14213, -12.67331, 0.0 ], [ -38.14181, -12.67283, 0.0 ], [ -38.14102, -12.67146, 0.0 ], [ -38.14029, -12.67017, 0.0 ], [ -38.1408, -12.66993, 0.0 ], [ -38.14079, -12.66919, 0.0 ], [ -38.14048, -12.66831, 0.0 ], [ -38.13987, -12.66694, 0.0 ], [ -38.13955, -12.6666, 0.0 ], [ -38.13908, -12.66622, 0.0 ], [ -38.13866, -12.66612, 0.0 ], [ -38.13767, -12.66604, 0.0 ], [ -38.13039, -12.66944, 0.0 ], [ -38.13015, -12.66914, 0.0 ], [ -38.12888, -12.6693, 0.0 ], [ -38.12865, -12.66946, 0.0 ], [ -38.12834, -12.66909, 0.0 ], [ -38.12852, -12.66867, 0.0 ], [ -38.12747, -12.66837, 0.0 ], [ -38.12643, -12.66776, 0.0 ], [ -38.12575, -12.66717, 0.0 ], [ -38.12543, -12.66665, 0.0 ], [ -38.125, -12.66615, 0.0 ], [ -38.125, -12.66615, 0.0 ], [ -38.12153, -12.66531, 0.0 ], [ -38.11919, -12.66377, 0.0 ], [ -38.11801, -12.66153, 0.0 ], [ -38.11722, -12.66036, 0.0 ], [ -38.11607, -12.65958, 0.0 ], [ -38.115, -12.65855, 0.0 ], [ -38.11321, -12.65852, 0.0 ], [ -38.1097, -12.65776, 0.0 ], [ -38.1083, -12.65701, 0.0 ], [ -38.10841, -12.65435, 0.0 ], [ -38.10757, -12.65414, 0.0 ], [ -38.10683, -12.65391, 0.0 ], [ -38.10607, -12.65318, 0.0 ], [ -38.10539, -12.65225, 0.0 ], [ -38.10549, -12.65116, 0.0 ], [ -38.10569, -12.65023, 0.0 ], [ -38.10609, -12.64851, 0.0 ], [ -38.10617, -12.64786, 0.0 ], [ -38.10532, -12.6463, 0.0 ], [ -38.10401, -12.64549, 0.0 ], [ -38.10388, -12.64435, 0.0 ], [ -38.10382, -12.64371, 0.0 ], [ -38.10336, -12.64316, 0.0 ], [ -38.10235, -12.64271, 0.0 ], [ -38.10155, -12.64262, 0.0 ], [ -38.10088, -12.64311, 0.0 ], [ -38.10004, -12.64429, 0.0 ], [ -38.09905, -12.64439, 0.0 ], [ -38.0986, -12.64422, 0.0 ], [ -38.09814, -12.64374, 0.0 ], [ -38.09791, -12.64314, 0.0 ], [ -38.09752, -12.64224, 0.0 ], [ -38.09742, -12.64167, 0.0 ], [ -38.09721, -12.64125, 0.0 ], [ -38.09688, -12.64088, 0.0 ], [ -38.09665, -12.64012, 0.0 ], [ -38.09678, -12.63903, 0.0 ], [ -38.09635, -12.63559, 0.0 ], [ -38.09877, -12.63517, 0.0 ], [ -38.09916, -12.63425, 0.0 ], [ -38.09999, -12.63094, 0.0 ], [ -38.10118, -12.62702, 0.0 ], [ -38.10159, -12.62576, 0.0 ], [ -38.10292, -12.62364, 0.0 ], [ -38.10247, -12.62286, 0.0 ], [ -38.10183, -12.62126, 0.0 ], [ -38.1015, -12.62125, 0.0 ], [ -38.10101, -12.62117, 0.0 ], [ -38.10077, -12.62114, 0.0 ], [ -38.10034, -12.62118, 0.0 ], [ -38.09955, -12.62154, 0.0 ], [ -38.0991, -12.62188, 0.0 ], [ -38.09853, -12.62216, 0.0 ], [ -38.09662, -12.62332, 0.0 ], [ -38.09636, -12.62339, 0.0 ], [ -38.09605, -12.62346, 0.0 ], [ -38.09456, -12.62388, 0.0 ], [ -38.09368, -12.62395, 0.0 ], [ -38.09327, -12.62397, 0.0 ], [ -38.09273, -12.62395, 0.0 ], [ -38.09245, -12.62401, 0.0 ], [ -38.09178, -12.62425, 0.0 ], [ -38.09157, -12.62425, 0.0 ], [ -38.09065, -12.62392, 0.0 ], [ -38.08947, -12.62365, 0.0 ], [ -38.08905, -12.6235, 0.0 ], [ -38.08825, -12.6231, 0.0 ], [ -38.08759, -12.6229, 0.0 ], [ -38.08658, -12.62234, 0.0 ], [ -38.0859, -12.62184, 0.0 ], [ -38.08552, -12.62138, 0.0 ], [ -38.08433, -12.62036, 0.0 ], [ -38.08363, -12.62004, 0.0 ], [ -38.08302, -12.61989, 0.0 ], [ -38.08193, -12.61983, 0.0 ], [ -38.0811, -12.61984, 0.0 ], [ -38.08052, -12.62003, 0.0 ] ], [ [ -38.11371, -12.66406, 0.0 ], [ -38.11335, -12.66412, 0.0 ], [ -38.11305, -12.66403, 0.0 ], [ -38.11287, -12.66441, 0.0 ], [ -38.11316, -12.66466, 0.0 ], [ -38.11279, -12.66524, 0.0 ], [ -38.11212, -12.66584, 0.0 ], [ -38.11176, -12.66537, 0.0 ], [ -38.11224, -12.66497, 0.0 ], [ -38.11259, -12.66466, 0.0 ], [ -38.11273, -12.66449, 0.0 ], [ -38.11218, -12.66402, 0.0 ], [ -38.11264, -12.66337, 0.0 ], [ -38.11289, -12.66303, 0.0 ], [ -38.11293, -12.66284, 0.0 ], [ -38.11435, -12.66221, 0.0 ], [ -38.1148, -12.66324, 0.0 ], [ -38.11439, -12.66363, 0.0 ], [ -38.11401, -12.66385, 0.0 ], [ -38.11371, -12.66406, 0.0 ] ] ] ] } },
{ "type": "Feature", "properties": { "Id": 99, "Name": "ZOC 2", "DISTRITO": "ABRANTES", "categoria": "ZOC", "perímetro_ellip_m": 16270.0, "área_ellip_m²": 6663487.9 }, "geometry": { "type": "MultiPolygon", "coordinates": [ [ [ [ -38.28019, -12.77419, 0.0 ], [ -38.27967, -12.78128, 0.0 ], [ -38.27824, -12.78798, 0.0 ], [ -38.27808, -12.78901, 0.0 ], [ -38.27769, -12.78954, 0.0 ], [ -38.26287, -12.8078, 0.0 ], [ -38.26287, -12.8078, 0.0 ], [ -38.26174, -12.80919, 0.0 ], [ -38.26395, -12.81154, 0.0 ], [ -38.26718, -12.81288, 0.0 ], [ -38.27116, -12.81312, 0.0 ], [ -38.27355, -12.81251, 0.0 ], [ -38.27832, -12.81615, 0.0 ], [ -38.27857, -12.8166, 0.0 ], [ -38.27878, -12.81644, 0.0 ], [ -38.27925, -12.81609, 0.0 ], [ -38.27957, -12.81588, 0.0 ], [ -38.27989, -12.81566, 0.0 ], [ -38.28045, -12.81527, 0.0 ], [ -38.28103, -12.81497, 0.0 ], [ -38.28167, -12.8146, 0.0 ], [ -38.28195, -12.8145, 0.0 ], [ -38.28216, -12.81452, 0.0 ], [ -38.2825, -12.81455, 0.0 ], [ -38.28273, -12.81455, 0.0 ], [ -38.28285, -12.81454, 0.0 ], [ -38.28293, -12.81449, 0.0 ], [ -38.28306, -12.81436, 0.0 ], [ -38.28335, -12.81394, 0.0 ], [ -38.28374, -12.81367, 0.0 ], [ -38.28412, -12.81346, 0.0 ], [ -38.28457, -12.8132, 0.0 ], [ -38.28497, -12.81275, 0.0 ], [ -38.28531, -12.81232, 0.0 ], [ -38.28567, -12.81164, 0.0 ], [ -38.28594, -12.81114, 0.0 ], [ -38.28629, -12.81062, 0.0 ], [ -38.28651, -12.81028, 0.0 ], [ -38.2868, -12.80987, 0.0 ], [ -38.28712, -12.80936, 0.0 ], [ -38.28733, -12.80904, 0.0 ], [ -38.2876, -12.80856, 0.0 ], [ -38.28776, -12.80789, 0.0 ], [ -38.28792, -12.80752, 0.0 ], [ -38.28833, -12.80779, 0.0 ], [ -38.28823, -12.8082, 0.0 ], [ -38.2885, -12.80835, 0.0 ], [ -38.28872, -12.80843, 0.0 ], [ -38.28891, -12.80845, 0.0 ], [ -38.28914, -12.80841, 0.0 ], [ -38.28945, -12.80796, 0.0 ], [ -38.28964, -12.80778, 0.0 ], [ -38.28989, -12.80766, 0.0 ], [ -38.29018, -12.80767, 0.0 ], [ -38.29051, -12.80789, 0.0 ], [ -38.29074, -12.80816, 0.0 ], [ -38.29104, -12.80861, 0.0 ], [ -38.29114, -12.80885, 0.0 ], [ -38.29133, -12.80919, 0.0 ], [ -38.29138, -12.80949, 0.0 ], [ -38.29134, -12.81003, 0.0 ], [ -38.29133, -12.81032, 0.0 ], [ -38.29138, -12.81064, 0.0 ], [ -38.29147, -12.81088, 0.0 ], [ -38.29154, -12.811, 0.0 ], [ -38.29165, -12.81109, 0.0 ], [ -38.29177, -12.81122, 0.0 ], [ -38.29186, -12.8114, 0.0 ], [ -38.29203, -12.81171, 0.0 ], [ -38.29212, -12.81187, 0.0 ], [ -38.29224, -12.81204, 0.0 ], [ -38.2924, -12.81232, 0.0 ], [ -38.29212, -12.81249, 0.0 ], [ -38.29184, -12.81266, 0.0 ], [ -38.29155, -12.81287, 0.0 ], [ -38.29129, -12.81302, 0.0 ], [ -38.29065, -12.81327, 0.0 ], [ -38.29042, -12.81353, 0.0 ], [ -38.29027, -12.81378, 0.0 ], [ -38.29013, -12.814, 0.0 ], [ -38.28992, -12.81431, 0.0 ], [ -38.28977, -12.81464, 0.0 ], [ -38.28971, -12.81492, 0.0 ], [ -38.28965, -12.81528, 0.0 ], [ -38.2896, -12.81558, 0.0 ], [ -38.28984, -12.81559, 0.0 ], [ -38.29, -12.81563, 0.0 ], [ -38.29033, -12.81566, 0.0 ], [ -38.29399, -12.81605, 0.0 ], [ -38.29533, -12.81578, 0.0 ], [ -38.29512, -12.81319, 0.0 ], [ -38.29534, -12.81168, 0.0 ], [ -38.29453, -12.81065, 0.0 ], [ -38.29418, -12.81033, 0.0 ], [ -38.29455, -12.80968, 0.0 ], [ -38.29513, -12.80789, 0.0 ], [ -38.29526, -12.80746, 0.0 ], [ -38.29523, -12.8066, 0.0 ], [ -38.29379, -12.80625, 0.0 ], [ -38.29212, -12.80584, 0.0 ], [ -38.29093, -12.8048, 0.0 ], [ -38.28723, -12.80184, 0.0 ], [ -38.28521, -12.80134, 0.0 ], [ -38.2851, -12.79998, 0.0 ], [ -38.28552, -12.79883, 0.0 ], [ -38.28552, -12.79755, 0.0 ], [ -38.28481, -12.79634, 0.0 ], [ -38.28418, -12.79483, 0.0 ], [ -38.28463, -12.79368, 0.0 ], [ -38.28461, -12.79314, 0.0 ], [ -38.28453, -12.79262, 0.0 ], [ -38.28442, -12.79195, 0.0 ], [ -38.28274, -12.79132, 0.0 ], [ -38.28356, -12.78969, 0.0 ], [ -38.28371, -12.78917, 0.0 ], [ -38.28417, -12.78871, 0.0 ], [ -38.28486, -12.78727, 0.0 ], [ -38.28587, -12.78592, 0.0 ], [ -38.28596, -12.78516, 0.0 ], [ -38.2856, -12.78394, 0.0 ], [ -38.28601, -12.78277, 0.0 ], [ -38.28636, -12.78168, 0.0 ], [ -38.28618, -12.78071, 0.0 ], [ -38.28564, -12.78011, 0.0 ], [ -38.28518, -12.7793, 0.0 ], [ -38.28467, -12.77803, 0.0 ], [ -38.28426, -12.7774, 0.0 ], [ -38.28334, -12.77671, 0.0 ], [ -38.28203, -12.7758, 0.0 ], [ -38.28177, -12.77593, 0.0 ], [ -38.28094, -12.77447, 0.0 ], [ -38.28071, -12.77422, 0.0 ], [ -38.28064, -12.7742, 0.0 ], [ -38.28055, -12.7742, 0.0 ], [ -38.28037, -12.7742, 0.0 ], [ -38.28042, -12.7739, 0.0 ], [ -38.28039, -12.77396, 0.0 ], [ -38.28019, -12.77419, 0.0 ] ] ] ] } },
{ "type": "Feature", "properties": { "Id": 100, "Name": "ZOC 3", "DISTRITO": "ABRANTES/SEDE", "categoria": "ZOC", "perímetro_ellip_m": 78047.8, "área_ellip_m²": 38914139.7 }, "geometry": { "type": "MultiPolygon", "coordinates": [ [ [ [ -38.19243, -12.71257, 0.0 ], [ -38.19217, -12.71259, 0.0 ], [ -38.19167, -12.71256, 0.0 ], [ -38.19061, -12.71242, 0.0 ], [ -38.18972, -12.71233, 0.0 ], [ -38.18955, -12.71231, 0.0 ], [ -38.1887, -12.71222, 0.0 ], [ -38.18819, -12.7122, 0.0 ], [ -38.18759, -12.71222, 0.0 ], [ -38.18704, -12.71226, 0.0 ], [ -38.18674, -12.71229, 0.0 ], [ -38.18623, -12.71238, 0.0 ], [ -38.18594, -12.71245, 0.0 ], [ -38.1855, -12.7126, 0.0 ], [ -38.18505, -12.71277, 0.0 ], [ -38.18428, -12.7131, 0.0 ], [ -38.18224, -12.71399, 0.0 ], [ -38.1818, -12.71418, 0.0 ], [ -38.17625, -12.71658, 0.0 ], [ -38.16692, -12.72062, 0.0 ], [ -38.16384, -12.72194, 0.0 ], [ -38.16348, -12.72209, 0.0 ], [ -38.16141, -12.72301, 0.0 ], [ -38.16092, -12.72322, 0.0 ], [ -38.16047, -12.72343, 0.0 ], [ -38.16058, -12.72359, 0.0 ], [ -38.16075, -12.72383, 0.0 ], [ -38.1609, -12.7241, 0.0 ], [ -38.16092, -12.72413, 0.0 ], [ -38.1611, -12.72449, 0.0 ], [ -38.16123, -12.7248, 0.0 ], [ -38.16138, -12.72523, 0.0 ], [ -38.16149, -12.72563, 0.0 ], [ -38.16203, -12.7278, 0.0 ], [ -38.16239, -12.72893, 0.0 ], [ -38.16269, -12.72982, 0.0 ], [ -38.16295, -12.7309, 0.0 ], [ -38.16307, -12.73183, 0.0 ], [ -38.16324, -12.73288, 0.0 ], [ -38.16565, -12.74308, 0.0 ], [ -38.16567, -12.74317, 0.0 ], [ -38.16573, -12.74346, 0.0 ], [ -38.166, -12.74457, 0.0 ], [ -38.166, -12.74458, 0.0 ], [ -38.16624, -12.74561, 0.0 ], [ -38.16627, -12.74572, 0.0 ], [ -38.16635, -12.74606, 0.0 ], [ -38.16638, -12.74618, 0.0 ], [ -38.16652, -12.74676, 0.0 ], [ -38.16659, -12.74704, 0.0 ], [ -38.16667, -12.74732, 0.0 ], [ -38.16677, -12.7476, 0.0 ], [ -38.16688, -12.74787, 0.0 ], [ -38.16695, -12.74803, 0.0 ], [ -38.16706, -12.74826, 0.0 ], [ -38.16721, -12.74852, 0.0 ], [ -38.16733, -12.74871, 0.0 ], [ -38.16753, -12.74902, 0.0 ], [ -38.16781, -12.74939, 0.0 ], [ -38.16786, -12.74945, 0.0 ], [ -38.16786, -12.74946, 0.0 ], [ -38.16825, -12.74995, 0.0 ], [ -38.16871, -12.75049, 0.0 ], [ -38.16895, -12.75077, 0.0 ], [ -38.16904, -12.75087, 0.0 ], [ -38.16904, -12.75087, 0.0 ], [ -38.16937, -12.75119, 0.0 ], [ -38.16982, -12.75155, 0.0 ], [ -38.1703, -12.75187, 0.0 ], [ -38.17096, -12.75222, 0.0 ], [ -38.17182, -12.75259, 0.0 ], [ -38.17297, -12.75304, 0.0 ], [ -38.17354, -12.75328, 0.0 ], [ -38.17389, -12.75342, 0.0 ], [ -38.17397, -12.75345, 0.0 ], [ -38.17426, -12.75357, 0.0 ], [ -38.17454, -12.7537, 0.0 ], [ -38.1751, -12.75399, 0.0 ], [ -38.17558, -12.75431, 0.0 ], [ -38.17622, -12.75483, 0.0 ], [ -38.1769, -12.75552, 0.0 ], [ -38.17795, -12.75666, 0.0 ], [ -38.17857, -12.75733, 0.0 ], [ -38.17905, -12.75789, 0.0 ], [ -38.17936, -12.75834, 0.0 ], [ -38.17975, -12.75896, 0.0 ], [ -38.18014, -12.75955, 0.0 ], [ -38.18054, -12.76, 0.0 ], [ -38.18106, -12.76062, 0.0 ], [ -38.18174, -12.76129, 0.0 ], [ -38.18238, -12.76193, 0.0 ], [ -38.18303, -12.76254, 0.0 ], [ -38.18376, -12.76326, 0.0 ], [ -38.18516, -12.76461, 0.0 ], [ -38.18589, -12.76531, 0.0 ], [ -38.18798, -12.76727, 0.0 ], [ -38.18882, -12.76809, 0.0 ], [ -38.18955, -12.76881, 0.0 ], [ -38.19049, -12.76974, 0.0 ], [ -38.1907, -12.76994, 0.0 ], [ -38.19102, -12.77025, 0.0 ], [ -38.19151, -12.77068, 0.0 ], [ -38.192, -12.77107, 0.0 ], [ -38.19247, -12.77142, 0.0 ], [ -38.19285, -12.77174, 0.0 ], [ -38.19317, -12.77207, 0.0 ], [ -38.19347, -12.77247, 0.0 ], [ -38.19373, -12.77287, 0.0 ], [ -38.19404, -12.77341, 0.0 ], [ -38.19425, -12.77377, 0.0 ], [ -38.19464, -12.77431, 0.0 ], [ -38.19572, -12.77579, 0.0 ], [ -38.20081, -12.7828, 0.0 ], [ -38.20115, -12.78326, 0.0 ], [ -38.20124, -12.78338, 0.0 ], [ -38.20167, -12.78398, 0.0 ], [ -38.20195, -12.78436, 0.0 ], [ -38.20236, -12.78493, 0.0 ], [ -38.2024, -12.78498, 0.0 ], [ -38.20246, -12.78507, 0.0 ], [ -38.20565, -12.78946, 0.0 ], [ -38.20676, -12.79099, 0.0 ], [ -38.20779, -12.79241, 0.0 ], [ -38.20861, -12.79351, 0.0 ], [ -38.20915, -12.79419, 0.0 ], [ -38.20971, -12.79477, 0.0 ], [ -38.21032, -12.7954, 0.0 ], [ -38.2113, -12.7966, 0.0 ], [ -38.21183, -12.79737, 0.0 ], [ -38.21207, -12.79768, 0.0 ], [ -38.21233, -12.79802, 0.0 ], [ -38.21318, -12.79897, 0.0 ], [ -38.21381, -12.7995, 0.0 ], [ -38.21427, -12.7998, 0.0 ], [ -38.21526, -12.80027, 0.0 ], [ -38.21552, -12.80037, 0.0 ], [ -38.21696, -12.80061, 0.0 ], [ -38.21881, -12.80047, 0.0 ], [ -38.2192, -12.80046, 0.0 ], [ -38.22013, -12.80042, 0.0 ], [ -38.22107, -12.80044, 0.0 ], [ -38.22187, -12.80057, 0.0 ], [ -38.22253, -12.80081, 0.0 ], [ -38.22302, -12.80108, 0.0 ], [ -38.22449, -12.80212, 0.0 ], [ -38.22672, -12.80373, 0.0 ], [ -38.23144, -12.80716, 0.0 ], [ -38.23413, -12.80912, 0.0 ], [ -38.23918, -12.8128, 0.0 ], [ -38.24802, -12.81918, 0.0 ], [ -38.24816, -12.81928, 0.0 ], [ -38.25257, -12.82251, 0.0 ], [ -38.25291, -12.82274, 0.0 ], [ -38.25335, -12.82302, 0.0 ], [ -38.25395, -12.82332, 0.0 ], [ -38.25449, -12.82355, 0.0 ], [ -38.25519, -12.82379, 0.0 ], [ -38.25598, -12.82406, 0.0 ], [ -38.25654, -12.82428, 0.0 ], [ -38.25708, -12.82454, 0.0 ], [ -38.25807, -12.82498, 0.0 ], [ -38.25839, -12.82509, 0.0 ], [ -38.25866, -12.82486, 0.0 ], [ -38.25947, -12.82404, 0.0 ], [ -38.25913, -12.82342, 0.0 ], [ -38.25863, -12.82306, 0.0 ], [ -38.25846, -12.8228, 0.0 ], [ -38.25886, -12.82197, 0.0 ], [ -38.25902, -12.82147, 0.0 ], [ -38.25936, -12.82137, 0.0 ], [ -38.25997, -12.82141, 0.0 ], [ -38.26067, -12.82153, 0.0 ], [ -38.26115, -12.82138, 0.0 ], [ -38.26143, -12.82079, 0.0 ], [ -38.26077, -12.82022, 0.0 ], [ -38.26021, -12.81977, 0.0 ], [ -38.26091, -12.81934, 0.0 ], [ -38.26167, -12.81911, 0.0 ], [ -38.2619, -12.81938, 0.0 ], [ -38.26209, -12.81952, 0.0 ], [ -38.26242, -12.81937, 0.0 ], [ -38.2628, -12.81913, 0.0 ], [ -38.26418, -12.81839, 0.0 ], [ -38.26524, -12.81778, 0.0 ], [ -38.26587, -12.81787, 0.0 ], [ -38.26657, -12.81813, 0.0 ], [ -38.2671, -12.81743, 0.0 ], [ -38.26773, -12.81685, 0.0 ], [ -38.26827, -12.81647, 0.0 ], [ -38.26862, -12.81635, 0.0 ], [ -38.26916, -12.8166, 0.0 ], [ -38.26904, -12.81707, 0.0 ], [ -38.26853, -12.81755, 0.0 ], [ -38.26837, -12.81782, 0.0 ], [ -38.26826, -12.8181, 0.0 ], [ -38.26851, -12.81853, 0.0 ], [ -38.26868, -12.81904, 0.0 ], [ -38.26895, -12.81955, 0.0 ], [ -38.26939, -12.82008, 0.0 ], [ -38.27023, -12.82118, 0.0 ], [ -38.2709, -12.82015, 0.0 ], [ -38.27052, -12.81956, 0.0 ], [ -38.27129, -12.81894, 0.0 ], [ -38.27164, -12.81927, 0.0 ], [ -38.27306, -12.82045, 0.0 ], [ -38.27371, -12.821, 0.0 ], [ -38.27452, -12.82176, 0.0 ], [ -38.27473, -12.82194, 0.0 ], [ -38.27483, -12.82202, 0.0 ], [ -38.27511, -12.82171, 0.0 ], [ -38.27525, -12.8216, 0.0 ], [ -38.27552, -12.82139, 0.0 ], [ -38.27566, -12.82121, 0.0 ], [ -38.27576, -12.821, 0.0 ], [ -38.27582, -12.82078, 0.0 ], [ -38.27593, -12.82046, 0.0 ], [ -38.27599, -12.82022, 0.0 ], [ -38.27603, -12.81965, 0.0 ], [ -38.2762, -12.81886, 0.0 ], [ -38.27629, -12.81871, 0.0 ], [ -38.27723, -12.81819, 0.0 ], [ -38.27795, -12.81804, 0.0 ], [ -38.2783, -12.8181, 0.0 ], [ -38.27844, -12.81816, 0.0 ], [ -38.27863, -12.81836, 0.0 ], [ -38.27882, -12.81864, 0.0 ], [ -38.27898, -12.81915, 0.0 ], [ -38.27925, -12.82032, 0.0 ], [ -38.27917, -12.8213, 0.0 ], [ -38.27855, -12.82199, 0.0 ], [ -38.27821, -12.82243, 0.0 ], [ -38.27862, -12.82294, 0.0 ], [ -38.27924, -12.82367, 0.0 ], [ -38.27959, -12.82452, 0.0 ], [ -38.2807, -12.82548, 0.0 ], [ -38.28144, -12.82596, 0.0 ], [ -38.28195, -12.82617, 0.0 ], [ -38.28175, -12.8268, 0.0 ], [ -38.28214, -12.82711, 0.0 ], [ -38.28249, -12.82749, 0.0 ], [ -38.28315, -12.82793, 0.0 ], [ -38.28389, -12.82805, 0.0 ], [ -38.28415, -12.82815, 0.0 ], [ -38.28407, -12.82864, 0.0 ], [ -38.28383, -12.82914, 0.0 ], [ -38.28365, -12.82957, 0.0 ], [ -38.28356, -12.83001, 0.0 ], [ -38.28353, -12.83026, 0.0 ], [ -38.28366, -12.8303, 0.0 ], [ -38.28379, -12.83027, 0.0 ], [ -38.28424, -12.83051, 0.0 ], [ -38.28387, -12.83103, 0.0 ], [ -38.2838, -12.83102, 0.0 ], [ -38.28367, -12.83097, 0.0 ], [ -38.28316, -12.83068, 0.0 ], [ -38.28232, -12.83113, 0.0 ], [ -38.28314, -12.83245, 0.0 ], [ -38.28313, -12.8332, 0.0 ], [ -38.28401, -12.83409, 0.0 ], [ -38.28539, -12.83751, 0.0 ], [ -38.28525, -12.83902, 0.0 ], [ -38.28516, -12.84059, 0.0 ], [ -38.28518, -12.84118, 0.0 ], [ -38.28653, -12.84157, 0.0 ], [ -38.28719, -12.84247, 0.0 ], [ -38.28738, -12.84352, 0.0 ], [ -38.28749, -12.84389, 0.0 ], [ -38.28763, -12.84429, 0.0 ], [ -38.28769, -12.84451, 0.0 ], [ -38.28776, -12.84492, 0.0 ], [ -38.28781, -12.84534, 0.0 ], [ -38.28784, -12.8455, 0.0 ], [ -38.28781, -12.84582, 0.0 ], [ -38.2878, -12.84647, 0.0 ], [ -38.28779, -12.84717, 0.0 ], [ -38.2878, -12.84727, 0.0 ], [ -38.28783, -12.84747, 0.0 ], [ -38.28791, -12.84805, 0.0 ], [ -38.28809, -12.8487, 0.0 ], [ -38.28824, -12.84938, 0.0 ], [ -38.28834, -12.84988, 0.0 ], [ -38.28952, -12.8508, 0.0 ], [ -38.28987, -12.85114, 0.0 ], [ -38.28995, -12.85323, 0.0 ], [ -38.28915, -12.85371, 0.0 ], [ -38.28814, -12.85424, 0.0 ], [ -38.28733, -12.85466, 0.0 ], [ -38.28678, -12.85491, 0.0 ], [ -38.28619, -12.85494, 0.0 ], [ -38.2854, -12.85481, 0.0 ], [ -38.28417, -12.85451, 0.0 ], [ -38.28469, -12.85575, 0.0 ], [ -38.28542, -12.85746, 0.0 ], [ -38.28605, -12.85895, 0.0 ], [ -38.28623, -12.85937, 0.0 ], [ -38.28629, -12.85951, 0.0 ], [ -38.28636, -12.85963, 0.0 ], [ -38.28642, -12.85973, 0.0 ], [ -38.28649, -12.85986, 0.0 ], [ -38.28657, -12.85996, 0.0 ], [ -38.28665, -12.86008, 0.0 ], [ -38.28674, -12.86018, 0.0 ], [ -38.28683, -12.86029, 0.0 ], [ -38.28693, -12.86038, 0.0 ], [ -38.28703, -12.86048, 0.0 ], [ -38.28713, -12.86057, 0.0 ], [ -38.28724, -12.86065, 0.0 ], [ -38.28735, -12.86073, 0.0 ], [ -38.28742, -12.86077, 0.0 ], [ -38.28748, -12.86082, 0.0 ], [ -38.2876, -12.86088, 0.0 ], [ -38.28771, -12.86094, 0.0 ], [ -38.28772, -12.86095, 0.0 ], [ -38.28783, -12.861, 0.0 ], [ -38.28809, -12.86113, 0.0 ], [ -38.28888, -12.8615, 0.0 ], [ -38.28991, -12.86198, 0.0 ], [ -38.2904, -12.86221, 0.0 ], [ -38.2904, -12.86221, 0.0 ], [ -38.2904, -12.86221, 0.0 ], [ -38.29054, -12.86175, 0.0 ], [ -38.29059, -12.86154, 0.0 ], [ -38.29065, -12.86128, 0.0 ], [ -38.29056, -12.86065, 0.0 ], [ -38.29056, -12.86065, 0.0 ], [ -38.29032, -12.85978, 0.0 ], [ -38.29011, -12.85891, 0.0 ], [ -38.28981, -12.85836, 0.0 ], [ -38.2894, -12.85782, 0.0 ], [ -38.28932, -12.85775, 0.0 ], [ -38.2888, -12.85727, 0.0 ], [ -38.28866, -12.85668, 0.0 ], [ -38.28866, -12.85668, 0.0 ], [ -38.28866, -12.85668, 0.0 ], [ -38.28875, -12.85614, 0.0 ], [ -38.28875, -12.85614, 0.0 ], [ -38.28914, -12.85573, 0.0 ], [ -38.28965, -12.85543, 0.0 ], [ -38.29024, -12.8553, 0.0 ], [ -38.29088, -12.85526, 0.0 ], [ -38.29148, -12.85535, 0.0 ], [ -38.29164, -12.85541, 0.0 ], [ -38.2918, -12.85548, 0.0 ], [ -38.2918, -12.85548, 0.0 ], [ -38.29186, -12.85541, 0.0 ], [ -38.29209, -12.85383, 0.0 ], [ -38.29805, -12.85182, 0.0 ], [ -38.29886, -12.85154, 0.0 ], [ -38.30358, -12.84991, 0.0 ], [ -38.31377, -12.84669, 0.0 ], [ -38.31377, -12.84669, 0.0 ], [ -38.3133, -12.84553, 0.0 ], [ -38.31316, -12.84522, 0.0 ], [ -38.31303, -12.8449, 0.0 ], [ -38.31288, -12.8445, 0.0 ], [ -38.31288, -12.8445, 0.0 ], [ -38.30877, -12.84598, 0.0 ], [ -38.30059, -12.84872, 0.0 ], [ -38.29915, -12.8492, 0.0 ], [ -38.29879, -12.84776, 0.0 ], [ -38.29879, -12.84734, 0.0 ], [ -38.29836, -12.84691, 0.0 ], [ -38.29807, -12.84647, 0.0 ], [ -38.2978, -12.84587, 0.0 ], [ -38.29766, -12.84519, 0.0 ], [ -38.29762, -12.84433, 0.0 ], [ -38.29793, -12.84232, 0.0 ], [ -38.29799, -12.84186, 0.0 ], [ -38.29835, -12.84143, 0.0 ], [ -38.29872, -12.84062, 0.0 ], [ -38.29882, -12.83959, 0.0 ], [ -38.29945, -12.83769, 0.0 ], [ -38.30006, -12.83718, 0.0 ], [ -38.30097, -12.83693, 0.0 ], [ -38.30097, -12.83621, 0.0 ], [ -38.30113, -12.83514, 0.0 ], [ -38.2999, -12.8351, 0.0 ], [ -38.29844, -12.83338, 0.0 ], [ -38.29749, -12.8317, 0.0 ], [ -38.29738, -12.83071, 0.0 ], [ -38.29717, -12.82964, 0.0 ], [ -38.29734, -12.82943, 0.0 ], [ -38.29802, -12.82952, 0.0 ], [ -38.29894, -12.82941, 0.0 ], [ -38.29949, -12.82877, 0.0 ], [ -38.29979, -12.82831, 0.0 ], [ -38.30007, -12.82692, 0.0 ], [ -38.30378, -12.82764, 0.0 ], [ -38.30479, -12.82687, 0.0 ], [ -38.30546, -12.82596, 0.0 ], [ -38.30546, -12.82389, 0.0 ], [ -38.30272, -12.81996, 0.0 ], [ -38.30033, -12.81804, 0.0 ], [ -38.29533, -12.81578, 0.0 ], [ -38.29399, -12.81605, 0.0 ], [ -38.29033, -12.81566, 0.0 ], [ -38.29, -12.81563, 0.0 ], [ -38.28984, -12.81559, 0.0 ], [ -38.2896, -12.81558, 0.0 ], [ -38.28965, -12.81528, 0.0 ], [ -38.28971, -12.81492, 0.0 ], [ -38.28977, -12.81464, 0.0 ], [ -38.28992, -12.81431, 0.0 ], [ -38.29013, -12.814, 0.0 ], [ -38.29027, -12.81378, 0.0 ], [ -38.29042, -12.81353, 0.0 ], [ -38.29065, -12.81327, 0.0 ], [ -38.29129, -12.81302, 0.0 ], [ -38.29155, -12.81287, 0.0 ], [ -38.29184, -12.81266, 0.0 ], [ -38.29212, -12.81249, 0.0 ], [ -38.2924, -12.81232, 0.0 ], [ -38.29224, -12.81204, 0.0 ], [ -38.29212, -12.81187, 0.0 ], [ -38.29203, -12.81171, 0.0 ], [ -38.29186, -12.8114, 0.0 ], [ -38.29177, -12.81122, 0.0 ], [ -38.29165, -12.81109, 0.0 ], [ -38.29154, -12.811, 0.0 ], [ -38.29147, -12.81088, 0.0 ], [ -38.29138, -12.81064, 0.0 ], [ -38.29133, -12.81032, 0.0 ], [ -38.29134, -12.81003, 0.0 ], [ -38.29138, -12.80949, 0.0 ], [ -38.29133, -12.80919, 0.0 ], [ -38.29114, -12.80885, 0.0 ], [ -38.29104, -12.80861, 0.0 ], [ -38.29074, -12.80816, 0.0 ], [ -38.29051, -12.80789, 0.0 ], [ -38.29018, -12.80767, 0.0 ], [ -38.28989, -12.80766, 0.0 ], [ -38.28964, -12.80778, 0.0 ], [ -38.28945, -12.80796, 0.0 ], [ -38.28914, -12.80841, 0.0 ], [ -38.28891, -12.80845, 0.0 ], [ -38.28872, -12.80843, 0.0 ], [ -38.2885, -12.80835, 0.0 ], [ -38.28823, -12.8082, 0.0 ], [ -38.28833, -12.80779, 0.0 ], [ -38.28792, -12.80752, 0.0 ], [ -38.28776, -12.80789, 0.0 ], [ -38.2876, -12.80856, 0.0 ], [ -38.28733, -12.80904, 0.0 ], [ -38.28712, -12.80936, 0.0 ], [ -38.2868, -12.80987, 0.0 ], [ -38.28651, -12.81028, 0.0 ], [ -38.28629, -12.81062, 0.0 ], [ -38.28594, -12.81114, 0.0 ], [ -38.28567, -12.81164, 0.0 ], [ -38.28531, -12.81232, 0.0 ], [ -38.28497, -12.81275, 0.0 ], [ -38.28457, -12.8132, 0.0 ], [ -38.28412, -12.81346, 0.0 ], [ -38.28374, -12.81367, 0.0 ], [ -38.28335, -12.81394, 0.0 ], [ -38.28306, -12.81436, 0.0 ], [ -38.28293, -12.81449, 0.0 ], [ -38.28285, -12.81454, 0.0 ], [ -38.28273, -12.81455, 0.0 ], [ -38.2825, -12.81455, 0.0 ], [ -38.28216, -12.81452, 0.0 ], [ -38.28195, -12.8145, 0.0 ], [ -38.28167, -12.8146, 0.0 ], [ -38.28103, -12.81497, 0.0 ], [ -38.28045, -12.81527, 0.0 ], [ -38.27989, -12.81566, 0.0 ], [ -38.27957, -12.81588, 0.0 ], [ -38.27925, -12.81609, 0.0 ], [ -38.27878, -12.81644, 0.0 ], [ -38.27857, -12.8166, 0.0 ], [ -38.27832, -12.81615, 0.0 ], [ -38.27355, -12.81251, 0.0 ], [ -38.27116, -12.81312, 0.0 ], [ -38.26718, -12.81288, 0.0 ], [ -38.26395, -12.81154, 0.0 ], [ -38.26174, -12.80919, 0.0 ], [ -38.26287, -12.8078, 0.0 ], [ -38.26287, -12.8078, 0.0 ], [ -38.26234, -12.80647, 0.0 ], [ -38.26035, -12.8075, 0.0 ], [ -38.25842, -12.80598, 0.0 ], [ -38.25605, -12.80407, 0.0 ], [ -38.25601, -12.80409, 0.0 ], [ -38.25579, -12.80428, 0.0 ], [ -38.25564, -12.80446, 0.0 ], [ -38.2554, -12.80465, 0.0 ], [ -38.25516, -12.80478, 0.0 ], [ -38.2548, -12.80494, 0.0 ], [ -38.25439, -12.8051, 0.0 ], [ -38.25399, -12.80522, 0.0 ], [ -38.25367, -12.80533, 0.0 ], [ -38.25327, -12.80555, 0.0 ], [ -38.25286, -12.80573, 0.0 ], [ -38.25251, -12.80586, 0.0 ], [ -38.2519, -12.80604, 0.0 ], [ -38.25138, -12.80624, 0.0 ], [ -38.25124, -12.8063, 0.0 ], [ -38.25113, -12.80632, 0.0 ], [ -38.25103, -12.80628, 0.0 ], [ -38.25094, -12.80617, 0.0 ], [ -38.25082, -12.80603, 0.0 ], [ -38.25067, -12.80596, 0.0 ], [ -38.25053, -12.80588, 0.0 ], [ -38.25039, -12.80573, 0.0 ], [ -38.25024, -12.80562, 0.0 ], [ -38.25009, -12.8055, 0.0 ], [ -38.24983, -12.80527, 0.0 ], [ -38.24958, -12.80507, 0.0 ], [ -38.24944, -12.80495, 0.0 ], [ -38.24932, -12.80479, 0.0 ], [ -38.24917, -12.80462, 0.0 ], [ -38.24904, -12.80451, 0.0 ], [ -38.24873, -12.80431, 0.0 ], [ -38.24864, -12.80428, 0.0 ], [ -38.24852, -12.80424, 0.0 ], [ -38.2483, -12.8042, 0.0 ], [ -38.24807, -12.80419, 0.0 ], [ -38.24775, -12.80421, 0.0 ], [ -38.24758, -12.8042, 0.0 ], [ -38.24734, -12.80415, 0.0 ], [ -38.24713, -12.80411, 0.0 ], [ -38.24698, -12.80412, 0.0 ], [ -38.24668, -12.80416, 0.0 ], [ -38.24643, -12.80424, 0.0 ], [ -38.24625, -12.80425, 0.0 ], [ -38.24615, -12.80422, 0.0 ], [ -38.24605, -12.80414, 0.0 ], [ -38.24592, -12.80412, 0.0 ], [ -38.24585, -12.80414, 0.0 ], [ -38.24566, -12.80417, 0.0 ], [ -38.24545, -12.80418, 0.0 ], [ -38.24505, -12.80418, 0.0 ], [ -38.24478, -12.80412, 0.0 ], [ -38.24467, -12.80406, 0.0 ], [ -38.24453, -12.80388, 0.0 ], [ -38.24433, -12.80365, 0.0 ], [ -38.24392, -12.80322, 0.0 ], [ -38.24337, -12.80265, 0.0 ], [ -38.24318, -12.8025, 0.0 ], [ -38.24289, -12.80231, 0.0 ], [ -38.24274, -12.8022, 0.0 ], [ -38.24262, -12.80209, 0.0 ], [ -38.24257, -12.80199, 0.0 ], [ -38.24253, -12.80183, 0.0 ], [ -38.24248, -12.80174, 0.0 ], [ -38.24237, -12.80165, 0.0 ], [ -38.24229, -12.80153, 0.0 ], [ -38.24222, -12.80141, 0.0 ], [ -38.24215, -12.80111, 0.0 ], [ -38.2421, -12.80081, 0.0 ], [ -38.24202, -12.80061, 0.0 ], [ -38.24196, -12.80041, 0.0 ], [ -38.24191, -12.80024, 0.0 ], [ -38.24183, -12.80009, 0.0 ], [ -38.24168, -12.79988, 0.0 ], [ -38.24154, -12.79978, 0.0 ], [ -38.24145, -12.79963, 0.0 ], [ -38.24136, -12.79951, 0.0 ], [ -38.24126, -12.79944, 0.0 ], [ -38.24114, -12.7994, 0.0 ], [ -38.24094, -12.7994, 0.0 ], [ -38.24075, -12.79942, 0.0 ], [ -38.24062, -12.79941, 0.0 ], [ -38.24051, -12.79935, 0.0 ], [ -38.24032, -12.79918, 0.0 ], [ -38.24014, -12.79907, 0.0 ], [ -38.23994, -12.79899, 0.0 ], [ -38.23978, -12.7989, 0.0 ], [ -38.23957, -12.79872, 0.0 ], [ -38.23931, -12.7985, 0.0 ], [ -38.23901, -12.79821, 0.0 ], [ -38.23866, -12.79786, 0.0 ], [ -38.23852, -12.79771, 0.0 ], [ -38.23835, -12.79755, 0.0 ], [ -38.23822, -12.79747, 0.0 ], [ -38.23801, -12.79741, 0.0 ], [ -38.23788, -12.7974, 0.0 ], [ -38.23775, -12.79739, 0.0 ], [ -38.23761, -12.79734, 0.0 ], [ -38.23744, -12.79723, 0.0 ], [ -38.23723, -12.79708, 0.0 ], [ -38.2371, -12.79702, 0.0 ], [ -38.23701, -12.797, 0.0 ], [ -38.23694, -12.79703, 0.0 ], [ -38.23686, -12.7971, 0.0 ], [ -38.23676, -12.79712, 0.0 ], [ -38.23666, -12.79713, 0.0 ], [ -38.23655, -12.7971, 0.0 ], [ -38.23645, -12.79705, 0.0 ], [ -38.23634, -12.79705, 0.0 ], [ -38.23613, -12.7971, 0.0 ], [ -38.23595, -12.79714, 0.0 ], [ -38.23585, -12.79713, 0.0 ], [ -38.23573, -12.79709, 0.0 ], [ -38.23564, -12.79698, 0.0 ], [ -38.23556, -12.79687, 0.0 ], [ -38.23539, -12.79678, 0.0 ], [ -38.23517, -12.79673, 0.0 ], [ -38.23493, -12.79679, 0.0 ], [ -38.23471, -12.79691, 0.0 ], [ -38.2345, -12.79694, 0.0 ], [ -38.23436, -12.79692, 0.0 ], [ -38.23422, -12.79685, 0.0 ], [ -38.23398, -12.79668, 0.0 ], [ -38.23397, -12.79667, 0.0 ], [ -38.23369, -12.79654, 0.0 ], [ -38.23327, -12.79642, 0.0 ], [ -38.23285, -12.7963, 0.0 ], [ -38.23263, -12.79626, 0.0 ], [ -38.23235, -12.79623, 0.0 ], [ -38.23217, -12.79619, 0.0 ], [ -38.23203, -12.79618, 0.0 ], [ -38.2319, -12.79621, 0.0 ], [ -38.23183, -12.79625, 0.0 ], [ -38.23181, -12.79634, 0.0 ], [ -38.23185, -12.79644, 0.0 ], [ -38.23203, -12.79663, 0.0 ], [ -38.23212, -12.7968, 0.0 ], [ -38.23216, -12.79709, 0.0 ], [ -38.23214, -12.79729, 0.0 ], [ -38.23214, -12.79728, 0.0 ], [ -38.2322, -12.79727, 0.0 ], [ -38.23226, -12.79727, 0.0 ], [ -38.23237, -12.79742, 0.0 ], [ -38.23242, -12.79752, 0.0 ], [ -38.23249, -12.7976, 0.0 ], [ -38.23257, -12.79774, 0.0 ], [ -38.23259, -12.79776, 0.0 ], [ -38.2326, -12.79778, 0.0 ], [ -38.23266, -12.79782, 0.0 ], [ -38.23278, -12.79785, 0.0 ], [ -38.23288, -12.79781, 0.0 ], [ -38.23292, -12.79776, 0.0 ], [ -38.23296, -12.79768, 0.0 ], [ -38.23298, -12.7976, 0.0 ], [ -38.233, -12.79753, 0.0 ], [ -38.23305, -12.79743, 0.0 ], [ -38.23308, -12.79736, 0.0 ], [ -38.23313, -12.79734, 0.0 ], [ -38.23324, -12.7973, 0.0 ], [ -38.23339, -12.79728, 0.0 ], [ -38.23345, -12.79728, 0.0 ], [ -38.23353, -12.79732, 0.0 ], [ -38.23361, -12.79736, 0.0 ], [ -38.23368, -12.79747, 0.0 ], [ -38.23374, -12.79755, 0.0 ], [ -38.23384, -12.79766, 0.0 ], [ -38.23386, -12.79777, 0.0 ], [ -38.23386, -12.79791, 0.0 ], [ -38.23381, -12.79802, 0.0 ], [ -38.23373, -12.79812, 0.0 ], [ -38.23361, -12.79822, 0.0 ], [ -38.23348, -12.79832, 0.0 ], [ -38.23341, -12.79839, 0.0 ], [ -38.23339, -12.79852, 0.0 ], [ -38.23342, -12.79867, 0.0 ], [ -38.23352, -12.79885, 0.0 ], [ -38.23359, -12.79896, 0.0 ], [ -38.23335, -12.79931, 0.0 ], [ -38.23303, -12.79984, 0.0 ], [ -38.23291, -12.80006, 0.0 ], [ -38.23123, -12.79915, 0.0 ], [ -38.23116, -12.79907, 0.0 ], [ -38.23111, -12.79903, 0.0 ], [ -38.2311, -12.79893, 0.0 ], [ -38.23111, -12.79886, 0.0 ], [ -38.23122, -12.7987, 0.0 ], [ -38.23123, -12.79861, 0.0 ], [ -38.23119, -12.79856, 0.0 ], [ -38.23117, -12.79855, 0.0 ], [ -38.2311, -12.79846, 0.0 ], [ -38.23107, -12.79844, 0.0 ], [ -38.23098, -12.79837, 0.0 ], [ -38.23093, -12.79824, 0.0 ], [ -38.23087, -12.79815, 0.0 ], [ -38.23084, -12.79802, 0.0 ], [ -38.23082, -12.79788, 0.0 ], [ -38.23084, -12.79774, 0.0 ], [ -38.23084, -12.79772, 0.0 ], [ -38.23074, -12.79776, 0.0 ], [ -38.23041, -12.7979, 0.0 ], [ -38.23015, -12.79796, 0.0 ], [ -38.22982, -12.79798, 0.0 ], [ -38.22963, -12.79793, 0.0 ], [ -38.22952, -12.79782, 0.0 ], [ -38.22947, -12.79774, 0.0 ], [ -38.22942, -12.79764, 0.0 ], [ -38.22936, -12.79762, 0.0 ], [ -38.22926, -12.79764, 0.0 ], [ -38.22917, -12.79773, 0.0 ], [ -38.22911, -12.79782, 0.0 ], [ -38.22903, -12.79788, 0.0 ], [ -38.22902, -12.79788, 0.0 ], [ -38.2289, -12.79796, 0.0 ], [ -38.22881, -12.79799, 0.0 ], [ -38.22873, -12.79799, 0.0 ], [ -38.22861, -12.79798, 0.0 ], [ -38.22847, -12.79796, 0.0 ], [ -38.2283, -12.79793, 0.0 ], [ -38.22814, -12.79793, 0.0 ], [ -38.22796, -12.79793, 0.0 ], [ -38.22784, -12.79791, 0.0 ], [ -38.22777, -12.79786, 0.0 ], [ -38.22767, -12.79777, 0.0 ], [ -38.22763, -12.79771, 0.0 ], [ -38.22757, -12.79758, 0.0 ], [ -38.22749, -12.79745, 0.0 ], [ -38.22741, -12.79726, 0.0 ], [ -38.22731, -12.797, 0.0 ], [ -38.22728, -12.79687, 0.0 ], [ -38.22725, -12.79668, 0.0 ], [ -38.22722, -12.79646, 0.0 ], [ -38.22718, -12.79633, 0.0 ], [ -38.22712, -12.79613, 0.0 ], [ -38.22701, -12.79594, 0.0 ], [ -38.22694, -12.79581, 0.0 ], [ -38.22691, -12.79575, 0.0 ], [ -38.22691, -12.79569, 0.0 ], [ -38.22692, -12.79563, 0.0 ], [ -38.22696, -12.79558, 0.0 ], [ -38.22703, -12.79553, 0.0 ], [ -38.2271, -12.79547, 0.0 ], [ -38.22712, -12.79542, 0.0 ], [ -38.22714, -12.79534, 0.0 ], [ -38.22711, -12.79523, 0.0 ], [ -38.22707, -12.79505, 0.0 ], [ -38.22699, -12.79484, 0.0 ], [ -38.22693, -12.79474, 0.0 ], [ -38.22678, -12.79461, 0.0 ], [ -38.22674, -12.79452, 0.0 ], [ -38.22674, -12.79438, 0.0 ], [ -38.22678, -12.79416, 0.0 ], [ -38.22676, -12.79408, 0.0 ], [ -38.22673, -12.79402, 0.0 ], [ -38.22665, -12.79391, 0.0 ], [ -38.22661, -12.79379, 0.0 ], [ -38.22655, -12.79368, 0.0 ], [ -38.22651, -12.79359, 0.0 ], [ -38.22644, -12.79353, 0.0 ], [ -38.22638, -12.79345, 0.0 ], [ -38.22628, -12.79329, 0.0 ], [ -38.22623, -12.79322, 0.0 ], [ -38.22615, -12.79312, 0.0 ], [ -38.22612, -12.79306, 0.0 ], [ -38.22609, -12.79301, 0.0 ], [ -38.22609, -12.79297, 0.0 ], [ -38.22605, -12.79294, 0.0 ], [ -38.22603, -12.79293, 0.0 ], [ -38.22596, -12.79292, 0.0 ], [ -38.22572, -12.7929, 0.0 ], [ -38.22564, -12.79292, 0.0 ], [ -38.22559, -12.79297, 0.0 ], [ -38.22557, -12.79301, 0.0 ], [ -38.22553, -12.79307, 0.0 ], [ -38.22549, -12.7931, 0.0 ], [ -38.22541, -12.79316, 0.0 ], [ -38.22532, -12.79321, 0.0 ], [ -38.22526, -12.79326, 0.0 ], [ -38.22521, -12.79333, 0.0 ], [ -38.22518, -12.7934, 0.0 ], [ -38.22515, -12.79351, 0.0 ], [ -38.22514, -12.7936, 0.0 ], [ -38.22514, -12.79367, 0.0 ], [ -38.22514, -12.79377, 0.0 ], [ -38.22515, -12.79387, 0.0 ], [ -38.22515, -12.79405, 0.0 ], [ -38.22512, -12.79424, 0.0 ], [ -38.2251, -12.79434, 0.0 ], [ -38.22507, -12.79442, 0.0 ], [ -38.22503, -12.79452, 0.0 ], [ -38.22498, -12.79459, 0.0 ], [ -38.22492, -12.79466, 0.0 ], [ -38.22484, -12.79472, 0.0 ], [ -38.22476, -12.79476, 0.0 ], [ -38.22468, -12.79479, 0.0 ], [ -38.22447, -12.79483, 0.0 ], [ -38.22439, -12.79482, 0.0 ], [ -38.22432, -12.79476, 0.0 ], [ -38.22427, -12.79469, 0.0 ], [ -38.22422, -12.79457, 0.0 ], [ -38.22413, -12.79445, 0.0 ], [ -38.22404, -12.79433, 0.0 ], [ -38.22396, -12.79427, 0.0 ], [ -38.22376, -12.79418, 0.0 ], [ -38.22367, -12.79414, 0.0 ], [ -38.22357, -12.7941, 0.0 ], [ -38.22353, -12.79411, 0.0 ], [ -38.22346, -12.79411, 0.0 ], [ -38.22338, -12.79415, 0.0 ], [ -38.22331, -12.79421, 0.0 ], [ -38.22326, -12.79426, 0.0 ], [ -38.22316, -12.79441, 0.0 ], [ -38.22305, -12.79456, 0.0 ], [ -38.22298, -12.79464, 0.0 ], [ -38.22293, -12.79467, 0.0 ], [ -38.22288, -12.79468, 0.0 ], [ -38.22286, -12.79468, 0.0 ], [ -38.22278, -12.79466, 0.0 ], [ -38.22269, -12.79463, 0.0 ], [ -38.22253, -12.79456, 0.0 ], [ -38.22236, -12.79448, 0.0 ], [ -38.22229, -12.79444, 0.0 ], [ -38.22221, -12.79442, 0.0 ], [ -38.2221, -12.79438, 0.0 ], [ -38.22206, -12.79437, 0.0 ], [ -38.22203, -12.79437, 0.0 ], [ -38.222, -12.79439, 0.0 ], [ -38.22196, -12.7944, 0.0 ], [ -38.22193, -12.79441, 0.0 ], [ -38.22189, -12.7944, 0.0 ], [ -38.22185, -12.7944, 0.0 ], [ -38.22179, -12.79436, 0.0 ], [ -38.22172, -12.79432, 0.0 ], [ -38.2216, -12.79424, 0.0 ], [ -38.22139, -12.79409, 0.0 ], [ -38.22118, -12.79397, 0.0 ], [ -38.22094, -12.79387, 0.0 ], [ -38.2208, -12.79382, 0.0 ], [ -38.22064, -12.7938, 0.0 ], [ -38.22058, -12.79381, 0.0 ], [ -38.22052, -12.79387, 0.0 ], [ -38.22046, -12.79394, 0.0 ], [ -38.22043, -12.79404, 0.0 ], [ -38.22042, -12.79415, 0.0 ], [ -38.2204, -12.79424, 0.0 ], [ -38.22036, -12.79434, 0.0 ], [ -38.2203, -12.79443, 0.0 ], [ -38.22026, -12.79451, 0.0 ], [ -38.22025, -12.79458, 0.0 ], [ -38.22025, -12.79469, 0.0 ], [ -38.22027, -12.7948, 0.0 ], [ -38.22032, -12.79492, 0.0 ], [ -38.22041, -12.79508, 0.0 ], [ -38.22051, -12.79527, 0.0 ], [ -38.22062, -12.7955, 0.0 ], [ -38.2207, -12.79563, 0.0 ], [ -38.22078, -12.79574, 0.0 ], [ -38.22086, -12.79582, 0.0 ], [ -38.221, -12.79595, 0.0 ], [ -38.22109, -12.79605, 0.0 ], [ -38.22114, -12.79614, 0.0 ], [ -38.22124, -12.79633, 0.0 ], [ -38.22133, -12.79647, 0.0 ], [ -38.2214, -12.79656, 0.0 ], [ -38.22151, -12.79668, 0.0 ], [ -38.22155, -12.79673, 0.0 ], [ -38.22157, -12.79676, 0.0 ], [ -38.22156, -12.79679, 0.0 ], [ -38.22156, -12.79683, 0.0 ], [ -38.22157, -12.79687, 0.0 ], [ -38.22157, -12.7969, 0.0 ], [ -38.22157, -12.79692, 0.0 ], [ -38.22155, -12.79692, 0.0 ], [ -38.22154, -12.79692, 0.0 ], [ -38.2215, -12.79688, 0.0 ], [ -38.22142, -12.7968, 0.0 ], [ -38.22137, -12.79673, 0.0 ], [ -38.22134, -12.79668, 0.0 ], [ -38.22126, -12.79653, 0.0 ], [ -38.22114, -12.79636, 0.0 ], [ -38.22099, -12.79618, 0.0 ], [ -38.22082, -12.79603, 0.0 ], [ -38.22061, -12.79591, 0.0 ], [ -38.22053, -12.79584, 0.0 ], [ -38.2205, -12.79579, 0.0 ], [ -38.22049, -12.79571, 0.0 ], [ -38.22049, -12.7956, 0.0 ], [ -38.22049, -12.79548, 0.0 ], [ -38.22048, -12.79541, 0.0 ], [ -38.22044, -12.79533, 0.0 ], [ -38.22035, -12.7952, 0.0 ], [ -38.22024, -12.7951, 0.0 ], [ -38.22015, -12.79501, 0.0 ], [ -38.22008, -12.79491, 0.0 ], [ -38.22004, -12.7948, 0.0 ], [ -38.22001, -12.7947, 0.0 ], [ -38.22, -12.7946, 0.0 ], [ -38.22003, -12.79448, 0.0 ], [ -38.22004, -12.7944, 0.0 ], [ -38.22009, -12.79429, 0.0 ], [ -38.22012, -12.79419, 0.0 ], [ -38.22016, -12.79398, 0.0 ], [ -38.22019, -12.79384, 0.0 ], [ -38.2202, -12.79373, 0.0 ], [ -38.2202, -12.79358, 0.0 ], [ -38.2202, -12.79347, 0.0 ], [ -38.2202, -12.79347, 0.0 ], [ -38.22018, -12.7933, 0.0 ], [ -38.22014, -12.79307, 0.0 ], [ -38.22012, -12.793, 0.0 ], [ -38.22009, -12.7929, 0.0 ], [ -38.22004, -12.79282, 0.0 ], [ -38.21997, -12.79271, 0.0 ], [ -38.21989, -12.79261, 0.0 ], [ -38.21982, -12.79254, 0.0 ], [ -38.21974, -12.79247, 0.0 ], [ -38.21967, -12.79242, 0.0 ], [ -38.2196, -12.79239, 0.0 ], [ -38.21949, -12.79235, 0.0 ], [ -38.21942, -12.79233, 0.0 ], [ -38.21933, -12.79234, 0.0 ], [ -38.21919, -12.79234, 0.0 ], [ -38.21905, -12.79237, 0.0 ], [ -38.21886, -12.7924, 0.0 ], [ -38.21871, -12.79243, 0.0 ], [ -38.21859, -12.79245, 0.0 ], [ -38.21848, -12.79245, 0.0 ], [ -38.21836, -12.79245, 0.0 ], [ -38.21831, -12.79245, 0.0 ], [ -38.21827, -12.79243, 0.0 ], [ -38.21822, -12.79241, 0.0 ], [ -38.21817, -12.79237, 0.0 ], [ -38.21811, -12.79232, 0.0 ], [ -38.21805, -12.79229, 0.0 ], [ -38.21799, -12.79226, 0.0 ], [ -38.21794, -12.79225, 0.0 ], [ -38.2179, -12.79225, 0.0 ], [ -38.21782, -12.79228, 0.0 ], [ -38.21778, -12.7923, 0.0 ], [ -38.21773, -12.79233, 0.0 ], [ -38.21769, -12.79235, 0.0 ], [ -38.21765, -12.79235, 0.0 ], [ -38.21759, -12.79235, 0.0 ], [ -38.21752, -12.79233, 0.0 ], [ -38.21748, -12.79232, 0.0 ], [ -38.21741, -12.79228, 0.0 ], [ -38.21733, -12.79224, 0.0 ], [ -38.21728, -12.79222, 0.0 ], [ -38.21717, -12.7922, 0.0 ], [ -38.21705, -12.79217, 0.0 ], [ -38.21695, -12.79213, 0.0 ], [ -38.21688, -12.79209, 0.0 ], [ -38.21682, -12.79204, 0.0 ], [ -38.2167, -12.79195, 0.0 ], [ -38.21661, -12.79188, 0.0 ], [ -38.21655, -12.79184, 0.0 ], [ -38.21649, -12.7918, 0.0 ], [ -38.21644, -12.79175, 0.0 ], [ -38.21642, -12.79171, 0.0 ], [ -38.21641, -12.79166, 0.0 ], [ -38.21641, -12.7916, 0.0 ], [ -38.21641, -12.79157, 0.0 ], [ -38.2164, -12.79154, 0.0 ], [ -38.21638, -12.79148, 0.0 ], [ -38.21636, -12.79143, 0.0 ], [ -38.21632, -12.79138, 0.0 ], [ -38.21626, -12.79134, 0.0 ], [ -38.21619, -12.7913, 0.0 ], [ -38.21615, -12.79126, 0.0 ], [ -38.21611, -12.79123, 0.0 ], [ -38.21608, -12.79118, 0.0 ], [ -38.21606, -12.79114, 0.0 ], [ -38.21605, -12.7911, 0.0 ], [ -38.21604, -12.79104, 0.0 ], [ -38.21604, -12.79097, 0.0 ], [ -38.21606, -12.79092, 0.0 ], [ -38.21609, -12.79087, 0.0 ], [ -38.21613, -12.79083, 0.0 ], [ -38.21622, -12.79079, 0.0 ], [ -38.2163, -12.79075, 0.0 ], [ -38.21638, -12.79068, 0.0 ], [ -38.21648, -12.79058, 0.0 ], [ -38.21658, -12.79045, 0.0 ], [ -38.21668, -12.79036, 0.0 ], [ -38.21678, -12.79027, 0.0 ], [ -38.21689, -12.79017, 0.0 ], [ -38.21699, -12.79008, 0.0 ], [ -38.21707, -12.79005, 0.0 ], [ -38.21716, -12.79003, 0.0 ], [ -38.21727, -12.79002, 0.0 ], [ -38.21735, -12.79005, 0.0 ], [ -38.21744, -12.79011, 0.0 ], [ -38.21751, -12.79015, 0.0 ], [ -38.21765, -12.7902, 0.0 ], [ -38.21779, -12.7902, 0.0 ], [ -38.21796, -12.79019, 0.0 ], [ -38.21811, -12.79017, 0.0 ], [ -38.21826, -12.79017, 0.0 ], [ -38.21846, -12.79013, 0.0 ], [ -38.21853, -12.79009, 0.0 ], [ -38.21862, -12.79006, 0.0 ], [ -38.2187, -12.79005, 0.0 ], [ -38.21885, -12.79006, 0.0 ], [ -38.21895, -12.79006, 0.0 ], [ -38.21912, -12.79005, 0.0 ], [ -38.21923, -12.79006, 0.0 ], [ -38.21943, -12.79015, 0.0 ], [ -38.21964, -12.79023, 0.0 ], [ -38.21979, -12.79024, 0.0 ], [ -38.21988, -12.79024, 0.0 ], [ -38.22003, -12.79021, 0.0 ], [ -38.22011, -12.79022, 0.0 ], [ -38.22021, -12.79026, 0.0 ], [ -38.2203, -12.79026, 0.0 ], [ -38.2204, -12.79024, 0.0 ], [ -38.22056, -12.79016, 0.0 ], [ -38.22072, -12.79004, 0.0 ], [ -38.22086, -12.7899, 0.0 ], [ -38.22101, -12.78973, 0.0 ], [ -38.22111, -12.78959, 0.0 ], [ -38.22118, -12.78946, 0.0 ], [ -38.22124, -12.7893, 0.0 ], [ -38.22127, -12.78902, 0.0 ], [ -38.22125, -12.78875, 0.0 ], [ -38.22123, -12.78856, 0.0 ], [ -38.22119, -12.78837, 0.0 ], [ -38.22109, -12.78813, 0.0 ], [ -38.22105, -12.78805, 0.0 ], [ -38.22106, -12.78799, 0.0 ], [ -38.22106, -12.78792, 0.0 ], [ -38.22109, -12.78785, 0.0 ], [ -38.22116, -12.78776, 0.0 ], [ -38.22122, -12.78765, 0.0 ], [ -38.22123, -12.7876, 0.0 ], [ -38.22124, -12.78755, 0.0 ], [ -38.22121, -12.78745, 0.0 ], [ -38.22114, -12.78727, 0.0 ], [ -38.22111, -12.78715, 0.0 ], [ -38.2211, -12.78707, 0.0 ], [ -38.22109, -12.7869, 0.0 ], [ -38.22108, -12.78677, 0.0 ], [ -38.22105, -12.78662, 0.0 ], [ -38.22095, -12.78642, 0.0 ], [ -38.22088, -12.78633, 0.0 ], [ -38.22076, -12.78627, 0.0 ], [ -38.22064, -12.78623, 0.0 ], [ -38.22054, -12.78622, 0.0 ], [ -38.2204, -12.78625, 0.0 ], [ -38.2203, -12.78626, 0.0 ], [ -38.22017, -12.78625, 0.0 ], [ -38.22008, -12.78624, 0.0 ], [ -38.21993, -12.78621, 0.0 ], [ -38.21981, -12.78616, 0.0 ], [ -38.21972, -12.78612, 0.0 ], [ -38.21964, -12.78605, 0.0 ], [ -38.21955, -12.78596, 0.0 ], [ -38.21948, -12.78589, 0.0 ], [ -38.21942, -12.78586, 0.0 ], [ -38.21934, -12.78585, 0.0 ], [ -38.21924, -12.78589, 0.0 ], [ -38.21917, -12.78593, 0.0 ], [ -38.21913, -12.78597, 0.0 ], [ -38.2191, -12.78602, 0.0 ], [ -38.21906, -12.78608, 0.0 ], [ -38.21903, -12.78611, 0.0 ], [ -38.219, -12.78612, 0.0 ], [ -38.21898, -12.78612, 0.0 ], [ -38.21895, -12.7861, 0.0 ], [ -38.21894, -12.78605, 0.0 ], [ -38.21894, -12.78598, 0.0 ], [ -38.21895, -12.78588, 0.0 ], [ -38.21894, -12.78576, 0.0 ], [ -38.21894, -12.78563, 0.0 ], [ -38.21895, -12.78554, 0.0 ], [ -38.21898, -12.78545, 0.0 ], [ -38.21907, -12.78531, 0.0 ], [ -38.21919, -12.78506, 0.0 ], [ -38.21932, -12.78482, 0.0 ], [ -38.21936, -12.78482, 0.0 ], [ -38.2194, -12.78482, 0.0 ], [ -38.21942, -12.78487, 0.0 ], [ -38.21941, -12.7849, 0.0 ], [ -38.21938, -12.78501, 0.0 ], [ -38.21933, -12.7851, 0.0 ], [ -38.21923, -12.78525, 0.0 ], [ -38.2192, -12.78533, 0.0 ], [ -38.21921, -12.7854, 0.0 ], [ -38.21924, -12.78546, 0.0 ], [ -38.21929, -12.78557, 0.0 ], [ -38.21937, -12.78568, 0.0 ], [ -38.21945, -12.78575, 0.0 ], [ -38.21961, -12.7859, 0.0 ], [ -38.21973, -12.78599, 0.0 ], [ -38.21982, -12.78605, 0.0 ], [ -38.21992, -12.78607, 0.0 ], [ -38.22, -12.78609, 0.0 ], [ -38.22011, -12.78612, 0.0 ], [ -38.22019, -12.78613, 0.0 ], [ -38.22028, -12.7861, 0.0 ], [ -38.22034, -12.78608, 0.0 ], [ -38.2204, -12.78609, 0.0 ], [ -38.22045, -12.78609, 0.0 ], [ -38.22056, -12.78612, 0.0 ], [ -38.22062, -12.78611, 0.0 ], [ -38.22066, -12.78611, 0.0 ], [ -38.22069, -12.78606, 0.0 ], [ -38.22069, -12.78601, 0.0 ], [ -38.22067, -12.78597, 0.0 ], [ -38.22061, -12.78577, 0.0 ], [ -38.2206, -12.78566, 0.0 ], [ -38.22063, -12.78554, 0.0 ], [ -38.22069, -12.78542, 0.0 ], [ -38.22073, -12.78526, 0.0 ], [ -38.22078, -12.78492, 0.0 ], [ -38.22073, -12.78459, 0.0 ], [ -38.22062, -12.78436, 0.0 ], [ -38.2206, -12.78421, 0.0 ], [ -38.22048, -12.78385, 0.0 ], [ -38.22034, -12.78358, 0.0 ], [ -38.22028, -12.78338, 0.0 ], [ -38.22021, -12.78322, 0.0 ], [ -38.22011, -12.78304, 0.0 ], [ -38.22001, -12.7829, 0.0 ], [ -38.21984, -12.78269, 0.0 ], [ -38.21965, -12.78249, 0.0 ], [ -38.21943, -12.78238, 0.0 ], [ -38.21927, -12.78234, 0.0 ], [ -38.21889, -12.78229, 0.0 ], [ -38.2186, -12.78228, 0.0 ], [ -38.21845, -12.78228, 0.0 ], [ -38.21838, -12.78229, 0.0 ], [ -38.21835, -12.78234, 0.0 ], [ -38.21831, -12.78246, 0.0 ], [ -38.21827, -12.78258, 0.0 ], [ -38.21817, -12.78274, 0.0 ], [ -38.21808, -12.78286, 0.0 ], [ -38.21799, -12.78294, 0.0 ], [ -38.21791, -12.78301, 0.0 ], [ -38.21776, -12.78309, 0.0 ], [ -38.21765, -12.78315, 0.0 ], [ -38.21751, -12.78319, 0.0 ], [ -38.21738, -12.78322, 0.0 ], [ -38.21731, -12.78323, 0.0 ], [ -38.21723, -12.78327, 0.0 ], [ -38.21718, -12.78331, 0.0 ], [ -38.21715, -12.78336, 0.0 ], [ -38.21715, -12.78342, 0.0 ], [ -38.21717, -12.78346, 0.0 ], [ -38.21726, -12.78354, 0.0 ], [ -38.21735, -12.7836, 0.0 ], [ -38.21741, -12.78366, 0.0 ], [ -38.21742, -12.78368, 0.0 ], [ -38.21739, -12.78373, 0.0 ], [ -38.21737, -12.78376, 0.0 ], [ -38.21732, -12.78374, 0.0 ], [ -38.21718, -12.78368, 0.0 ], [ -38.21708, -12.78361, 0.0 ], [ -38.21701, -12.78355, 0.0 ], [ -38.21694, -12.78349, 0.0 ], [ -38.21679, -12.78341, 0.0 ], [ -38.21664, -12.78334, 0.0 ], [ -38.21653, -12.78331, 0.0 ], [ -38.21643, -12.78331, 0.0 ], [ -38.21633, -12.78334, 0.0 ], [ -38.21621, -12.78337, 0.0 ], [ -38.21615, -12.78338, 0.0 ], [ -38.21606, -12.78338, 0.0 ], [ -38.21597, -12.78337, 0.0 ], [ -38.21581, -12.78333, 0.0 ], [ -38.21567, -12.78331, 0.0 ], [ -38.21559, -12.78331, 0.0 ], [ -38.21546, -12.78333, 0.0 ], [ -38.21535, -12.78337, 0.0 ], [ -38.2152, -12.78344, 0.0 ], [ -38.2151, -12.78349, 0.0 ], [ -38.21501, -12.78357, 0.0 ], [ -38.21484, -12.78371, 0.0 ], [ -38.21471, -12.78382, 0.0 ], [ -38.2146, -12.78391, 0.0 ], [ -38.21452, -12.78398, 0.0 ], [ -38.21443, -12.78407, 0.0 ], [ -38.21437, -12.78415, 0.0 ], [ -38.21432, -12.78421, 0.0 ], [ -38.21429, -12.78431, 0.0 ], [ -38.21429, -12.78442, 0.0 ], [ -38.2143, -12.78447, 0.0 ], [ -38.21429, -12.78451, 0.0 ], [ -38.21428, -12.78454, 0.0 ], [ -38.21424, -12.78461, 0.0 ], [ -38.21419, -12.78465, 0.0 ], [ -38.21415, -12.78466, 0.0 ], [ -38.21407, -12.78465, 0.0 ], [ -38.214, -12.78466, 0.0 ], [ -38.2139, -12.78469, 0.0 ], [ -38.21381, -12.78474, 0.0 ], [ -38.21366, -12.78483, 0.0 ], [ -38.21343, -12.78499, 0.0 ], [ -38.21335, -12.78505, 0.0 ], [ -38.21326, -12.78509, 0.0 ], [ -38.21318, -12.78513, 0.0 ], [ -38.21314, -12.78516, 0.0 ], [ -38.21309, -12.7852, 0.0 ], [ -38.21297, -12.78535, 0.0 ], [ -38.21283, -12.78547, 0.0 ], [ -38.21267, -12.78559, 0.0 ], [ -38.21253, -12.78569, 0.0 ], [ -38.21238, -12.78576, 0.0 ], [ -38.21219, -12.7858, 0.0 ], [ -38.21202, -12.78582, 0.0 ], [ -38.21188, -12.78587, 0.0 ], [ -38.2118, -12.78591, 0.0 ], [ -38.21169, -12.78598, 0.0 ], [ -38.21151, -12.78608, 0.0 ], [ -38.21136, -12.78614, 0.0 ], [ -38.21117, -12.78619, 0.0 ], [ -38.21102, -12.78623, 0.0 ], [ -38.21097, -12.78622, 0.0 ], [ -38.21092, -12.78619, 0.0 ], [ -38.21089, -12.78611, 0.0 ], [ -38.21089, -12.78606, 0.0 ], [ -38.2109, -12.78596, 0.0 ], [ -38.21089, -12.78588, 0.0 ], [ -38.21082, -12.78582, 0.0 ], [ -38.21067, -12.78574, 0.0 ], [ -38.21056, -12.78572, 0.0 ], [ -38.2104, -12.78568, 0.0 ], [ -38.21032, -12.78562, 0.0 ], [ -38.21026, -12.78556, 0.0 ], [ -38.21021, -12.78552, 0.0 ], [ -38.21015, -12.7855, 0.0 ], [ -38.21004, -12.78549, 0.0 ], [ -38.20993, -12.78547, 0.0 ], [ -38.20987, -12.78544, 0.0 ], [ -38.20983, -12.78537, 0.0 ], [ -38.20981, -12.78528, 0.0 ], [ -38.20981, -12.78521, 0.0 ], [ -38.20981, -12.7851, 0.0 ], [ -38.20978, -12.78501, 0.0 ], [ -38.20972, -12.78489, 0.0 ], [ -38.20964, -12.78475, 0.0 ], [ -38.20962, -12.78468, 0.0 ], [ -38.2096, -12.78454, 0.0 ], [ -38.20957, -12.78448, 0.0 ], [ -38.20951, -12.78442, 0.0 ], [ -38.20944, -12.78439, 0.0 ], [ -38.20931, -12.78431, 0.0 ], [ -38.20923, -12.78425, 0.0 ], [ -38.20912, -12.78412, 0.0 ], [ -38.20909, -12.78405, 0.0 ], [ -38.20905, -12.78392, 0.0 ], [ -38.20905, -12.78384, 0.0 ], [ -38.20905, -12.78374, 0.0 ], [ -38.20906, -12.78365, 0.0 ], [ -38.20908, -12.78353, 0.0 ], [ -38.20911, -12.78328, 0.0 ], [ -38.20913, -12.78316, 0.0 ], [ -38.20916, -12.78277, 0.0 ], [ -38.20917, -12.78261, 0.0 ], [ -38.20916, -12.7825, 0.0 ], [ -38.20915, -12.7824, 0.0 ], [ -38.20913, -12.78232, 0.0 ], [ -38.20912, -12.7822, 0.0 ], [ -38.20911, -12.78216, 0.0 ], [ -38.20909, -12.78213, 0.0 ], [ -38.20905, -12.7821, 0.0 ], [ -38.209, -12.7821, 0.0 ], [ -38.20896, -12.7821, 0.0 ], [ -38.20891, -12.78212, 0.0 ], [ -38.20887, -12.78212, 0.0 ], [ -38.20882, -12.7821, 0.0 ], [ -38.20878, -12.78208, 0.0 ], [ -38.20872, -12.78203, 0.0 ], [ -38.20866, -12.78198, 0.0 ], [ -38.20861, -12.78195, 0.0 ], [ -38.20856, -12.78194, 0.0 ], [ -38.20846, -12.78193, 0.0 ], [ -38.20833, -12.78192, 0.0 ], [ -38.20822, -12.78193, 0.0 ], [ -38.20809, -12.78196, 0.0 ], [ -38.20792, -12.78204, 0.0 ], [ -38.20776, -12.7821, 0.0 ], [ -38.20766, -12.78213, 0.0 ], [ -38.20754, -12.78216, 0.0 ], [ -38.20742, -12.78216, 0.0 ], [ -38.20732, -12.78215, 0.0 ], [ -38.20712, -12.7821, 0.0 ], [ -38.20702, -12.78207, 0.0 ], [ -38.20694, -12.78203, 0.0 ], [ -38.20685, -12.78198, 0.0 ], [ -38.20677, -12.78193, 0.0 ], [ -38.20669, -12.78186, 0.0 ], [ -38.20658, -12.78176, 0.0 ], [ -38.20651, -12.7817, 0.0 ], [ -38.20645, -12.78164, 0.0 ], [ -38.2064, -12.78155, 0.0 ], [ -38.20639, -12.7815, 0.0 ], [ -38.20637, -12.78143, 0.0 ], [ -38.20636, -12.78138, 0.0 ], [ -38.20633, -12.78134, 0.0 ], [ -38.20628, -12.78128, 0.0 ], [ -38.20622, -12.78121, 0.0 ], [ -38.2062, -12.78113, 0.0 ], [ -38.20619, -12.78106, 0.0 ], [ -38.20618, -12.781, 0.0 ], [ -38.20613, -12.78091, 0.0 ], [ -38.20608, -12.78086, 0.0 ], [ -38.20605, -12.78081, 0.0 ], [ -38.20604, -12.78075, 0.0 ], [ -38.20604, -12.78072, 0.0 ], [ -38.20605, -12.78067, 0.0 ], [ -38.20607, -12.78061, 0.0 ], [ -38.20614, -12.78046, 0.0 ], [ -38.20619, -12.78034, 0.0 ], [ -38.20624, -12.78028, 0.0 ], [ -38.20627, -12.78024, 0.0 ], [ -38.20634, -12.78019, 0.0 ], [ -38.20643, -12.78015, 0.0 ], [ -38.20652, -12.78012, 0.0 ], [ -38.20661, -12.78009, 0.0 ], [ -38.20669, -12.78005, 0.0 ], [ -38.20676, -12.77998, 0.0 ], [ -38.20681, -12.77987, 0.0 ], [ -38.20682, -12.77981, 0.0 ], [ -38.20682, -12.77973, 0.0 ], [ -38.20679, -12.77964, 0.0 ], [ -38.20674, -12.77954, 0.0 ], [ -38.20667, -12.77941, 0.0 ], [ -38.20663, -12.77933, 0.0 ], [ -38.2066, -12.77926, 0.0 ], [ -38.20656, -12.77915, 0.0 ], [ -38.20655, -12.77905, 0.0 ], [ -38.20655, -12.77897, 0.0 ], [ -38.20655, -12.77892, 0.0 ], [ -38.20657, -12.77882, 0.0 ], [ -38.20658, -12.77875, 0.0 ], [ -38.20658, -12.77871, 0.0 ], [ -38.20655, -12.77865, 0.0 ], [ -38.20652, -12.77861, 0.0 ], [ -38.20647, -12.77859, 0.0 ], [ -38.20633, -12.77859, 0.0 ], [ -38.20625, -12.77857, 0.0 ], [ -38.20619, -12.77853, 0.0 ], [ -38.20612, -12.77847, 0.0 ], [ -38.20608, -12.7784, 0.0 ], [ -38.20598, -12.77833, 0.0 ], [ -38.2059, -12.77828, 0.0 ], [ -38.20588, -12.77823, 0.0 ], [ -38.20581, -12.77815, 0.0 ], [ -38.20576, -12.77815, 0.0 ], [ -38.2057, -12.77816, 0.0 ], [ -38.20567, -12.77819, 0.0 ], [ -38.20562, -12.77825, 0.0 ], [ -38.20558, -12.77825, 0.0 ], [ -38.20554, -12.77824, 0.0 ], [ -38.20551, -12.77819, 0.0 ], [ -38.20549, -12.77815, 0.0 ], [ -38.20544, -12.77812, 0.0 ], [ -38.20534, -12.77809, 0.0 ], [ -38.20529, -12.77803, 0.0 ], [ -38.20526, -12.77791, 0.0 ], [ -38.20526, -12.77784, 0.0 ], [ -38.20523, -12.77775, 0.0 ], [ -38.20511, -12.77759, 0.0 ], [ -38.20502, -12.77744, 0.0 ], [ -38.20482, -12.77716, 0.0 ], [ -38.20472, -12.77703, 0.0 ], [ -38.20461, -12.77692, 0.0 ], [ -38.20451, -12.77686, 0.0 ], [ -38.20443, -12.77674, 0.0 ], [ -38.20426, -12.77645, 0.0 ], [ -38.20407, -12.77618, 0.0 ], [ -38.20393, -12.77581, 0.0 ], [ -38.20386, -12.77565, 0.0 ], [ -38.20384, -12.77555, 0.0 ], [ -38.20386, -12.77546, 0.0 ], [ -38.20393, -12.77523, 0.0 ], [ -38.20396, -12.77512, 0.0 ], [ -38.20395, -12.77506, 0.0 ], [ -38.20391, -12.77504, 0.0 ], [ -38.20387, -12.77504, 0.0 ], [ -38.20383, -12.77505, 0.0 ], [ -38.20376, -12.77511, 0.0 ], [ -38.20373, -12.77511, 0.0 ], [ -38.20369, -12.7751, 0.0 ], [ -38.20366, -12.77506, 0.0 ], [ -38.20366, -12.77502, 0.0 ], [ -38.20366, -12.77495, 0.0 ], [ -38.20369, -12.77483, 0.0 ], [ -38.2037, -12.77471, 0.0 ], [ -38.20371, -12.77463, 0.0 ], [ -38.20374, -12.77458, 0.0 ], [ -38.20373, -12.77455, 0.0 ], [ -38.20371, -12.77444, 0.0 ], [ -38.20364, -12.77432, 0.0 ], [ -38.20364, -12.77419, 0.0 ], [ -38.20365, -12.77399, 0.0 ], [ -38.2037, -12.77382, 0.0 ], [ -38.20373, -12.77368, 0.0 ], [ -38.20379, -12.77358, 0.0 ], [ -38.20384, -12.7735, 0.0 ], [ -38.20392, -12.77334, 0.0 ], [ -38.20397, -12.77321, 0.0 ], [ -38.20401, -12.77306, 0.0 ], [ -38.20401, -12.77295, 0.0 ], [ -38.20399, -12.77284, 0.0 ], [ -38.20393, -12.7726, 0.0 ], [ -38.20384, -12.77235, 0.0 ], [ -38.20369, -12.77205, 0.0 ], [ -38.20352, -12.77178, 0.0 ], [ -38.20342, -12.77166, 0.0 ], [ -38.20329, -12.77158, 0.0 ], [ -38.20301, -12.77145, 0.0 ], [ -38.20263, -12.7713, 0.0 ], [ -38.20253, -12.77125, 0.0 ], [ -38.20243, -12.77119, 0.0 ], [ -38.20235, -12.77111, 0.0 ], [ -38.20224, -12.77105, 0.0 ], [ -38.20211, -12.77101, 0.0 ], [ -38.20198, -12.77096, 0.0 ], [ -38.20186, -12.77089, 0.0 ], [ -38.20178, -12.77082, 0.0 ], [ -38.20164, -12.77068, 0.0 ], [ -38.20154, -12.77058, 0.0 ], [ -38.20138, -12.77048, 0.0 ], [ -38.20094, -12.77025, 0.0 ], [ -38.2008, -12.77015, 0.0 ], [ -38.20074, -12.77011, 0.0 ], [ -38.20072, -12.77008, 0.0 ], [ -38.2007, -12.77001, 0.0 ], [ -38.2007, -12.76995, 0.0 ], [ -38.20075, -12.76987, 0.0 ], [ -38.20085, -12.7698, 0.0 ], [ -38.20091, -12.76974, 0.0 ], [ -38.20096, -12.76965, 0.0 ], [ -38.20099, -12.76955, 0.0 ], [ -38.20101, -12.76941, 0.0 ], [ -38.201, -12.76934, 0.0 ], [ -38.20097, -12.76928, 0.0 ], [ -38.20095, -12.76925, 0.0 ], [ -38.20086, -12.7692, 0.0 ], [ -38.20076, -12.76915, 0.0 ], [ -38.20069, -12.76906, 0.0 ], [ -38.20066, -12.76896, 0.0 ], [ -38.20065, -12.76882, 0.0 ], [ -38.20063, -12.7687, 0.0 ], [ -38.20064, -12.76869, 0.0 ], [ -38.20053, -12.76841, 0.0 ], [ -38.20041, -12.76814, 0.0 ], [ -38.20051, -12.76815, 0.0 ], [ -38.20065, -12.76821, 0.0 ], [ -38.20078, -12.76833, 0.0 ], [ -38.20097, -12.76854, 0.0 ], [ -38.20103, -12.76858, 0.0 ], [ -38.2011, -12.76856, 0.0 ], [ -38.20113, -12.76853, 0.0 ], [ -38.20114, -12.76851, 0.0 ], [ -38.20111, -12.76847, 0.0 ], [ -38.20102, -12.76838, 0.0 ], [ -38.20089, -12.76822, 0.0 ], [ -38.20073, -12.76807, 0.0 ], [ -38.20063, -12.76802, 0.0 ], [ -38.20054, -12.768, 0.0 ], [ -38.20044, -12.76801, 0.0 ], [ -38.20037, -12.76805, 0.0 ], [ -38.20027, -12.76806, 0.0 ], [ -38.20012, -12.76805, 0.0 ], [ -38.20002, -12.76802, 0.0 ], [ -38.19991, -12.76802, 0.0 ], [ -38.19977, -12.76804, 0.0 ], [ -38.19966, -12.76804, 0.0 ], [ -38.1995, -12.768, 0.0 ], [ -38.19924, -12.7679, 0.0 ], [ -38.19899, -12.76781, 0.0 ], [ -38.19882, -12.76771, 0.0 ], [ -38.1987, -12.76761, 0.0 ], [ -38.19862, -12.7675, 0.0 ], [ -38.19858, -12.7674, 0.0 ], [ -38.19856, -12.76729, 0.0 ], [ -38.19854, -12.76724, 0.0 ], [ -38.19849, -12.7672, 0.0 ], [ -38.19847, -12.76717, 0.0 ], [ -38.19847, -12.76715, 0.0 ], [ -38.19849, -12.76713, 0.0 ], [ -38.19853, -12.76711, 0.0 ], [ -38.19865, -12.76708, 0.0 ], [ -38.19868, -12.76705, 0.0 ], [ -38.19869, -12.76702, 0.0 ], [ -38.19869, -12.76698, 0.0 ], [ -38.19867, -12.76694, 0.0 ], [ -38.19858, -12.76688, 0.0 ], [ -38.19854, -12.7668, 0.0 ], [ -38.19854, -12.76673, 0.0 ], [ -38.19855, -12.76668, 0.0 ], [ -38.19858, -12.76661, 0.0 ], [ -38.19866, -12.76655, 0.0 ], [ -38.19881, -12.76644, 0.0 ], [ -38.19896, -12.76635, 0.0 ], [ -38.1991, -12.76629, 0.0 ], [ -38.19915, -12.76624, 0.0 ], [ -38.19914, -12.7662, 0.0 ], [ -38.19911, -12.76619, 0.0 ], [ -38.19903, -12.7662, 0.0 ], [ -38.19888, -12.76625, 0.0 ], [ -38.19879, -12.7663, 0.0 ], [ -38.19873, -12.76636, 0.0 ], [ -38.19867, -12.76639, 0.0 ], [ -38.19862, -12.76638, 0.0 ], [ -38.19859, -12.76633, 0.0 ], [ -38.19858, -12.76619, 0.0 ], [ -38.19853, -12.76606, 0.0 ], [ -38.19843, -12.76596, 0.0 ], [ -38.19831, -12.76585, 0.0 ], [ -38.19818, -12.76576, 0.0 ], [ -38.198, -12.76564, 0.0 ], [ -38.1979, -12.76557, 0.0 ], [ -38.19782, -12.7655, 0.0 ], [ -38.19774, -12.76544, 0.0 ], [ -38.19766, -12.76536, 0.0 ], [ -38.19756, -12.76531, 0.0 ], [ -38.19737, -12.7653, 0.0 ], [ -38.19704, -12.7653, 0.0 ], [ -38.19683, -12.76529, 0.0 ], [ -38.19663, -12.76526, 0.0 ], [ -38.19643, -12.76519, 0.0 ], [ -38.19623, -12.76509, 0.0 ], [ -38.19609, -12.76499, 0.0 ], [ -38.19599, -12.76489, 0.0 ], [ -38.19592, -12.76483, 0.0 ], [ -38.19577, -12.76473, 0.0 ], [ -38.19568, -12.76466, 0.0 ], [ -38.19561, -12.76457, 0.0 ], [ -38.19557, -12.76446, 0.0 ], [ -38.19557, -12.76437, 0.0 ], [ -38.1956, -12.76424, 0.0 ], [ -38.19564, -12.7642, 0.0 ], [ -38.19567, -12.76418, 0.0 ], [ -38.19573, -12.76419, 0.0 ], [ -38.19576, -12.76423, 0.0 ], [ -38.1958, -12.76427, 0.0 ], [ -38.19583, -12.76431, 0.0 ], [ -38.19587, -12.76433, 0.0 ], [ -38.19591, -12.76432, 0.0 ], [ -38.19594, -12.76429, 0.0 ], [ -38.196, -12.7643, 0.0 ], [ -38.19602, -12.76431, 0.0 ], [ -38.19605, -12.76439, 0.0 ], [ -38.19608, -12.76443, 0.0 ], [ -38.19611, -12.76443, 0.0 ], [ -38.19614, -12.7644, 0.0 ], [ -38.19615, -12.76436, 0.0 ], [ -38.19615, -12.76419, 0.0 ], [ -38.19614, -12.76412, 0.0 ], [ -38.1961, -12.76407, 0.0 ], [ -38.19607, -12.76406, 0.0 ], [ -38.19602, -12.76406, 0.0 ], [ -38.19599, -12.76404, 0.0 ], [ -38.19598, -12.764, 0.0 ], [ -38.19599, -12.76398, 0.0 ], [ -38.19601, -12.76391, 0.0 ], [ -38.19604, -12.76378, 0.0 ], [ -38.19608, -12.76365, 0.0 ], [ -38.1961, -12.76357, 0.0 ], [ -38.19616, -12.76348, 0.0 ], [ -38.19621, -12.76344, 0.0 ], [ -38.19629, -12.76342, 0.0 ], [ -38.19635, -12.76339, 0.0 ], [ -38.19638, -12.76332, 0.0 ], [ -38.1964, -12.7632, 0.0 ], [ -38.19641, -12.76312, 0.0 ], [ -38.19639, -12.763, 0.0 ], [ -38.19641, -12.76291, 0.0 ], [ -38.19643, -12.76282, 0.0 ], [ -38.19643, -12.76271, 0.0 ], [ -38.1964, -12.76261, 0.0 ], [ -38.19635, -12.76247, 0.0 ], [ -38.19631, -12.76234, 0.0 ], [ -38.19628, -12.76226, 0.0 ], [ -38.1962, -12.76204, 0.0 ], [ -38.19613, -12.76191, 0.0 ], [ -38.19599, -12.76171, 0.0 ], [ -38.19587, -12.76157, 0.0 ], [ -38.19569, -12.76131, 0.0 ], [ -38.1955, -12.76102, 0.0 ], [ -38.19541, -12.76083, 0.0 ], [ -38.19534, -12.76065, 0.0 ], [ -38.19525, -12.76037, 0.0 ], [ -38.19515, -12.76007, 0.0 ], [ -38.19508, -12.75987, 0.0 ], [ -38.19501, -12.75972, 0.0 ], [ -38.19487, -12.7595, 0.0 ], [ -38.19479, -12.75937, 0.0 ], [ -38.19472, -12.75925, 0.0 ], [ -38.19471, -12.75918, 0.0 ], [ -38.1947, -12.75909, 0.0 ], [ -38.19469, -12.75904, 0.0 ], [ -38.19463, -12.75897, 0.0 ], [ -38.19453, -12.75885, 0.0 ], [ -38.19445, -12.75871, 0.0 ], [ -38.19438, -12.75857, 0.0 ], [ -38.19434, -12.75847, 0.0 ], [ -38.19429, -12.75835, 0.0 ], [ -38.19425, -12.75823, 0.0 ], [ -38.19425, -12.75822, 0.0 ], [ -38.1942, -12.75812, 0.0 ], [ -38.19417, -12.75805, 0.0 ], [ -38.19408, -12.75792, 0.0 ], [ -38.19388, -12.75763, 0.0 ], [ -38.19375, -12.75742, 0.0 ], [ -38.19365, -12.75732, 0.0 ], [ -38.19357, -12.75721, 0.0 ], [ -38.19352, -12.75712, 0.0 ], [ -38.19349, -12.75702, 0.0 ], [ -38.19353, -12.7569, 0.0 ], [ -38.1936, -12.75669, 0.0 ], [ -38.1937, -12.75658, 0.0 ], [ -38.19377, -12.75653, 0.0 ], [ -38.19381, -12.75639, 0.0 ], [ -38.1939, -12.75633, 0.0 ], [ -38.19402, -12.75634, 0.0 ], [ -38.19416, -12.75638, 0.0 ], [ -38.19434, -12.75635, 0.0 ], [ -38.19458, -12.75639, 0.0 ], [ -38.19487, -12.75636, 0.0 ], [ -38.19513, -12.75625, 0.0 ], [ -38.19532, -12.75609, 0.0 ], [ -38.19539, -12.756, 0.0 ], [ -38.19536, -12.75589, 0.0 ], [ -38.19532, -12.7557, 0.0 ], [ -38.19528, -12.75556, 0.0 ], [ -38.19528, -12.7554, 0.0 ], [ -38.19533, -12.75524, 0.0 ], [ -38.19545, -12.75514, 0.0 ], [ -38.19553, -12.75505, 0.0 ], [ -38.19555, -12.75487, 0.0 ], [ -38.19559, -12.75468, 0.0 ], [ -38.19573, -12.75446, 0.0 ], [ -38.19586, -12.75435, 0.0 ], [ -38.19597, -12.75431, 0.0 ], [ -38.19611, -12.75435, 0.0 ], [ -38.19624, -12.75442, 0.0 ], [ -38.19634, -12.75445, 0.0 ], [ -38.19644, -12.75444, 0.0 ], [ -38.19657, -12.75436, 0.0 ], [ -38.19674, -12.75419, 0.0 ], [ -38.19685, -12.754, 0.0 ], [ -38.1969, -12.7539, 0.0 ], [ -38.1969, -12.75378, 0.0 ], [ -38.1968, -12.75366, 0.0 ], [ -38.19669, -12.75356, 0.0 ], [ -38.19665, -12.75337, 0.0 ], [ -38.19664, -12.75312, 0.0 ], [ -38.19658, -12.7529, 0.0 ], [ -38.19652, -12.75268, 0.0 ], [ -38.19656, -12.75247, 0.0 ], [ -38.1966, -12.75205, 0.0 ], [ -38.19667, -12.75169, 0.0 ], [ -38.19679, -12.75154, 0.0 ], [ -38.1969, -12.75137, 0.0 ], [ -38.19709, -12.75126, 0.0 ], [ -38.19728, -12.75113, 0.0 ], [ -38.19732, -12.75104, 0.0 ], [ -38.19731, -12.75094, 0.0 ], [ -38.19722, -12.75082, 0.0 ], [ -38.19713, -12.75067, 0.0 ], [ -38.19706, -12.75042, 0.0 ], [ -38.19702, -12.75012, 0.0 ], [ -38.19697, -12.74995, 0.0 ], [ -38.19687, -12.74993, 0.0 ], [ -38.19677, -12.74992, 0.0 ], [ -38.19669, -12.74985, 0.0 ], [ -38.19664, -12.74975, 0.0 ], [ -38.19656, -12.7497, 0.0 ], [ -38.19642, -12.7497, 0.0 ], [ -38.1963, -12.74966, 0.0 ], [ -38.1963, -12.74954, 0.0 ], [ -38.19626, -12.74946, 0.0 ], [ -38.19622, -12.74944, 0.0 ], [ -38.19615, -12.74945, 0.0 ], [ -38.19609, -12.74944, 0.0 ], [ -38.19605, -12.74938, 0.0 ], [ -38.19603, -12.74929, 0.0 ], [ -38.19596, -12.74922, 0.0 ], [ -38.1959, -12.74914, 0.0 ], [ -38.19591, -12.74906, 0.0 ], [ -38.19596, -12.74881, 0.0 ], [ -38.19598, -12.7486, 0.0 ], [ -38.19594, -12.74845, 0.0 ], [ -38.19589, -12.74834, 0.0 ], [ -38.19581, -12.74815, 0.0 ], [ -38.19566, -12.74795, 0.0 ], [ -38.19544, -12.74766, 0.0 ], [ -38.19524, -12.74739, 0.0 ], [ -38.19523, -12.74727, 0.0 ], [ -38.19523, -12.74703, 0.0 ], [ -38.19529, -12.74669, 0.0 ], [ -38.19536, -12.74619, 0.0 ], [ -38.19539, -12.74588, 0.0 ], [ -38.19541, -12.74567, 0.0 ], [ -38.19539, -12.74547, 0.0 ], [ -38.19531, -12.74524, 0.0 ], [ -38.19521, -12.74498, 0.0 ], [ -38.19506, -12.74466, 0.0 ], [ -38.19497, -12.7445, 0.0 ], [ -38.19495, -12.74431, 0.0 ], [ -38.19498, -12.74407, 0.0 ], [ -38.19498, -12.74394, 0.0 ], [ -38.19499, -12.74387, 0.0 ], [ -38.19494, -12.7438, 0.0 ], [ -38.1949, -12.74374, 0.0 ], [ -38.19491, -12.74368, 0.0 ], [ -38.19496, -12.74359, 0.0 ], [ -38.19493, -12.7435, 0.0 ], [ -38.19488, -12.74344, 0.0 ], [ -38.19488, -12.74336, 0.0 ], [ -38.1949, -12.74325, 0.0 ], [ -38.19488, -12.74316, 0.0 ], [ -38.19485, -12.74311, 0.0 ], [ -38.19477, -12.74304, 0.0 ], [ -38.19476, -12.74296, 0.0 ], [ -38.19478, -12.74288, 0.0 ], [ -38.19485, -12.74278, 0.0 ], [ -38.19498, -12.74263, 0.0 ], [ -38.19502, -12.74256, 0.0 ], [ -38.19507, -12.74243, 0.0 ], [ -38.19511, -12.74227, 0.0 ], [ -38.19508, -12.74209, 0.0 ], [ -38.19511, -12.74199, 0.0 ], [ -38.19517, -12.7419, 0.0 ], [ -38.19515, -12.74179, 0.0 ], [ -38.19516, -12.74172, 0.0 ], [ -38.19519, -12.74158, 0.0 ], [ -38.19539, -12.74109, 0.0 ], [ -38.19555, -12.74082, 0.0 ], [ -38.19566, -12.74062, 0.0 ], [ -38.19587, -12.74038, 0.0 ], [ -38.1961, -12.74001, 0.0 ], [ -38.19622, -12.73981, 0.0 ], [ -38.19626, -12.73966, 0.0 ], [ -38.19626, -12.73952, 0.0 ], [ -38.19623, -12.73935, 0.0 ], [ -38.1962, -12.73921, 0.0 ], [ -38.1962, -12.73921, 0.0 ], [ -38.19618, -12.73901, 0.0 ], [ -38.19618, -12.73901, 0.0 ], [ -38.19617, -12.73888, 0.0 ], [ -38.19618, -12.73887, 0.0 ], [ -38.19621, -12.73875, 0.0 ], [ -38.19631, -12.73848, 0.0 ], [ -38.19645, -12.73824, 0.0 ], [ -38.19646, -12.73822, 0.0 ], [ -38.19652, -12.73801, 0.0 ], [ -38.19657, -12.73774, 0.0 ], [ -38.19662, -12.73761, 0.0 ], [ -38.19668, -12.73751, 0.0 ], [ -38.19686, -12.73736, 0.0 ], [ -38.19703, -12.73716, 0.0 ], [ -38.1971, -12.73707, 0.0 ], [ -38.19714, -12.73694, 0.0 ], [ -38.19714, -12.73694, 0.0 ], [ -38.19713, -12.7369, 0.0 ], [ -38.19711, -12.73683, 0.0 ], [ -38.19705, -12.7367, 0.0 ], [ -38.19705, -12.7367, 0.0 ], [ -38.19703, -12.73653, 0.0 ], [ -38.19703, -12.73653, 0.0 ], [ -38.19703, -12.73649, 0.0 ], [ -38.19704, -12.73635, 0.0 ], [ -38.19712, -12.73606, 0.0 ], [ -38.19721, -12.73578, 0.0 ], [ -38.19721, -12.73578, 0.0 ], [ -38.19723, -12.73566, 0.0 ], [ -38.19723, -12.73566, 0.0 ], [ -38.19724, -12.73549, 0.0 ], [ -38.19724, -12.73548, 0.0 ], [ -38.19716, -12.73525, 0.0 ], [ -38.19716, -12.73525, 0.0 ], [ -38.19717, -12.73521, 0.0 ], [ -38.19721, -12.7349, 0.0 ], [ -38.19739, -12.73469, 0.0 ], [ -38.19767, -12.73447, 0.0 ], [ -38.19767, -12.73447, 0.0 ], [ -38.19763, -12.73443, 0.0 ], [ -38.19767, -12.73441, 0.0 ], [ -38.19776, -12.73403, 0.0 ], [ -38.19782, -12.73377, 0.0 ], [ -38.19851, -12.7304, 0.0 ], [ -38.19841, -12.72918, 0.0 ], [ -38.19838, -12.72891, 0.0 ], [ -38.19982, -12.72653, 0.0 ], [ -38.20067, -12.72376, 0.0 ], [ -38.20121, -12.72277, 0.0 ], [ -38.20365, -12.72166, 0.0 ], [ -38.20381, -12.72155, 0.0 ], [ -38.20704, -12.71916, 0.0 ], [ -38.20776, -12.7182, 0.0 ], [ -38.20805, -12.71668, 0.0 ], [ -38.20809, -12.71644, 0.0 ], [ -38.20855, -12.71533, 0.0 ], [ -38.20852, -12.71409, 0.0 ], [ -38.20898, -12.71347, 0.0 ], [ -38.20761, -12.71229, 0.0 ], [ -38.207, -12.71174, 0.0 ], [ -38.20636, -12.71117, 0.0 ], [ -38.2053, -12.71015, 0.0 ], [ -38.20459, -12.70947, 0.0 ], [ -38.20326, -12.7082, 0.0 ], [ -38.20332, -12.70667, 0.0 ], [ -38.20342, -12.70615, 0.0 ], [ -38.20305, -12.70627, 0.0 ], [ -38.20281, -12.70635, 0.0 ], [ -38.20238, -12.70649, 0.0 ], [ -38.20166, -12.70671, 0.0 ], [ -38.20143, -12.70679, 0.0 ], [ -38.20117, -12.70689, 0.0 ], [ -38.20095, -12.70697, 0.0 ], [ -38.20065, -12.70708, 0.0 ], [ -38.20023, -12.70721, 0.0 ], [ -38.19983, -12.70732, 0.0 ], [ -38.19935, -12.70745, 0.0 ], [ -38.19902, -12.70756, 0.0 ], [ -38.19874, -12.70767, 0.0 ], [ -38.19856, -12.70775, 0.0 ], [ -38.19811, -12.70799, 0.0 ], [ -38.1976, -12.70828, 0.0 ], [ -38.19708, -12.70863, 0.0 ], [ -38.1968, -12.70886, 0.0 ], [ -38.19643, -12.70919, 0.0 ], [ -38.19621, -12.70939, 0.0 ], [ -38.19604, -12.70954, 0.0 ], [ -38.19535, -12.71023, 0.0 ], [ -38.19448, -12.71108, 0.0 ], [ -38.19385, -12.7117, 0.0 ], [ -38.19378, -12.71177, 0.0 ], [ -38.19347, -12.71207, 0.0 ], [ -38.19329, -12.71222, 0.0 ], [ -38.19315, -12.71232, 0.0 ], [ -38.19298, -12.71241, 0.0 ], [ -38.19285, -12.71247, 0.0 ], [ -38.19268, -12.71253, 0.0 ], [ -38.19243, -12.71257, 0.0 ] ], [ [ -38.19307, -12.76374, 0.0 ], [ -38.19315, -12.76413, 0.0 ], [ -38.19315, -12.76414, 0.0 ], [ -38.19313, -12.76457, 0.0 ], [ -38.19294, -12.76478, 0.0 ], [ -38.19288, -12.7648, 0.0 ], [ -38.19276, -12.76488, 0.0 ], [ -38.19272, -12.76502, 0.0 ], [ -38.19274, -12.76519, 0.0 ], [ -38.19289, -12.76528, 0.0 ], [ -38.19313, -12.76538, 0.0 ], [ -38.19324, -12.76553, 0.0 ], [ -38.19345, -12.76574, 0.0 ], [ -38.19346, -12.76576, 0.0 ], [ -38.19348, -12.7658, 0.0 ], [ -38.19354, -12.76588, 0.0 ], [ -38.19359, -12.76591, 0.0 ], [ -38.19387, -12.76602, 0.0 ], [ -38.19393, -12.76626, 0.0 ], [ -38.19392, -12.76642, 0.0 ], [ -38.19394, -12.76665, 0.0 ], [ -38.19407, -12.76689, 0.0 ], [ -38.19421, -12.76715, 0.0 ], [ -38.19428, -12.76741, 0.0 ], [ -38.19435, -12.76771, 0.0 ], [ -38.19437, -12.76774, 0.0 ], [ -38.19451, -12.76807, 0.0 ], [ -38.19451, -12.76809, 0.0 ], [ -38.19447, -12.76817, 0.0 ], [ -38.19067, -12.76974, 0.0 ], [ -38.18773, -12.76668, 0.0 ], [ -38.18925, -12.76521, 0.0 ], [ -38.1892, -12.76484, 0.0 ], [ -38.18929, -12.76454, 0.0 ], [ -38.18944, -12.76428, 0.0 ], [ -38.18963, -12.76404, 0.0 ], [ -38.18985, -12.76388, 0.0 ], [ -38.19005, -12.76374, 0.0 ], [ -38.19047, -12.76354, 0.0 ], [ -38.19073, -12.76339, 0.0 ], [ -38.19109, -12.76337, 0.0 ], [ -38.1914, -12.76333, 0.0 ], [ -38.19203, -12.76341, 0.0 ], [ -38.19228, -12.76338, 0.0 ], [ -38.1927, -12.76333, 0.0 ], [ -38.19294, -12.76339, 0.0 ], [ -38.19307, -12.76374, 0.0 ] ], [ [ -38.21085, -12.79147, 0.0 ], [ -38.21172, -12.79272, 0.0 ], [ -38.21225, -12.79247, 0.0 ], [ -38.21306, -12.79344, 0.0 ], [ -38.21464, -12.79578, 0.0 ], [ -38.21251, -12.79649, 0.0 ], [ -38.21201, -12.79583, 0.0 ], [ -38.21122, -12.79489, 0.0 ], [ -38.21049, -12.79397, 0.0 ], [ -38.21008, -12.79346, 0.0 ], [ -38.20984, -12.79312, 0.0 ], [ -38.20952, -12.79264, 0.0 ], [ -38.20921, -12.79206, 0.0 ], [ -38.21085, -12.79147, 0.0 ] ], [ [ -38.22907, -12.80405, 0.0 ], [ -38.22949, -12.80428, 0.0 ], [ -38.22989, -12.80451, 0.0 ], [ -38.23024, -12.8047, 0.0 ], [ -38.23018, -12.80487, 0.0 ], [ -38.23019, -12.80523, 0.0 ], [ -38.23016, -12.80544, 0.0 ], [ -38.23014, -12.80554, 0.0 ], [ -38.2301, -12.80564, 0.0 ], [ -38.23007, -12.8057, 0.0 ], [ -38.22992, -12.80593, 0.0 ], [ -38.22983, -12.80588, 0.0 ], [ -38.22773, -12.80433, 0.0 ], [ -38.22808, -12.80356, 0.0 ], [ -38.22907, -12.80405, 0.0 ] ] ] ] } },
{ "type": "Feature", "properties": { "Id": 101, "Name": "ZOC 3", "DISTRITO": "ABRANTES/MONTE GORDO", "categoria": "ZOC", "perímetro_ellip_m": 66331.6, "área_ellip_m²": 28609757.3 }, "geometry": { "type": "MultiPolygon", "coordinates": [ [ [ [ -38.04128, -12.5869, 0.0 ], [ -38.04152, -12.58848, 0.0 ], [ -38.04169, -12.58917, 0.0 ], [ -38.04211, -12.59077, 0.0 ], [ -38.04228, -12.59151, 0.0 ], [ -38.0424, -12.59239, 0.0 ], [ -38.04243, -12.59308, 0.0 ], [ -38.04244, -12.59359, 0.0 ], [ -38.04252, -12.59401, 0.0 ], [ -38.04266, -12.59473, 0.0 ], [ -38.0427, -12.59494, 0.0 ], [ -38.04277, -12.59521, 0.0 ], [ -38.04291, -12.59561, 0.0 ], [ -38.04307, -12.59593, 0.0 ], [ -38.04325, -12.59627, 0.0 ], [ -38.04347, -12.59663, 0.0 ], [ -38.04369, -12.597, 0.0 ], [ -38.04407, -12.59762, 0.0 ], [ -38.04432, -12.59797, 0.0 ], [ -38.04488, -12.5987, 0.0 ], [ -38.04526, -12.5992, 0.0 ], [ -38.04569, -12.59982, 0.0 ], [ -38.04622, -12.60077, 0.0 ], [ -38.04663, -12.60164, 0.0 ], [ -38.04703, -12.60238, 0.0 ], [ -38.04747, -12.60312, 0.0 ], [ -38.04847, -12.60471, 0.0 ], [ -38.04953, -12.60644, 0.0 ], [ -38.05309, -12.61221, 0.0 ], [ -38.05382, -12.61337, 0.0 ], [ -38.05491, -12.61502, 0.0 ], [ -38.0552, -12.61542, 0.0 ], [ -38.05597, -12.61636, 0.0 ], [ -38.05648, -12.61704, 0.0 ], [ -38.05752, -12.61891, 0.0 ], [ -38.0579, -12.61955, 0.0 ], [ -38.05993, -12.62263, 0.0 ], [ -38.06128, -12.62467, 0.0 ], [ -38.06472, -12.6299, 0.0 ], [ -38.06917, -12.63665, 0.0 ], [ -38.06961, -12.63728, 0.0 ], [ -38.0697, -12.6374, 0.0 ], [ -38.07006, -12.63786, 0.0 ], [ -38.07044, -12.63827, 0.0 ], [ -38.07089, -12.63882, 0.0 ], [ -38.07127, -12.6391, 0.0 ], [ -38.07222, -12.64004, 0.0 ], [ -38.07292, -12.64083, 0.0 ], [ -38.07352, -12.64158, 0.0 ], [ -38.07396, -12.64207, 0.0 ], [ -38.07655, -12.64466, 0.0 ], [ -38.07752, -12.64562, 0.0 ], [ -38.07863, -12.64666, 0.0 ], [ -38.07965, -12.64756, 0.0 ], [ -38.0821, -12.64961, 0.0 ], [ -38.08278, -12.65022, 0.0 ], [ -38.08311, -12.65058, 0.0 ], [ -38.08348, -12.65103, 0.0 ], [ -38.08456, -12.65246, 0.0 ], [ -38.08552, -12.65372, 0.0 ], [ -38.0858, -12.65404, 0.0 ], [ -38.08621, -12.65445, 0.0 ], [ -38.08628, -12.65452, 0.0 ], [ -38.08678, -12.65511, 0.0 ], [ -38.08747, -12.65605, 0.0 ], [ -38.08789, -12.65676, 0.0 ], [ -38.08825, -12.65735, 0.0 ], [ -38.08929, -12.65879, 0.0 ], [ -38.09203, -12.66245, 0.0 ], [ -38.09224, -12.66237, 0.0 ], [ -38.09258, -12.66225, 0.0 ], [ -38.09457, -12.66124, 0.0 ], [ -38.09555, -12.66265, 0.0 ], [ -38.09627, -12.66272, 0.0 ], [ -38.09724, -12.66392, 0.0 ], [ -38.09656, -12.66451, 0.0 ], [ -38.09578, -12.66519, 0.0 ], [ -38.09501, -12.66586, 0.0 ], [ -38.09476, -12.66608, 0.0 ], [ -38.10129, -12.67481, 0.0 ], [ -38.10192, -12.67558, 0.0 ], [ -38.10269, -12.67642, 0.0 ], [ -38.10341, -12.67731, 0.0 ], [ -38.10399, -12.67821, 0.0 ], [ -38.10465, -12.67932, 0.0 ], [ -38.10555, -12.68049, 0.0 ], [ -38.10636, -12.68142, 0.0 ], [ -38.10707, -12.68208, 0.0 ], [ -38.10788, -12.68271, 0.0 ], [ -38.10881, -12.68329, 0.0 ], [ -38.11446, -12.68659, 0.0 ], [ -38.1185, -12.68895, 0.0 ], [ -38.11927, -12.68941, 0.0 ], [ -38.12004, -12.68992, 0.0 ], [ -38.12049, -12.69025, 0.0 ], [ -38.12097, -12.69062, 0.0 ], [ -38.12135, -12.69095, 0.0 ], [ -38.12176, -12.69132, 0.0 ], [ -38.1224, -12.6919, 0.0 ], [ -38.12295, -12.69237, 0.0 ], [ -38.12359, -12.69286, 0.0 ], [ -38.12421, -12.6934, 0.0 ], [ -38.12466, -12.69386, 0.0 ], [ -38.1253, -12.69459, 0.0 ], [ -38.12572, -12.6951, 0.0 ], [ -38.12602, -12.69547, 0.0 ], [ -38.12663, -12.69607, 0.0 ], [ -38.12831, -12.69768, 0.0 ], [ -38.12914, -12.69848, 0.0 ], [ -38.13091, -12.70019, 0.0 ], [ -38.13241, -12.70164, 0.0 ], [ -38.13355, -12.70275, 0.0 ], [ -38.13585, -12.70494, 0.0 ], [ -38.13739, -12.70622, 0.0 ], [ -38.13931, -12.7076, 0.0 ], [ -38.14259, -12.71002, 0.0 ], [ -38.14259, -12.71002, 0.0 ], [ -38.14259, -12.71002, 0.0 ], [ -38.14296, -12.71029, 0.0 ], [ -38.14299, -12.71031, 0.0 ], [ -38.14477, -12.7116, 0.0 ], [ -38.1452, -12.71192, 0.0 ], [ -38.14555, -12.71217, 0.0 ], [ -38.14777, -12.71379, 0.0 ], [ -38.14962, -12.71513, 0.0 ], [ -38.1506, -12.71577, 0.0 ], [ -38.15158, -12.71634, 0.0 ], [ -38.15248, -12.717, 0.0 ], [ -38.1532, -12.71764, 0.0 ], [ -38.1539, -12.71824, 0.0 ], [ -38.15464, -12.71879, 0.0 ], [ -38.15593, -12.71794, 0.0 ], [ -38.15643, -12.71765, 0.0 ], [ -38.15692, -12.71739, 0.0 ], [ -38.15718, -12.71727, 0.0 ], [ -38.15795, -12.71689, 0.0 ], [ -38.15877, -12.7165, 0.0 ], [ -38.15948, -12.71606, 0.0 ], [ -38.1602, -12.71563, 0.0 ], [ -38.16008, -12.71557, 0.0 ], [ -38.16002, -12.71557, 0.0 ], [ -38.15994, -12.71554, 0.0 ], [ -38.15992, -12.71554, 0.0 ], [ -38.1597, -12.71548, 0.0 ], [ -38.15946, -12.7154, 0.0 ], [ -38.15916, -12.71522, 0.0 ], [ -38.15895, -12.71507, 0.0 ], [ -38.15871, -12.71487, 0.0 ], [ -38.15858, -12.71476, 0.0 ], [ -38.15845, -12.71464, 0.0 ], [ -38.15811, -12.71486, 0.0 ], [ -38.15801, -12.71493, 0.0 ], [ -38.15759, -12.71519, 0.0 ], [ -38.15695, -12.71561, 0.0 ], [ -38.15691, -12.71564, 0.0 ], [ -38.15644, -12.71498, 0.0 ], [ -38.15626, -12.71473, 0.0 ], [ -38.15602, -12.71428, 0.0 ], [ -38.15571, -12.71365, 0.0 ], [ -38.15558, -12.71333, 0.0 ], [ -38.15549, -12.71305, 0.0 ], [ -38.15541, -12.71251, 0.0 ], [ -38.1553, -12.71216, 0.0 ], [ -38.15529, -12.71207, 0.0 ], [ -38.15516, -12.7118, 0.0 ], [ -38.15565, -12.71164, 0.0 ], [ -38.15843, -12.71071, 0.0 ], [ -38.15853, -12.71035, 0.0 ], [ -38.15936, -12.71028, 0.0 ], [ -38.15944, -12.71068, 0.0 ], [ -38.1595, -12.71101, 0.0 ], [ -38.15965, -12.71195, 0.0 ], [ -38.15912, -12.71211, 0.0 ], [ -38.15876, -12.71223, 0.0 ], [ -38.15864, -12.71254, 0.0 ], [ -38.15872, -12.71278, 0.0 ], [ -38.15891, -12.71308, 0.0 ], [ -38.1593, -12.71326, 0.0 ], [ -38.15982, -12.71343, 0.0 ], [ -38.16018, -12.71354, 0.0 ], [ -38.16029, -12.7139, 0.0 ], [ -38.16045, -12.71393, 0.0 ], [ -38.16117, -12.71414, 0.0 ], [ -38.16118, -12.71443, 0.0 ], [ -38.16143, -12.71498, 0.0 ], [ -38.16222, -12.71475, 0.0 ], [ -38.16264, -12.71467, 0.0 ], [ -38.16343, -12.71452, 0.0 ], [ -38.16397, -12.71441, 0.0 ], [ -38.16424, -12.71436, 0.0 ], [ -38.16476, -12.71427, 0.0 ], [ -38.16517, -12.71418, 0.0 ], [ -38.16536, -12.7141, 0.0 ], [ -38.16536, -12.71395, 0.0 ], [ -38.16529, -12.71342, 0.0 ], [ -38.16524, -12.71302, 0.0 ], [ -38.1651, -12.71191, 0.0 ], [ -38.16503, -12.71144, 0.0 ], [ -38.16496, -12.7108, 0.0 ], [ -38.16489, -12.71021, 0.0 ], [ -38.16482, -12.70966, 0.0 ], [ -38.16474, -12.70906, 0.0 ], [ -38.16472, -12.70887, 0.0 ], [ -38.16467, -12.70874, 0.0 ], [ -38.16464, -12.70867, 0.0 ], [ -38.16456, -12.70857, 0.0 ], [ -38.16455, -12.70856, 0.0 ], [ -38.16427, -12.70831, 0.0 ], [ -38.16369, -12.70778, 0.0 ], [ -38.16304, -12.70719, 0.0 ], [ -38.16276, -12.70692, 0.0 ], [ -38.16275, -12.70692, 0.0 ], [ -38.16148, -12.70577, 0.0 ], [ -38.16075, -12.7051, 0.0 ], [ -38.1599, -12.7043, 0.0 ], [ -38.15982, -12.70422, 0.0 ], [ -38.15916, -12.70363, 0.0 ], [ -38.15854, -12.70305, 0.0 ], [ -38.15852, -12.70303, 0.0 ], [ -38.15766, -12.70223, 0.0 ], [ -38.15702, -12.70165, 0.0 ], [ -38.15645, -12.70112, 0.0 ], [ -38.15638, -12.7011, 0.0 ], [ -38.1563, -12.70107, 0.0 ], [ -38.15614, -12.699, 0.0 ], [ -38.15553, -12.69836, 0.0 ], [ -38.15951, -12.69711, 0.0 ], [ -38.16694, -12.69323, 0.0 ], [ -38.16817, -12.69343, 0.0 ], [ -38.16981, -12.69187, 0.0 ], [ -38.16805, -12.69051, 0.0 ], [ -38.16651, -12.68974, 0.0 ], [ -38.16497, -12.68847, 0.0 ], [ -38.16335, -12.6868, 0.0 ], [ -38.16363, -12.68566, 0.0 ], [ -38.15699, -12.67803, 0.0 ], [ -38.15631, -12.67947, 0.0 ], [ -38.15548, -12.68107, 0.0 ], [ -38.15489, -12.68142, 0.0 ], [ -38.15429, -12.68167, 0.0 ], [ -38.15385, -12.68148, 0.0 ], [ -38.1531, -12.68115, 0.0 ], [ -38.15294, -12.68112, 0.0 ], [ -38.15272, -12.68115, 0.0 ], [ -38.15266, -12.68133, 0.0 ], [ -38.15258, -12.68164, 0.0 ], [ -38.1524, -12.68184, 0.0 ], [ -38.15212, -12.68192, 0.0 ], [ -38.15174, -12.68193, 0.0 ], [ -38.15096, -12.68191, 0.0 ], [ -38.15013, -12.682, 0.0 ], [ -38.14967, -12.68206, 0.0 ], [ -38.14951, -12.68209, 0.0 ], [ -38.14939, -12.68215, 0.0 ], [ -38.14939, -12.68226, 0.0 ], [ -38.14947, -12.68236, 0.0 ], [ -38.14988, -12.68259, 0.0 ], [ -38.15036, -12.68292, 0.0 ], [ -38.15081, -12.68346, 0.0 ], [ -38.15097, -12.68379, 0.0 ], [ -38.15113, -12.68447, 0.0 ], [ -38.15127, -12.68492, 0.0 ], [ -38.15158, -12.6853, 0.0 ], [ -38.15189, -12.6855, 0.0 ], [ -38.15205, -12.68584, 0.0 ], [ -38.15178, -12.68663, 0.0 ], [ -38.15167, -12.68718, 0.0 ], [ -38.15176, -12.68796, 0.0 ], [ -38.15176, -12.68841, 0.0 ], [ -38.15166, -12.68911, 0.0 ], [ -38.15146, -12.68996, 0.0 ], [ -38.15119, -12.69076, 0.0 ], [ -38.15065, -12.6913, 0.0 ], [ -38.15033, -12.69188, 0.0 ], [ -38.1503, -12.69213, 0.0 ], [ -38.1503, -12.69232, 0.0 ], [ -38.15038, -12.69251, 0.0 ], [ -38.15045, -12.69264, 0.0 ], [ -38.15045, -12.69272, 0.0 ], [ -38.15029, -12.69285, 0.0 ], [ -38.15015, -12.69305, 0.0 ], [ -38.15006, -12.69332, 0.0 ], [ -38.15002, -12.69364, 0.0 ], [ -38.1498, -12.69379, 0.0 ], [ -38.14962, -12.69449, 0.0 ], [ -38.14963, -12.69476, 0.0 ], [ -38.14954, -12.69507, 0.0 ], [ -38.14936, -12.69535, 0.0 ], [ -38.1491, -12.69555, 0.0 ], [ -38.14895, -12.69574, 0.0 ], [ -38.14886, -12.69583, 0.0 ], [ -38.14855, -12.69606, 0.0 ], [ -38.14815, -12.6964, 0.0 ], [ -38.14778, -12.69667, 0.0 ], [ -38.1477, -12.69673, 0.0 ], [ -38.14769, -12.6968, 0.0 ], [ -38.14771, -12.69685, 0.0 ], [ -38.14783, -12.6969, 0.0 ], [ -38.1481, -12.6969, 0.0 ], [ -38.14845, -12.69683, 0.0 ], [ -38.14902, -12.69678, 0.0 ], [ -38.14927, -12.69678, 0.0 ], [ -38.14938, -12.69684, 0.0 ], [ -38.14948, -12.6971, 0.0 ], [ -38.14953, -12.6974, 0.0 ], [ -38.14956, -12.69769, 0.0 ], [ -38.14967, -12.69801, 0.0 ], [ -38.14953, -12.69794, 0.0 ], [ -38.14933, -12.69783, 0.0 ], [ -38.14922, -12.69777, 0.0 ], [ -38.1491, -12.69774, 0.0 ], [ -38.149, -12.69773, 0.0 ], [ -38.1489, -12.69773, 0.0 ], [ -38.1488, -12.69777, 0.0 ], [ -38.14876, -12.69782, 0.0 ], [ -38.14871, -12.69788, 0.0 ], [ -38.14868, -12.69793, 0.0 ], [ -38.14867, -12.69799, 0.0 ], [ -38.14868, -12.69807, 0.0 ], [ -38.14871, -12.69818, 0.0 ], [ -38.14875, -12.69827, 0.0 ], [ -38.14881, -12.69838, 0.0 ], [ -38.14891, -12.69849, 0.0 ], [ -38.14903, -12.69861, 0.0 ], [ -38.1491, -12.69869, 0.0 ], [ -38.14912, -12.69875, 0.0 ], [ -38.14912, -12.69882, 0.0 ], [ -38.14908, -12.6989, 0.0 ], [ -38.149, -12.69896, 0.0 ], [ -38.1489, -12.69898, 0.0 ], [ -38.14881, -12.69898, 0.0 ], [ -38.14874, -12.69894, 0.0 ], [ -38.14864, -12.69887, 0.0 ], [ -38.14856, -12.69883, 0.0 ], [ -38.14852, -12.69883, 0.0 ], [ -38.14849, -12.69884, 0.0 ], [ -38.14845, -12.69887, 0.0 ], [ -38.14844, -12.69895, 0.0 ], [ -38.14841, -12.69908, 0.0 ], [ -38.14838, -12.69923, 0.0 ], [ -38.14835, -12.69936, 0.0 ], [ -38.14831, -12.69946, 0.0 ], [ -38.14825, -12.69959, 0.0 ], [ -38.14818, -12.69967, 0.0 ], [ -38.14812, -12.6997, 0.0 ], [ -38.14804, -12.69971, 0.0 ], [ -38.14794, -12.69971, 0.0 ], [ -38.14786, -12.69969, 0.0 ], [ -38.14778, -12.69966, 0.0 ], [ -38.14769, -12.69962, 0.0 ], [ -38.14763, -12.69956, 0.0 ], [ -38.14759, -12.69948, 0.0 ], [ -38.14755, -12.69937, 0.0 ], [ -38.14753, -12.69929, 0.0 ], [ -38.14751, -12.69918, 0.0 ], [ -38.14751, -12.69902, 0.0 ], [ -38.14752, -12.69878, 0.0 ], [ -38.14754, -12.69868, 0.0 ], [ -38.14757, -12.69863, 0.0 ], [ -38.1476, -12.69859, 0.0 ], [ -38.14765, -12.69857, 0.0 ], [ -38.14779, -12.69851, 0.0 ], [ -38.14785, -12.69847, 0.0 ], [ -38.14791, -12.69842, 0.0 ], [ -38.14794, -12.69838, 0.0 ], [ -38.14795, -12.69831, 0.0 ], [ -38.14795, -12.6982, 0.0 ], [ -38.14793, -12.69808, 0.0 ], [ -38.14792, -12.69802, 0.0 ], [ -38.14788, -12.69795, 0.0 ], [ -38.14782, -12.69791, 0.0 ], [ -38.14775, -12.69788, 0.0 ], [ -38.1477, -12.69788, 0.0 ], [ -38.14764, -12.6979, 0.0 ], [ -38.1476, -12.6979, 0.0 ], [ -38.14753, -12.69793, 0.0 ], [ -38.14745, -12.69796, 0.0 ], [ -38.14738, -12.69798, 0.0 ], [ -38.14731, -12.69801, 0.0 ], [ -38.14723, -12.69805, 0.0 ], [ -38.14715, -12.6981, 0.0 ], [ -38.14708, -12.69812, 0.0 ], [ -38.147, -12.69811, 0.0 ], [ -38.14696, -12.69809, 0.0 ], [ -38.14692, -12.69803, 0.0 ], [ -38.14691, -12.69796, 0.0 ], [ -38.14692, -12.69787, 0.0 ], [ -38.14693, -12.69777, 0.0 ], [ -38.14691, -12.69767, 0.0 ], [ -38.14687, -12.69759, 0.0 ], [ -38.1468, -12.69752, 0.0 ], [ -38.14671, -12.6975, 0.0 ], [ -38.14666, -12.69751, 0.0 ], [ -38.1466, -12.69756, 0.0 ], [ -38.14654, -12.69766, 0.0 ], [ -38.14649, -12.69781, 0.0 ], [ -38.14646, -12.69793, 0.0 ], [ -38.14645, -12.69803, 0.0 ], [ -38.14645, -12.69815, 0.0 ], [ -38.14648, -12.69829, 0.0 ], [ -38.14651, -12.69841, 0.0 ], [ -38.14656, -12.69856, 0.0 ], [ -38.14663, -12.69877, 0.0 ], [ -38.14665, -12.69886, 0.0 ], [ -38.14665, -12.69892, 0.0 ], [ -38.14661, -12.69899, 0.0 ], [ -38.14657, -12.69902, 0.0 ], [ -38.1465, -12.69903, 0.0 ], [ -38.14641, -12.699, 0.0 ], [ -38.14633, -12.69896, 0.0 ], [ -38.14627, -12.69892, 0.0 ], [ -38.1462, -12.69884, 0.0 ], [ -38.14614, -12.6988, 0.0 ], [ -38.14607, -12.69876, 0.0 ], [ -38.146, -12.69869, 0.0 ], [ -38.14594, -12.69863, 0.0 ], [ -38.1459, -12.69858, 0.0 ], [ -38.14583, -12.69847, 0.0 ], [ -38.14576, -12.69836, 0.0 ], [ -38.14571, -12.69821, 0.0 ], [ -38.14567, -12.6981, 0.0 ], [ -38.14566, -12.69797, 0.0 ], [ -38.14565, -12.69786, 0.0 ], [ -38.14566, -12.69776, 0.0 ], [ -38.14566, -12.69768, 0.0 ], [ -38.14559, -12.6976, 0.0 ], [ -38.14552, -12.69755, 0.0 ], [ -38.14543, -12.69752, 0.0 ], [ -38.14534, -12.69752, 0.0 ], [ -38.14525, -12.69754, 0.0 ], [ -38.14518, -12.69758, 0.0 ], [ -38.14513, -12.69763, 0.0 ], [ -38.14507, -12.69777, 0.0 ], [ -38.14502, -12.69787, 0.0 ], [ -38.14494, -12.69794, 0.0 ], [ -38.14485, -12.69799, 0.0 ], [ -38.14475, -12.698, 0.0 ], [ -38.1446, -12.69799, 0.0 ], [ -38.14452, -12.69796, 0.0 ], [ -38.14444, -12.69791, 0.0 ], [ -38.1444, -12.69786, 0.0 ], [ -38.14438, -12.69781, 0.0 ], [ -38.14439, -12.69776, 0.0 ], [ -38.14443, -12.69768, 0.0 ], [ -38.14447, -12.69759, 0.0 ], [ -38.14451, -12.69754, 0.0 ], [ -38.14459, -12.69746, 0.0 ], [ -38.1447, -12.69736, 0.0 ], [ -38.14478, -12.69728, 0.0 ], [ -38.14486, -12.69717, 0.0 ], [ -38.14492, -12.69708, 0.0 ], [ -38.14498, -12.69694, 0.0 ], [ -38.14499, -12.69689, 0.0 ], [ -38.14498, -12.69684, 0.0 ], [ -38.14492, -12.69671, 0.0 ], [ -38.14486, -12.69663, 0.0 ], [ -38.14479, -12.69657, 0.0 ], [ -38.14468, -12.69654, 0.0 ], [ -38.14458, -12.69654, 0.0 ], [ -38.14448, -12.69658, 0.0 ], [ -38.14436, -12.69667, 0.0 ], [ -38.14427, -12.69673, 0.0 ], [ -38.14419, -12.69676, 0.0 ], [ -38.14406, -12.6968, 0.0 ], [ -38.14388, -12.69683, 0.0 ], [ -38.1437, -12.69688, 0.0 ], [ -38.14362, -12.69691, 0.0 ], [ -38.14356, -12.69696, 0.0 ], [ -38.14354, -12.69702, 0.0 ], [ -38.14353, -12.69709, 0.0 ], [ -38.14354, -12.69718, 0.0 ], [ -38.14355, -12.69725, 0.0 ], [ -38.14354, -12.6973, 0.0 ], [ -38.14351, -12.6974, 0.0 ], [ -38.1435, -12.69747, 0.0 ], [ -38.14351, -12.69753, 0.0 ], [ -38.14353, -12.69759, 0.0 ], [ -38.14359, -12.6977, 0.0 ], [ -38.14367, -12.6978, 0.0 ], [ -38.14382, -12.69797, 0.0 ], [ -38.14387, -12.69806, 0.0 ], [ -38.1439, -12.69816, 0.0 ], [ -38.1439, -12.69823, 0.0 ], [ -38.14388, -12.69828, 0.0 ], [ -38.14384, -12.69833, 0.0 ], [ -38.14375, -12.69841, 0.0 ], [ -38.14365, -12.69845, 0.0 ], [ -38.14354, -12.69848, 0.0 ], [ -38.14339, -12.6985, 0.0 ], [ -38.14313, -12.69853, 0.0 ], [ -38.14301, -12.69854, 0.0 ], [ -38.14289, -12.69854, 0.0 ], [ -38.14269, -12.69851, 0.0 ], [ -38.14255, -12.69847, 0.0 ], [ -38.14246, -12.69842, 0.0 ], [ -38.14241, -12.69836, 0.0 ], [ -38.14237, -12.69828, 0.0 ], [ -38.14237, -12.69821, 0.0 ], [ -38.14238, -12.69812, 0.0 ], [ -38.14242, -12.69801, 0.0 ], [ -38.1425, -12.69786, 0.0 ], [ -38.1426, -12.6977, 0.0 ], [ -38.14272, -12.69756, 0.0 ], [ -38.14289, -12.69737, 0.0 ], [ -38.14304, -12.69719, 0.0 ], [ -38.14308, -12.69712, 0.0 ], [ -38.14308, -12.69707, 0.0 ], [ -38.14304, -12.69705, 0.0 ], [ -38.14295, -12.69702, 0.0 ], [ -38.14287, -12.69702, 0.0 ], [ -38.14276, -12.69702, 0.0 ], [ -38.14263, -12.69705, 0.0 ], [ -38.14248, -12.69706, 0.0 ], [ -38.14229, -12.69707, 0.0 ], [ -38.14209, -12.69705, 0.0 ], [ -38.14197, -12.69702, 0.0 ], [ -38.14195, -12.69702, 0.0 ], [ -38.14178, -12.69695, 0.0 ], [ -38.14163, -12.6969, 0.0 ], [ -38.14152, -12.69687, 0.0 ], [ -38.14137, -12.69688, 0.0 ], [ -38.14128, -12.69691, 0.0 ], [ -38.14121, -12.69697, 0.0 ], [ -38.14116, -12.697, 0.0 ], [ -38.14112, -12.69704, 0.0 ], [ -38.14107, -12.69708, 0.0 ], [ -38.14092, -12.69721, 0.0 ], [ -38.14081, -12.69733, 0.0 ], [ -38.13997, -12.69737, 0.0 ], [ -38.13993, -12.69709, 0.0 ], [ -38.13991, -12.69697, 0.0 ], [ -38.13986, -12.69679, 0.0 ], [ -38.13984, -12.69667, 0.0 ], [ -38.13982, -12.69659, 0.0 ], [ -38.13977, -12.69642, 0.0 ], [ -38.13971, -12.69624, 0.0 ], [ -38.13966, -12.69603, 0.0 ], [ -38.13963, -12.69589, 0.0 ], [ -38.13959, -12.69564, 0.0 ], [ -38.13954, -12.69531, 0.0 ], [ -38.13951, -12.69509, 0.0 ], [ -38.13951, -12.69487, 0.0 ], [ -38.1395, -12.69473, 0.0 ], [ -38.1395, -12.69458, 0.0 ], [ -38.13954, -12.69431, 0.0 ], [ -38.13955, -12.69417, 0.0 ], [ -38.1396, -12.69396, 0.0 ], [ -38.13965, -12.69376, 0.0 ], [ -38.13975, -12.69345, 0.0 ], [ -38.13987, -12.69298, 0.0 ], [ -38.13996, -12.69267, 0.0 ], [ -38.14001, -12.69253, 0.0 ], [ -38.14006, -12.6924, 0.0 ], [ -38.14014, -12.69223, 0.0 ], [ -38.14031, -12.69192, 0.0 ], [ -38.14041, -12.69172, 0.0 ], [ -38.1405, -12.69147, 0.0 ], [ -38.14053, -12.69127, 0.0 ], [ -38.14059, -12.69096, 0.0 ], [ -38.14059, -12.69082, 0.0 ], [ -38.14062, -12.69067, 0.0 ], [ -38.14064, -12.69059, 0.0 ], [ -38.14068, -12.69051, 0.0 ], [ -38.14074, -12.69042, 0.0 ], [ -38.14078, -12.69028, 0.0 ], [ -38.14082, -12.69013, 0.0 ], [ -38.14085, -12.69006, 0.0 ], [ -38.14022, -12.68967, 0.0 ], [ -38.14005, -12.68988, 0.0 ], [ -38.1397, -12.69014, 0.0 ], [ -38.13931, -12.69031, 0.0 ], [ -38.13896, -12.69047, 0.0 ], [ -38.13878, -12.69057, 0.0 ], [ -38.13855, -12.69073, 0.0 ], [ -38.13837, -12.69085, 0.0 ], [ -38.13829, -12.69095, 0.0 ], [ -38.13818, -12.69119, 0.0 ], [ -38.13801, -12.69155, 0.0 ], [ -38.13707, -12.69112, 0.0 ], [ -38.13703, -12.69107, 0.0 ], [ -38.13685, -12.69022, 0.0 ], [ -38.13684, -12.69016, 0.0 ], [ -38.13683, -12.69015, 0.0 ], [ -38.13656, -12.68914, 0.0 ], [ -38.13653, -12.68849, 0.0 ], [ -38.13593, -12.68852, 0.0 ], [ -38.13539, -12.68754, 0.0 ], [ -38.13366, -12.68648, 0.0 ], [ -38.13352, -12.68596, 0.0 ], [ -38.1333, -12.68565, 0.0 ], [ -38.13312, -12.68538, 0.0 ], [ -38.13293, -12.68526, 0.0 ], [ -38.1328, -12.68519, 0.0 ], [ -38.13257, -12.68503, 0.0 ], [ -38.13254, -12.68497, 0.0 ], [ -38.13257, -12.68486, 0.0 ], [ -38.13263, -12.68449, 0.0 ], [ -38.13268, -12.68386, 0.0 ], [ -38.13265, -12.68368, 0.0 ], [ -38.13257, -12.68357, 0.0 ], [ -38.13246, -12.6835, 0.0 ], [ -38.13225, -12.68345, 0.0 ], [ -38.13197, -12.68347, 0.0 ], [ -38.13157, -12.68352, 0.0 ], [ -38.13136, -12.68354, 0.0 ], [ -38.13114, -12.68347, 0.0 ], [ -38.13099, -12.68338, 0.0 ], [ -38.13084, -12.68327, 0.0 ], [ -38.13065, -12.68314, 0.0 ], [ -38.13039, -12.68303, 0.0 ], [ -38.13017, -12.68294, 0.0 ], [ -38.12983, -12.68281, 0.0 ], [ -38.12918, -12.68219, 0.0 ], [ -38.12897, -12.68195, 0.0 ], [ -38.12865, -12.68162, 0.0 ], [ -38.12841, -12.68132, 0.0 ], [ -38.12824, -12.68104, 0.0 ], [ -38.12802, -12.68073, 0.0 ], [ -38.12786, -12.68037, 0.0 ], [ -38.12777, -12.68019, 0.0 ], [ -38.12771, -12.68008, 0.0 ], [ -38.12762, -12.67996, 0.0 ], [ -38.12751, -12.67983, 0.0 ], [ -38.12726, -12.67967, 0.0 ], [ -38.12692, -12.67947, 0.0 ], [ -38.12669, -12.67928, 0.0 ], [ -38.12632, -12.67903, 0.0 ], [ -38.12576, -12.67862, 0.0 ], [ -38.12567, -12.67848, 0.0 ], [ -38.12559, -12.67825, 0.0 ], [ -38.12558, -12.67794, 0.0 ], [ -38.12558, -12.6778, 0.0 ], [ -38.12561, -12.67764, 0.0 ], [ -38.12567, -12.67756, 0.0 ], [ -38.12576, -12.67744, 0.0 ], [ -38.12598, -12.67724, 0.0 ], [ -38.12627, -12.67695, 0.0 ], [ -38.12641, -12.67679, 0.0 ], [ -38.12655, -12.67663, 0.0 ], [ -38.12662, -12.67646, 0.0 ], [ -38.12669, -12.67618, 0.0 ], [ -38.12677, -12.676, 0.0 ], [ -38.12691, -12.67578, 0.0 ], [ -38.12709, -12.67555, 0.0 ], [ -38.12733, -12.67523, 0.0 ], [ -38.12749, -12.67498, 0.0 ], [ -38.12761, -12.67474, 0.0 ], [ -38.1276, -12.67455, 0.0 ], [ -38.12755, -12.67439, 0.0 ], [ -38.12747, -12.67418, 0.0 ], [ -38.12739, -12.67389, 0.0 ], [ -38.12739, -12.67358, 0.0 ], [ -38.12749, -12.67318, 0.0 ], [ -38.12801, -12.67234, 0.0 ], [ -38.12832, -12.6718, 0.0 ], [ -38.12836, -12.67152, 0.0 ], [ -38.12837, -12.67134, 0.0 ], [ -38.12829, -12.67115, 0.0 ], [ -38.12823, -12.67088, 0.0 ], [ -38.12817, -12.67067, 0.0 ], [ -38.12812, -12.67044, 0.0 ], [ -38.12806, -12.67024, 0.0 ], [ -38.1279, -12.67006, 0.0 ], [ -38.12771, -12.66994, 0.0 ], [ -38.12747, -12.66985, 0.0 ], [ -38.12717, -12.6698, 0.0 ], [ -38.1268, -12.66982, 0.0 ], [ -38.12659, -12.66985, 0.0 ], [ -38.12635, -12.66992, 0.0 ], [ -38.12618, -12.67004, 0.0 ], [ -38.12599, -12.67022, 0.0 ], [ -38.12593, -12.67027, 0.0 ], [ -38.12591, -12.6703, 0.0 ], [ -38.12581, -12.67035, 0.0 ], [ -38.1257, -12.67039, 0.0 ], [ -38.12561, -12.6704, 0.0 ], [ -38.12548, -12.6704, 0.0 ], [ -38.12542, -12.67038, 0.0 ], [ -38.12532, -12.67034, 0.0 ], [ -38.12517, -12.6703, 0.0 ], [ -38.1251, -12.67025, 0.0 ], [ -38.12502, -12.67021, 0.0 ], [ -38.12487, -12.6701, 0.0 ], [ -38.12469, -12.66996, 0.0 ], [ -38.12453, -12.66983, 0.0 ], [ -38.12427, -12.66969, 0.0 ], [ -38.12398, -12.6696, 0.0 ], [ -38.12353, -12.66951, 0.0 ], [ -38.12333, -12.66951, 0.0 ], [ -38.12316, -12.66955, 0.0 ], [ -38.12302, -12.66959, 0.0 ], [ -38.12285, -12.66967, 0.0 ], [ -38.12196, -12.66992, 0.0 ], [ -38.12165, -12.67015, 0.0 ], [ -38.12121, -12.67037, 0.0 ], [ -38.12075, -12.67049, 0.0 ], [ -38.11837, -12.66966, 0.0 ], [ -38.11756, -12.66928, 0.0 ], [ -38.11713, -12.66889, 0.0 ], [ -38.11686, -12.66867, 0.0 ], [ -38.11665, -12.66867, 0.0 ], [ -38.11648, -12.66873, 0.0 ], [ -38.11562, -12.66909, 0.0 ], [ -38.11497, -12.66938, 0.0 ], [ -38.11452, -12.66961, 0.0 ], [ -38.11439, -12.66964, 0.0 ], [ -38.11426, -12.66965, 0.0 ], [ -38.11408, -12.66928, 0.0 ], [ -38.11378, -12.6687, 0.0 ], [ -38.11351, -12.66833, 0.0 ], [ -38.11328, -12.6681, 0.0 ], [ -38.11308, -12.66791, 0.0 ], [ -38.11273, -12.66764, 0.0 ], [ -38.1124, -12.66741, 0.0 ], [ -38.112, -12.66685, 0.0 ], [ -38.11173, -12.66627, 0.0 ], [ -38.11098, -12.66485, 0.0 ], [ -38.11066, -12.66439, 0.0 ], [ -38.11042, -12.66411, 0.0 ], [ -38.1101, -12.66381, 0.0 ], [ -38.10956, -12.66324, 0.0 ], [ -38.10935, -12.66294, 0.0 ], [ -38.1091, -12.66258, 0.0 ], [ -38.10865, -12.66188, 0.0 ], [ -38.10834, -12.66137, 0.0 ], [ -38.10799, -12.66098, 0.0 ], [ -38.10735, -12.66036, 0.0 ], [ -38.10385, -12.6589, 0.0 ], [ -38.10132, -12.66095, 0.0 ], [ -38.10092, -12.66005, 0.0 ], [ -38.10064, -12.6594, 0.0 ], [ -38.10065, -12.65913, 0.0 ], [ -38.10098, -12.65917, 0.0 ], [ -38.10119, -12.65926, 0.0 ], [ -38.10204, -12.65941, 0.0 ], [ -38.10255, -12.65821, 0.0 ], [ -38.10247, -12.65817, 0.0 ], [ -38.10265, -12.65678, 0.0 ], [ -38.09973, -12.65402, 0.0 ], [ -38.09905, -12.65314, 0.0 ], [ -38.09857, -12.65234, 0.0 ], [ -38.09823, -12.65182, 0.0 ], [ -38.09796, -12.65122, 0.0 ], [ -38.09765, -12.65036, 0.0 ], [ -38.09742, -12.64965, 0.0 ], [ -38.09726, -12.64915, 0.0 ], [ -38.09694, -12.64813, 0.0 ], [ -38.09683, -12.64791, 0.0 ], [ -38.0967, -12.64777, 0.0 ], [ -38.09645, -12.64789, 0.0 ], [ -38.09574, -12.64846, 0.0 ], [ -38.09499, -12.64909, 0.0 ], [ -38.0945, -12.64955, 0.0 ], [ -38.09429, -12.64938, 0.0 ], [ -38.09342, -12.64869, 0.0 ], [ -38.09218, -12.64791, 0.0 ], [ -38.0915, -12.64718, 0.0 ], [ -38.09016, -12.64641, 0.0 ], [ -38.09039, -12.64613, 0.0 ], [ -38.09124, -12.64579, 0.0 ], [ -38.09175, -12.64525, 0.0 ], [ -38.09208, -12.64476, 0.0 ], [ -38.09277, -12.64376, 0.0 ], [ -38.09195, -12.64337, 0.0 ], [ -38.09136, -12.64309, 0.0 ], [ -38.09116, -12.64289, 0.0 ], [ -38.09057, -12.64244, 0.0 ], [ -38.09031, -12.64233, 0.0 ], [ -38.08997, -12.64211, 0.0 ], [ -38.0895, -12.6417, 0.0 ], [ -38.08915, -12.6414, 0.0 ], [ -38.08765, -12.64008, 0.0 ], [ -38.08669, -12.63921, 0.0 ], [ -38.08593, -12.63831, 0.0 ], [ -38.08537, -12.63756, 0.0 ], [ -38.08497, -12.63684, 0.0 ], [ -38.08445, -12.63639, 0.0 ], [ -38.08403, -12.63606, 0.0 ], [ -38.08329, -12.63566, 0.0 ], [ -38.08302, -12.63541, 0.0 ], [ -38.08257, -12.63519, 0.0 ], [ -38.08206, -12.63499, 0.0 ], [ -38.08172, -12.63482, 0.0 ], [ -38.08152, -12.63508, 0.0 ], [ -38.08036, -12.6343, 0.0 ], [ -38.08, -12.63405, 0.0 ], [ -38.07955, -12.63375, 0.0 ], [ -38.07904, -12.6343, 0.0 ], [ -38.07894, -12.63417, 0.0 ], [ -38.07825, -12.63454, 0.0 ], [ -38.07844, -12.63481, 0.0 ], [ -38.07798, -12.63496, 0.0 ], [ -38.07807, -12.63515, 0.0 ], [ -38.07791, -12.63518, 0.0 ], [ -38.07755, -12.63532, 0.0 ], [ -38.07699, -12.63451, 0.0 ], [ -38.077, -12.63434, 0.0 ], [ -38.07683, -12.6332, 0.0 ], [ -38.07672, -12.63259, 0.0 ], [ -38.07648, -12.63113, 0.0 ], [ -38.0764, -12.6308, 0.0 ], [ -38.07606, -12.63046, 0.0 ], [ -38.07571, -12.63021, 0.0 ], [ -38.07477, -12.62956, 0.0 ], [ -38.07401, -12.62907, 0.0 ], [ -38.07346, -12.62858, 0.0 ], [ -38.07356, -12.62814, 0.0 ], [ -38.07372, -12.62793, 0.0 ], [ -38.07383, -12.62785, 0.0 ], [ -38.0741, -12.6277, 0.0 ], [ -38.074, -12.62725, 0.0 ], [ -38.07396, -12.6256, 0.0 ], [ -38.07408, -12.62527, 0.0 ], [ -38.07448, -12.62468, 0.0 ], [ -38.07185, -12.62155, 0.0 ], [ -38.07174, -12.62152, 0.0 ], [ -38.07153, -12.62139, 0.0 ], [ -38.07141, -12.62125, 0.0 ], [ -38.07136, -12.62108, 0.0 ], [ -38.07137, -12.62077, 0.0 ], [ -38.07139, -12.62062, 0.0 ], [ -38.07145, -12.62042, 0.0 ], [ -38.07162, -12.62003, 0.0 ], [ -38.07223, -12.61935, 0.0 ], [ -38.07338, -12.61877, 0.0 ], [ -38.07381, -12.61847, 0.0 ], [ -38.07411, -12.61823, 0.0 ], [ -38.07433, -12.6178, 0.0 ], [ -38.07488, -12.61559, 0.0 ], [ -38.07483, -12.61513, 0.0 ], [ -38.07449, -12.61469, 0.0 ], [ -38.07419, -12.61447, 0.0 ], [ -38.07384, -12.61434, 0.0 ], [ -38.07335, -12.6138, 0.0 ], [ -38.07323, -12.61317, 0.0 ], [ -38.07341, -12.61169, 0.0 ], [ -38.07394, -12.60969, 0.0 ], [ -38.074, -12.60915, 0.0 ], [ -38.07481, -12.60758, 0.0 ], [ -38.07509, -12.60724, 0.0 ], [ -38.07566, -12.60683, 0.0 ], [ -38.07593, -12.60647, 0.0 ], [ -38.07603, -12.60615, 0.0 ], [ -38.07316, -12.60602, 0.0 ], [ -38.07164, -12.60494, 0.0 ], [ -38.06917, -12.60493, 0.0 ], [ -38.06738, -12.60357, 0.0 ], [ -38.06317, -12.61141, 0.0 ], [ -38.06246, -12.61092, 0.0 ], [ -38.06119, -12.60884, 0.0 ], [ -38.06013, -12.60738, 0.0 ], [ -38.05927, -12.60704, 0.0 ], [ -38.05774, -12.60575, 0.0 ], [ -38.0591, -12.60355, 0.0 ], [ -38.05588, -12.60147, 0.0 ], [ -38.05867, -12.59698, 0.0 ], [ -38.05845, -12.59672, 0.0 ], [ -38.05825, -12.59653, 0.0 ], [ -38.05755, -12.5959, 0.0 ], [ -38.0565, -12.59495, 0.0 ], [ -38.05569, -12.59416, 0.0 ], [ -38.05492, -12.5933, 0.0 ], [ -38.05468, -12.5932, 0.0 ], [ -38.05343, -12.59268, 0.0 ], [ -38.05301, -12.5925, 0.0 ], [ -38.05342, -12.59159, 0.0 ], [ -38.05347, -12.59094, 0.0 ], [ -38.05371, -12.59029, 0.0 ], [ -38.0541, -12.58985, 0.0 ], [ -38.05475, -12.58959, 0.0 ], [ -38.05525, -12.58989, 0.0 ], [ -38.05628, -12.58933, 0.0 ], [ -38.05757, -12.58899, 0.0 ], [ -38.05865, -12.58933, 0.0 ], [ -38.05933, -12.59031, 0.0 ], [ -38.05934, -12.59033, 0.0 ], [ -38.05874, -12.58872, 0.0 ], [ -38.05814, -12.58846, 0.0 ], [ -38.05723, -12.58783, 0.0 ], [ -38.05619, -12.58713, 0.0 ], [ -38.05586, -12.58758, 0.0 ], [ -38.05542, -12.58803, 0.0 ], [ -38.05477, -12.58764, 0.0 ], [ -38.05448, -12.58792, 0.0 ], [ -38.05397, -12.58849, 0.0 ], [ -38.05366, -12.58868, 0.0 ], [ -38.05334, -12.58871, 0.0 ], [ -38.05315, -12.58837, 0.0 ], [ -38.05264, -12.58746, 0.0 ], [ -38.05257, -12.58733, 0.0 ], [ -38.05192, -12.58773, 0.0 ], [ -38.05168, -12.58776, 0.0 ], [ -38.05133, -12.58748, 0.0 ], [ -38.05044, -12.58622, 0.0 ], [ -38.05002, -12.58526, 0.0 ], [ -38.04998, -12.58443, 0.0 ], [ -38.05047, -12.58373, 0.0 ], [ -38.05004, -12.58341, 0.0 ], [ -38.0467, -12.58201, 0.0 ], [ -38.04671, -12.58205, 0.0 ], [ -38.0468, -12.58236, 0.0 ], [ -38.04713, -12.58342, 0.0 ], [ -38.04713, -12.58342, 0.0 ], [ -38.04713, -12.58386, 0.0 ], [ -38.04713, -12.58386, 0.0 ], [ -38.0471, -12.58397, 0.0 ], [ -38.04706, -12.58411, 0.0 ], [ -38.04702, -12.58428, 0.0 ], [ -38.04668, -12.58458, 0.0 ], [ -38.04628, -12.58467, 0.0 ], [ -38.04567, -12.58471, 0.0 ], [ -38.04529, -12.58478, 0.0 ], [ -38.0448, -12.58488, 0.0 ], [ -38.04441, -12.58504, 0.0 ], [ -38.04361, -12.58554, 0.0 ], [ -38.04304, -12.58591, 0.0 ], [ -38.04248, -12.58628, 0.0 ], [ -38.04172, -12.58672, 0.0 ], [ -38.0413, -12.58689, 0.0 ], [ -38.04128, -12.5869, 0.0 ] ], [ [ -38.05179, -12.60353, 0.0 ], [ -38.05057, -12.60445, 0.0 ], [ -38.05019, -12.60385, 0.0 ], [ -38.05006, -12.60392, 0.0 ], [ -38.04908, -12.60244, 0.0 ], [ -38.04918, -12.60239, 0.0 ], [ -38.04853, -12.60135, 0.0 ], [ -38.04718, -12.60215, 0.0 ], [ -38.04664, -12.60108, 0.0 ], [ -38.0466, -12.60088, 0.0 ], [ -38.04628, -12.6, 0.0 ], [ -38.04563, -12.59909, 0.0 ], [ -38.04509, -12.59857, 0.0 ], [ -38.04325, -12.5959, 0.0 ], [ -38.04308, -12.59523, 0.0 ], [ -38.04326, -12.59472, 0.0 ], [ -38.0435, -12.59427, 0.0 ], [ -38.04392, -12.59375, 0.0 ], [ -38.04507, -12.59303, 0.0 ], [ -38.0456, -12.59348, 0.0 ], [ -38.04588, -12.59365, 0.0 ], [ -38.04625, -12.59385, 0.0 ], [ -38.04673, -12.59404, 0.0 ], [ -38.04722, -12.59425, 0.0 ], [ -38.04775, -12.59455, 0.0 ], [ -38.04799, -12.59471, 0.0 ], [ -38.04823, -12.59494, 0.0 ], [ -38.04832, -12.59504, 0.0 ], [ -38.0484, -12.59512, 0.0 ], [ -38.04846, -12.5952, 0.0 ], [ -38.04848, -12.59618, 0.0 ], [ -38.04872, -12.5967, 0.0 ], [ -38.04902, -12.59713, 0.0 ], [ -38.04969, -12.59791, 0.0 ], [ -38.0499, -12.59822, 0.0 ], [ -38.05054, -12.5988, 0.0 ], [ -38.05082, -12.59902, 0.0 ], [ -38.05102, -12.59918, 0.0 ], [ -38.05116, -12.59945, 0.0 ], [ -38.05131, -12.59958, 0.0 ], [ -38.05153, -12.59973, 0.0 ], [ -38.0524, -12.60057, 0.0 ], [ -38.05292, -12.60109, 0.0 ], [ -38.05327, -12.60146, 0.0 ], [ -38.05337, -12.6016, 0.0 ], [ -38.05367, -12.60194, 0.0 ], [ -38.05379, -12.60208, 0.0 ], [ -38.05306, -12.60263, 0.0 ], [ -38.05179, -12.60353, 0.0 ] ], [ [ -38.13021, -12.69819, 0.0 ], [ -38.13057, -12.6985, 0.0 ], [ -38.13009, -12.69901, 0.0 ], [ -38.13004, -12.69904, 0.0 ], [ -38.12994, -12.69897, 0.0 ], [ -38.12959, -12.69866, 0.0 ], [ -38.12886, -12.69796, 0.0 ], [ -38.12908, -12.69775, 0.0 ], [ -38.12968, -12.6975, 0.0 ], [ -38.12994, -12.69758, 0.0 ], [ -38.13041, -12.69796, 0.0 ], [ -38.13021, -12.69819, 0.0 ] ] ] ] } },
{ "type": "Feature", "properties": { "Id": 102, "Name": "ZOC 4", "DISTRITO": "ABRANTES", "categoria": "ZOC", "perímetro_ellip_m": 14965.8, "área_ellip_m²": 5223735.6 }, "geometry": { "type": "MultiPolygon", "coordinates": [ [ [ [ -38.2671, -12.81743, 0.0 ], [ -38.26657, -12.81813, 0.0 ], [ -38.26587, -12.81787, 0.0 ], [ -38.26524, -12.81778, 0.0 ], [ -38.26418, -12.81839, 0.0 ], [ -38.2628, -12.81913, 0.0 ], [ -38.26242, -12.81937, 0.0 ], [ -38.26209, -12.81952, 0.0 ], [ -38.2619, -12.81938, 0.0 ], [ -38.26167, -12.81911, 0.0 ], [ -38.26091, -12.81934, 0.0 ], [ -38.26021, -12.81977, 0.0 ], [ -38.26077, -12.82022, 0.0 ], [ -38.26143, -12.82079, 0.0 ], [ -38.26115, -12.82138, 0.0 ], [ -38.26067, -12.82153, 0.0 ], [ -38.25997, -12.82141, 0.0 ], [ -38.25936, -12.82137, 0.0 ], [ -38.25902, -12.82147, 0.0 ], [ -38.25886, -12.82197, 0.0 ], [ -38.25846, -12.8228, 0.0 ], [ -38.25863, -12.82306, 0.0 ], [ -38.25913, -12.82342, 0.0 ], [ -38.25947, -12.82404, 0.0 ], [ -38.25866, -12.82486, 0.0 ], [ -38.25839, -12.82509, 0.0 ], [ -38.26019, -12.82573, 0.0 ], [ -38.26095, -12.82597, 0.0 ], [ -38.2618, -12.82619, 0.0 ], [ -38.26254, -12.82636, 0.0 ], [ -38.2635, -12.82669, 0.0 ], [ -38.2641, -12.82696, 0.0 ], [ -38.26455, -12.82718, 0.0 ], [ -38.26499, -12.82737, 0.0 ], [ -38.26551, -12.82757, 0.0 ], [ -38.26581, -12.82768, 0.0 ], [ -38.26609, -12.82778, 0.0 ], [ -38.26637, -12.82789, 0.0 ], [ -38.26679, -12.82808, 0.0 ], [ -38.26712, -12.82826, 0.0 ], [ -38.26748, -12.82848, 0.0 ], [ -38.26775, -12.82865, 0.0 ], [ -38.268, -12.82883, 0.0 ], [ -38.26837, -12.82912, 0.0 ], [ -38.2686, -12.82933, 0.0 ], [ -38.26885, -12.82957, 0.0 ], [ -38.26915, -12.82991, 0.0 ], [ -38.2694, -12.83026, 0.0 ], [ -38.26966, -12.83064, 0.0 ], [ -38.26996, -12.83112, 0.0 ], [ -38.27034, -12.83173, 0.0 ], [ -38.27073, -12.83236, 0.0 ], [ -38.27132, -12.8333, 0.0 ], [ -38.27176, -12.83401, 0.0 ], [ -38.27201, -12.8344, 0.0 ], [ -38.27234, -12.83493, 0.0 ], [ -38.27267, -12.83545, 0.0 ], [ -38.27308, -12.83612, 0.0 ], [ -38.27332, -12.83651, 0.0 ], [ -38.2739, -12.83743, 0.0 ], [ -38.27424, -12.83797, 0.0 ], [ -38.27456, -12.83849, 0.0 ], [ -38.2749, -12.83902, 0.0 ], [ -38.27539, -12.83982, 0.0 ], [ -38.27589, -12.84061, 0.0 ], [ -38.2763, -12.84126, 0.0 ], [ -38.27649, -12.84153, 0.0 ], [ -38.27663, -12.84172, 0.0 ], [ -38.27771, -12.84331, 0.0 ], [ -38.27819, -12.84402, 0.0 ], [ -38.27819, -12.84402, 0.0 ], [ -38.2783, -12.84425, 0.0 ], [ -38.27841, -12.84447, 0.0 ], [ -38.27865, -12.84498, 0.0 ], [ -38.27883, -12.84536, 0.0 ], [ -38.27926, -12.84606, 0.0 ], [ -38.27983, -12.84699, 0.0 ], [ -38.28046, -12.84801, 0.0 ], [ -38.28136, -12.84946, 0.0 ], [ -38.2816, -12.84986, 0.0 ], [ -38.28186, -12.85027, 0.0 ], [ -38.28248, -12.85128, 0.0 ], [ -38.28297, -12.85206, 0.0 ], [ -38.28332, -12.85265, 0.0 ], [ -38.28352, -12.85303, 0.0 ], [ -38.28359, -12.85317, 0.0 ], [ -38.2837, -12.85342, 0.0 ], [ -38.28415, -12.85448, 0.0 ], [ -38.28417, -12.85451, 0.0 ], [ -38.2854, -12.85481, 0.0 ], [ -38.28619, -12.85494, 0.0 ], [ -38.28678, -12.85491, 0.0 ], [ -38.28733, -12.85466, 0.0 ], [ -38.28814, -12.85424, 0.0 ], [ -38.28915, -12.85371, 0.0 ], [ -38.28995, -12.85323, 0.0 ], [ -38.28987, -12.85114, 0.0 ], [ -38.28952, -12.8508, 0.0 ], [ -38.28834, -12.84988, 0.0 ], [ -38.28824, -12.84938, 0.0 ], [ -38.28809, -12.8487, 0.0 ], [ -38.28791, -12.84805, 0.0 ], [ -38.28783, -12.84747, 0.0 ], [ -38.2878, -12.84727, 0.0 ], [ -38.28779, -12.84717, 0.0 ], [ -38.2878, -12.84647, 0.0 ], [ -38.28781, -12.84582, 0.0 ], [ -38.28784, -12.8455, 0.0 ], [ -38.28781, -12.84534, 0.0 ], [ -38.28776, -12.84492, 0.0 ], [ -38.28769, -12.84451, 0.0 ], [ -38.28763, -12.84429, 0.0 ], [ -38.28749, -12.84389, 0.0 ], [ -38.28738, -12.84352, 0.0 ], [ -38.28719, -12.84247, 0.0 ], [ -38.28653, -12.84157, 0.0 ], [ -38.28518, -12.84118, 0.0 ], [ -38.28516, -12.84059, 0.0 ], [ -38.28525, -12.83902, 0.0 ], [ -38.28539, -12.83751, 0.0 ], [ -38.28401, -12.83409, 0.0 ], [ -38.28313, -12.8332, 0.0 ], [ -38.28314, -12.83245, 0.0 ], [ -38.28232, -12.83113, 0.0 ], [ -38.28316, -12.83068, 0.0 ], [ -38.28367, -12.83097, 0.0 ], [ -38.2838, -12.83102, 0.0 ], [ -38.28387, -12.83103, 0.0 ], [ -38.28424, -12.83051, 0.0 ], [ -38.28379, -12.83027, 0.0 ], [ -38.28366, -12.8303, 0.0 ], [ -38.28353, -12.83026, 0.0 ], [ -38.28356, -12.83001, 0.0 ], [ -38.28365, -12.82957, 0.0 ], [ -38.28383, -12.82914, 0.0 ], [ -38.28407, -12.82864, 0.0 ], [ -38.28415, -12.82815, 0.0 ], [ -38.28389, -12.82805, 0.0 ], [ -38.28315, -12.82793, 0.0 ], [ -38.28249, -12.82749, 0.0 ], [ -38.28214, -12.82711, 0.0 ], [ -38.28175, -12.8268, 0.0 ], [ -38.28195, -12.82617, 0.0 ], [ -38.28144, -12.82596, 0.0 ], [ -38.2807, -12.82548, 0.0 ], [ -38.27959, -12.82452, 0.0 ], [ -38.27924, -12.82367, 0.0 ], [ -38.27862, -12.82294, 0.0 ], [ -38.27821, -12.82243, 0.0 ], [ -38.27855, -12.82199, 0.0 ], [ -38.27917, -12.8213, 0.0 ], [ -38.27925, -12.82032, 0.0 ], [ -38.27898, -12.81915, 0.0 ], [ -38.27882, -12.81864, 0.0 ], [ -38.27863, -12.81836, 0.0 ], [ -38.27844, -12.81816, 0.0 ], [ -38.2783, -12.8181, 0.0 ], [ -38.27795, -12.81804, 0.0 ], [ -38.27723, -12.81819, 0.0 ], [ -38.27629, -12.81871, 0.0 ], [ -38.2762, -12.81886, 0.0 ], [ -38.27603, -12.81965, 0.0 ], [ -38.27599, -12.82022, 0.0 ], [ -38.27593, -12.82046, 0.0 ], [ -38.27582, -12.82078, 0.0 ], [ -38.27576, -12.821, 0.0 ], [ -38.27566, -12.82121, 0.0 ], [ -38.27552, -12.82139, 0.0 ], [ -38.27525, -12.8216, 0.0 ], [ -38.27511, -12.82171, 0.0 ], [ -38.27483, -12.82202, 0.0 ], [ -38.27473, -12.82194, 0.0 ], [ -38.27452, -12.82176, 0.0 ], [ -38.27371, -12.821, 0.0 ], [ -38.27306, -12.82045, 0.0 ], [ -38.27164, -12.81927, 0.0 ], [ -38.27129, -12.81894, 0.0 ], [ -38.27052, -12.81956, 0.0 ], [ -38.2709, -12.82015, 0.0 ], [ -38.27023, -12.82118, 0.0 ], [ -38.26939, -12.82008, 0.0 ], [ -38.26895, -12.81955, 0.0 ], [ -38.26868, -12.81904, 0.0 ], [ -38.26851, -12.81853, 0.0 ], [ -38.26826, -12.8181, 0.0 ], [ -38.26837, -12.81782, 0.0 ], [ -38.26853, -12.81755, 0.0 ], [ -38.26904, -12.81707, 0.0 ], [ -38.26916, -12.8166, 0.0 ], [ -38.26862, -12.81635, 0.0 ], [ -38.26827, -12.81647, 0.0 ], [ -38.26773, -12.81685, 0.0 ], [ -38.2671, -12.81743, 0.0 ] ], [ [ -38.26326, -12.82469, 0.0 ], [ -38.26288, -12.82564, 0.0 ], [ -38.26235, -12.82545, 0.0 ], [ -38.26178, -12.82526, 0.0 ], [ -38.26137, -12.82512, 0.0 ], [ -38.26105, -12.825, 0.0 ], [ -38.2609, -12.8249, 0.0 ], [ -38.26165, -12.82421, 0.0 ], [ -38.26225, -12.82365, 0.0 ], [ -38.2625, -12.82392, 0.0 ], [ -38.26277, -12.82418, 0.0 ], [ -38.263, -12.82445, 0.0 ], [ -38.26326, -12.82469, 0.0 ] ] ] ] } },
{ "type": "Feature", "properties": { "Id": 103, "Name": "ZUE 1", "DISTRITO": "ABRANTES", "categoria": "ZUE", "perímetro_ellip_m": 18652.3, "área_ellip_m²": 5218809.7 }, "geometry": { "type": "MultiPolygon", "coordinates": [ [ [ [ -38.24534, -12.82904, 0.0 ], [ -38.24484, -12.82957, 0.0 ], [ -38.24276, -12.82954, 0.0 ], [ -38.2414, -12.82928, 0.0 ], [ -38.2412, -12.82944, 0.0 ], [ -38.24115, -12.82951, 0.0 ], [ -38.24069, -12.8301, 0.0 ], [ -38.24082, -12.8304, 0.0 ], [ -38.24084, -12.83052, 0.0 ], [ -38.24076, -12.83063, 0.0 ], [ -38.23908, -12.83077, 0.0 ], [ -38.23944, -12.83114, 0.0 ], [ -38.23943, -12.83115, 0.0 ], [ -38.23941, -12.83139, 0.0 ], [ -38.23939, -12.83181, 0.0 ], [ -38.23952, -12.83216, 0.0 ], [ -38.23955, -12.83224, 0.0 ], [ -38.23959, -12.83231, 0.0 ], [ -38.23963, -12.83239, 0.0 ], [ -38.23985, -12.8327, 0.0 ], [ -38.23998, -12.83283, 0.0 ], [ -38.24065, -12.83345, 0.0 ], [ -38.24071, -12.83351, 0.0 ], [ -38.2408, -12.83363, 0.0 ], [ -38.24111, -12.833, 0.0 ], [ -38.2405, -12.83248, 0.0 ], [ -38.24191, -12.83158, 0.0 ], [ -38.24308, -12.83088, 0.0 ], [ -38.24356, -12.83127, 0.0 ], [ -38.24393, -12.83153, 0.0 ], [ -38.24458, -12.83109, 0.0 ], [ -38.2449, -12.83175, 0.0 ], [ -38.24458, -12.8322, 0.0 ], [ -38.24552, -12.83252, 0.0 ], [ -38.24663, -12.83585, 0.0 ], [ -38.24824, -12.83717, 0.0 ], [ -38.24814, -12.83761, 0.0 ], [ -38.2476, -12.83823, 0.0 ], [ -38.24591, -12.83867, 0.0 ], [ -38.24571, -12.83955, 0.0 ], [ -38.24626, -12.84045, 0.0 ], [ -38.24589, -12.84121, 0.0 ], [ -38.24643, -12.84325, 0.0 ], [ -38.24911, -12.84594, 0.0 ], [ -38.25211, -12.84738, 0.0 ], [ -38.25336, -12.84832, 0.0 ], [ -38.25584, -12.85001, 0.0 ], [ -38.25265, -12.85594, 0.0 ], [ -38.25459, -12.85741, 0.0 ], [ -38.25555, -12.85814, 0.0 ], [ -38.25606, -12.85876, 0.0 ], [ -38.2569, -12.85925, 0.0 ], [ -38.25912, -12.85684, 0.0 ], [ -38.25971, -12.85655, 0.0 ], [ -38.26005, -12.85656, 0.0 ], [ -38.26067, -12.85694, 0.0 ], [ -38.26109, -12.85721, 0.0 ], [ -38.26119, -12.85717, 0.0 ], [ -38.26147, -12.85699, 0.0 ], [ -38.26241, -12.85639, 0.0 ], [ -38.26286, -12.8571, 0.0 ], [ -38.26344, -12.85756, 0.0 ], [ -38.26433, -12.85847, 0.0 ], [ -38.26511, -12.85773, 0.0 ], [ -38.26579, -12.85734, 0.0 ], [ -38.26694, -12.85756, 0.0 ], [ -38.2682, -12.85796, 0.0 ], [ -38.26998, -12.858, 0.0 ], [ -38.27052, -12.85693, 0.0 ], [ -38.27123, -12.85568, 0.0 ], [ -38.27149, -12.85577, 0.0 ], [ -38.27438, -12.85681, 0.0 ], [ -38.27339, -12.85954, 0.0 ], [ -38.27537, -12.86013, 0.0 ], [ -38.27766, -12.86251, 0.0 ], [ -38.27894, -12.86145, 0.0 ], [ -38.27994, -12.86057, 0.0 ], [ -38.27967, -12.85966, 0.0 ], [ -38.27849, -12.85877, 0.0 ], [ -38.27775, -12.85795, 0.0 ], [ -38.27818, -12.8567, 0.0 ], [ -38.27729, -12.85661, 0.0 ], [ -38.27651, -12.85655, 0.0 ], [ -38.27607, -12.85631, 0.0 ], [ -38.27554, -12.8555, 0.0 ], [ -38.27503, -12.85535, 0.0 ], [ -38.27407, -12.85498, 0.0 ], [ -38.27311, -12.8549, 0.0 ], [ -38.27132, -12.85462, 0.0 ], [ -38.2698, -12.85401, 0.0 ], [ -38.26983, -12.85376, 0.0 ], [ -38.26983, -12.85374, 0.0 ], [ -38.26992, -12.85358, 0.0 ], [ -38.27002, -12.85341, 0.0 ], [ -38.26997, -12.85307, 0.0 ], [ -38.26997, -12.85306, 0.0 ], [ -38.2699, -12.85285, 0.0 ], [ -38.26987, -12.85273, 0.0 ], [ -38.26956, -12.85239, 0.0 ], [ -38.26936, -12.8518, 0.0 ], [ -38.26855, -12.85068, 0.0 ], [ -38.2683, -12.85054, 0.0 ], [ -38.26804, -12.85034, 0.0 ], [ -38.26794, -12.8502, 0.0 ], [ -38.26763, -12.85017, 0.0 ], [ -38.26738, -12.84999, 0.0 ], [ -38.26733, -12.85001, 0.0 ], [ -38.26629, -12.84998, 0.0 ], [ -38.2657, -12.84952, 0.0 ], [ -38.26428, -12.84986, 0.0 ], [ -38.26407, -12.84637, 0.0 ], [ -38.26559, -12.84402, 0.0 ], [ -38.26583, -12.84376, 0.0 ], [ -38.26584, -12.84354, 0.0 ], [ -38.26579, -12.84314, 0.0 ], [ -38.26475, -12.84265, 0.0 ], [ -38.26452, -12.84259, 0.0 ], [ -38.2645, -12.84267, 0.0 ], [ -38.26427, -12.84263, 0.0 ], [ -38.26388, -12.84257, 0.0 ], [ -38.26379, -12.84262, 0.0 ], [ -38.2636, -12.84263, 0.0 ], [ -38.26337, -12.84262, 0.0 ], [ -38.26323, -12.84215, 0.0 ], [ -38.26307, -12.84215, 0.0 ], [ -38.26263, -12.84207, 0.0 ], [ -38.26212, -12.84209, 0.0 ], [ -38.2618, -12.84186, 0.0 ], [ -38.26161, -12.84179, 0.0 ], [ -38.26145, -12.84173, 0.0 ], [ -38.2611, -12.84169, 0.0 ], [ -38.26067, -12.84172, 0.0 ], [ -38.26054, -12.84172, 0.0 ], [ -38.26043, -12.84171, 0.0 ], [ -38.26041, -12.84159, 0.0 ], [ -38.26039, -12.84148, 0.0 ], [ -38.26041, -12.84143, 0.0 ], [ -38.26054, -12.84114, 0.0 ], [ -38.26074, -12.84078, 0.0 ], [ -38.26078, -12.84071, 0.0 ], [ -38.26081, -12.84065, 0.0 ], [ -38.26086, -12.84058, 0.0 ], [ -38.26094, -12.84049, 0.0 ], [ -38.26103, -12.84042, 0.0 ], [ -38.26117, -12.84035, 0.0 ], [ -38.26117, -12.84032, 0.0 ], [ -38.26119, -12.84027, 0.0 ], [ -38.26124, -12.84027, 0.0 ], [ -38.26126, -12.84001, 0.0 ], [ -38.26127, -12.83982, 0.0 ], [ -38.2612, -12.83982, 0.0 ], [ -38.26121, -12.83962, 0.0 ], [ -38.26105, -12.83933, 0.0 ], [ -38.26092, -12.83927, 0.0 ], [ -38.26081, -12.83911, 0.0 ], [ -38.26066, -12.83893, 0.0 ], [ -38.26059, -12.8389, 0.0 ], [ -38.26046, -12.83883, 0.0 ], [ -38.26038, -12.83901, 0.0 ], [ -38.26022, -12.839, 0.0 ], [ -38.26023, -12.8389, 0.0 ], [ -38.26015, -12.83863, 0.0 ], [ -38.26013, -12.8385, 0.0 ], [ -38.2602, -12.83833, 0.0 ], [ -38.26023, -12.83816, 0.0 ], [ -38.26026, -12.83803, 0.0 ], [ -38.26029, -12.83796, 0.0 ], [ -38.26029, -12.83783, 0.0 ], [ -38.26031, -12.83778, 0.0 ], [ -38.26036, -12.83768, 0.0 ], [ -38.2604, -12.83758, 0.0 ], [ -38.2604, -12.83751, 0.0 ], [ -38.26041, -12.83745, 0.0 ], [ -38.26047, -12.83734, 0.0 ], [ -38.26043, -12.83729, 0.0 ], [ -38.25999, -12.83685, 0.0 ], [ -38.25995, -12.83681, 0.0 ], [ -38.25995, -12.83681, 0.0 ], [ -38.26012, -12.83666, 0.0 ], [ -38.26026, -12.83653, 0.0 ], [ -38.26032, -12.83648, 0.0 ], [ -38.26041, -12.83642, 0.0 ], [ -38.2605, -12.83636, 0.0 ], [ -38.26061, -12.83631, 0.0 ], [ -38.26061, -12.83623, 0.0 ], [ -38.26057, -12.83584, 0.0 ], [ -38.26047, -12.83547, 0.0 ], [ -38.26045, -12.83549, 0.0 ], [ -38.26041, -12.8355, 0.0 ], [ -38.26004, -12.83563, 0.0 ], [ -38.25994, -12.83567, 0.0 ], [ -38.25984, -12.83573, 0.0 ], [ -38.25986, -12.83576, 0.0 ], [ -38.25983, -12.83579, 0.0 ], [ -38.25976, -12.83582, 0.0 ], [ -38.25977, -12.83583, 0.0 ], [ -38.2598, -12.8359, 0.0 ], [ -38.25971, -12.83594, 0.0 ], [ -38.25971, -12.83594, 0.0 ], [ -38.25969, -12.83589, 0.0 ], [ -38.25966, -12.83591, 0.0 ], [ -38.25965, -12.8359, 0.0 ], [ -38.25965, -12.8359, 0.0 ], [ -38.25964, -12.83586, 0.0 ], [ -38.25963, -12.83585, 0.0 ], [ -38.25956, -12.83569, 0.0 ], [ -38.25958, -12.83568, 0.0 ], [ -38.2598, -12.83547, 0.0 ], [ -38.25993, -12.8354, 0.0 ], [ -38.26001, -12.83507, 0.0 ], [ -38.25999, -12.83498, 0.0 ], [ -38.25997, -12.83493, 0.0 ], [ -38.25991, -12.83469, 0.0 ], [ -38.2598, -12.83447, 0.0 ], [ -38.25979, -12.83386, 0.0 ], [ -38.2598, -12.83365, 0.0 ], [ -38.2598, -12.83361, 0.0 ], [ -38.25983, -12.83296, 0.0 ], [ -38.25969, -12.83297, 0.0 ], [ -38.25962, -12.8329, 0.0 ], [ -38.25871, -12.83301, 0.0 ], [ -38.25836, -12.83305, 0.0 ], [ -38.25823, -12.83318, 0.0 ], [ -38.25812, -12.83331, 0.0 ], [ -38.25808, -12.83333, 0.0 ], [ -38.2579, -12.83344, 0.0 ], [ -38.25778, -12.83351, 0.0 ], [ -38.25742, -12.83354, 0.0 ], [ -38.25739, -12.83391, 0.0 ], [ -38.25728, -12.83411, 0.0 ], [ -38.25699, -12.83427, 0.0 ], [ -38.25692, -12.83432, 0.0 ], [ -38.25689, -12.83444, 0.0 ], [ -38.25684, -12.8346, 0.0 ], [ -38.25689, -12.8347, 0.0 ], [ -38.25691, -12.83475, 0.0 ], [ -38.25677, -12.83492, 0.0 ], [ -38.2567, -12.83499, 0.0 ], [ -38.25665, -12.83502, 0.0 ], [ -38.25656, -12.83507, 0.0 ], [ -38.25651, -12.83511, 0.0 ], [ -38.25642, -12.8351, 0.0 ], [ -38.25636, -12.83508, 0.0 ], [ -38.2563, -12.83506, 0.0 ], [ -38.25619, -12.83497, 0.0 ], [ -38.25611, -12.83487, 0.0 ], [ -38.25602, -12.83477, 0.0 ], [ -38.25598, -12.83474, 0.0 ], [ -38.2559, -12.83471, 0.0 ], [ -38.25586, -12.83467, 0.0 ], [ -38.25564, -12.8348, 0.0 ], [ -38.25546, -12.83495, 0.0 ], [ -38.25532, -12.83502, 0.0 ], [ -38.2551, -12.83508, 0.0 ], [ -38.25492, -12.83509, 0.0 ], [ -38.25449, -12.83523, 0.0 ], [ -38.25451, -12.83529, 0.0 ], [ -38.25443, -12.83532, 0.0 ], [ -38.25439, -12.83533, 0.0 ], [ -38.25433, -12.83533, 0.0 ], [ -38.25425, -12.83533, 0.0 ], [ -38.25411, -12.83512, 0.0 ], [ -38.25406, -12.83507, 0.0 ], [ -38.25395, -12.83492, 0.0 ], [ -38.25391, -12.8349, 0.0 ], [ -38.25384, -12.83479, 0.0 ], [ -38.25367, -12.83478, 0.0 ], [ -38.25344, -12.83477, 0.0 ], [ -38.25342, -12.83469, 0.0 ], [ -38.2534, -12.8346, 0.0 ], [ -38.25334, -12.83448, 0.0 ], [ -38.25329, -12.83441, 0.0 ], [ -38.25325, -12.83438, 0.0 ], [ -38.25321, -12.83437, 0.0 ], [ -38.25322, -12.83435, 0.0 ], [ -38.25337, -12.83422, 0.0 ], [ -38.25344, -12.8342, 0.0 ], [ -38.25354, -12.83435, 0.0 ], [ -38.25376, -12.83432, 0.0 ], [ -38.25416, -12.83421, 0.0 ], [ -38.25426, -12.83412, 0.0 ], [ -38.25448, -12.83378, 0.0 ], [ -38.25472, -12.83353, 0.0 ], [ -38.25508, -12.83308, 0.0 ], [ -38.25517, -12.83294, 0.0 ], [ -38.2552, -12.83277, 0.0 ], [ -38.25525, -12.83269, 0.0 ], [ -38.25541, -12.83258, 0.0 ], [ -38.25548, -12.83256, 0.0 ], [ -38.25467, -12.8321, 0.0 ], [ -38.25436, -12.83239, 0.0 ], [ -38.25205, -12.83115, 0.0 ], [ -38.25218, -12.83018, 0.0 ], [ -38.25218, -12.83018, 0.0 ], [ -38.25217, -12.83004, 0.0 ], [ -38.25217, -12.83004, 0.0 ], [ -38.25143, -12.82921, 0.0 ], [ -38.25088, -12.82899, 0.0 ], [ -38.25077, -12.82895, 0.0 ], [ -38.25053, -12.82885, 0.0 ], [ -38.25059, -12.8286, 0.0 ], [ -38.25022, -12.82857, 0.0 ], [ -38.24948, -12.8285, 0.0 ], [ -38.24911, -12.82848, 0.0 ], [ -38.24894, -12.82849, 0.0 ], [ -38.24891, -12.82851, 0.0 ], [ -38.24878, -12.82858, 0.0 ], [ -38.24868, -12.82865, 0.0 ], [ -38.24862, -12.82869, 0.0 ], [ -38.24853, -12.82883, 0.0 ], [ -38.24839, -12.82903, 0.0 ], [ -38.24834, -12.8291, 0.0 ], [ -38.24829, -12.82895, 0.0 ], [ -38.2478, -12.82828, 0.0 ], [ -38.24842, -12.82655, 0.0 ], [ -38.24888, -12.82585, 0.0 ], [ -38.24893, -12.82578, 0.0 ], [ -38.24893, -12.82572, 0.0 ], [ -38.24845, -12.82522, 0.0 ], [ -38.24843, -12.82524, 0.0 ], [ -38.24837, -12.82525, 0.0 ], [ -38.24836, -12.82526, 0.0 ], [ -38.24829, -12.82536, 0.0 ], [ -38.24801, -12.82558, 0.0 ], [ -38.248, -12.82559, 0.0 ], [ -38.24794, -12.82564, 0.0 ], [ -38.24664, -12.82668, 0.0 ], [ -38.24631, -12.82729, 0.0 ], [ -38.24539, -12.82897, 0.0 ], [ -38.24534, -12.82904, 0.0 ] ] ] ] } },
{ "type": "Feature", "properties": { "Id": 104, "Name": "ZUE 1", "DISTRITO": "ABRANTES", "categoria": "ZUE", "perímetro_ellip_m": 12812.5, "área_ellip_m²": 4268953.6 }, "geometry": { "type": "MultiPolygon", "coordinates": [ [ [ [ -38.22999, -12.82939, 0.0 ], [ -38.231, -12.82828, 0.0 ], [ -38.23101, -12.828, 0.0 ], [ -38.22846, -12.82531, 0.0 ], [ -38.22815, -12.82353, 0.0 ], [ -38.22654, -12.82218, 0.0 ], [ -38.22932, -12.81831, 0.0 ], [ -38.2303, -12.81694, 0.0 ], [ -38.23072, -12.81643, 0.0 ], [ -38.23159, -12.81508, 0.0 ], [ -38.23222, -12.81549, 0.0 ], [ -38.23281, -12.81599, 0.0 ], [ -38.23358, -12.81655, 0.0 ], [ -38.23357, -12.81665, 0.0 ], [ -38.23365, -12.81688, 0.0 ], [ -38.23387, -12.81682, 0.0 ], [ -38.23408, -12.81679, 0.0 ], [ -38.23438, -12.81677, 0.0 ], [ -38.23497, -12.81659, 0.0 ], [ -38.23534, -12.81616, 0.0 ], [ -38.23537, -12.81545, 0.0 ], [ -38.23453, -12.81451, 0.0 ], [ -38.23425, -12.81398, 0.0 ], [ -38.23473, -12.81309, 0.0 ], [ -38.23347, -12.8119, 0.0 ], [ -38.23271, -12.81116, 0.0 ], [ -38.23289, -12.81084, 0.0 ], [ -38.22981, -12.80861, 0.0 ], [ -38.22837, -12.80757, 0.0 ], [ -38.22628, -12.80605, 0.0 ], [ -38.22561, -12.80557, 0.0 ], [ -38.22488, -12.80504, 0.0 ], [ -38.22575, -12.80403, 0.0 ], [ -38.2263, -12.8039, 0.0 ], [ -38.2266, -12.80388, 0.0 ], [ -38.22672, -12.80373, 0.0 ], [ -38.22449, -12.80212, 0.0 ], [ -38.22302, -12.80108, 0.0 ], [ -38.22253, -12.80081, 0.0 ], [ -38.22187, -12.80057, 0.0 ], [ -38.22107, -12.80044, 0.0 ], [ -38.22013, -12.80042, 0.0 ], [ -38.2192, -12.80046, 0.0 ], [ -38.21881, -12.80047, 0.0 ], [ -38.2171, -12.80371, 0.0 ], [ -38.21748, -12.80418, 0.0 ], [ -38.21725, -12.80441, 0.0 ], [ -38.21627, -12.80525, 0.0 ], [ -38.21584, -12.805, 0.0 ], [ -38.21625, -12.80407, 0.0 ], [ -38.21628, -12.80399, 0.0 ], [ -38.21615, -12.80392, 0.0 ], [ -38.21601, -12.80415, 0.0 ], [ -38.21556, -12.80396, 0.0 ], [ -38.21555, -12.8035, 0.0 ], [ -38.21542, -12.80346, 0.0 ], [ -38.21509, -12.80408, 0.0 ], [ -38.21476, -12.80401, 0.0 ], [ -38.21446, -12.80389, 0.0 ], [ -38.21393, -12.80329, 0.0 ], [ -38.21402, -12.803, 0.0 ], [ -38.21406, -12.80292, 0.0 ], [ -38.21278, -12.80229, 0.0 ], [ -38.21249, -12.80208, 0.0 ], [ -38.21237, -12.802, 0.0 ], [ -38.21235, -12.80164, 0.0 ], [ -38.21238, -12.80157, 0.0 ], [ -38.21169, -12.80118, 0.0 ], [ -38.21229, -12.80002, 0.0 ], [ -38.21169, -12.79964, 0.0 ], [ -38.21153, -12.79874, 0.0 ], [ -38.20987, -12.80227, 0.0 ], [ -38.21319, -12.80519, 0.0 ], [ -38.21194, -12.80682, 0.0 ], [ -38.21371, -12.80904, 0.0 ], [ -38.214, -12.80969, 0.0 ], [ -38.21325, -12.81036, 0.0 ], [ -38.2098, -12.81339, 0.0 ], [ -38.20983, -12.81342, 0.0 ], [ -38.21036, -12.81409, 0.0 ], [ -38.2106, -12.81457, 0.0 ], [ -38.21089, -12.8148, 0.0 ], [ -38.21122, -12.81488, 0.0 ], [ -38.21154, -12.81502, 0.0 ], [ -38.21183, -12.81534, 0.0 ], [ -38.21221, -12.81565, 0.0 ], [ -38.21247, -12.81594, 0.0 ], [ -38.21261, -12.81625, 0.0 ], [ -38.21289, -12.81662, 0.0 ], [ -38.21322, -12.81699, 0.0 ], [ -38.2135, -12.81731, 0.0 ], [ -38.214, -12.81798, 0.0 ], [ -38.21417, -12.8182, 0.0 ], [ -38.21427, -12.81832, 0.0 ], [ -38.21444, -12.81867, 0.0 ], [ -38.21444, -12.81867, 0.0 ], [ -38.21446, -12.81889, 0.0 ], [ -38.21462, -12.81916, 0.0 ], [ -38.21501, -12.81958, 0.0 ], [ -38.21532, -12.81973, 0.0 ], [ -38.21606, -12.82064, 0.0 ], [ -38.21658, -12.82098, 0.0 ], [ -38.21677, -12.82116, 0.0 ], [ -38.21835, -12.81915, 0.0 ], [ -38.21971, -12.82021, 0.0 ], [ -38.22111, -12.82167, 0.0 ], [ -38.22212, -12.82206, 0.0 ], [ -38.22347, -12.82307, 0.0 ], [ -38.22389, -12.82374, 0.0 ], [ -38.22506, -12.8249, 0.0 ], [ -38.22651, -12.82561, 0.0 ], [ -38.22738, -12.82652, 0.0 ], [ -38.22788, -12.82707, 0.0 ], [ -38.22846, -12.8277, 0.0 ], [ -38.2285, -12.82784, 0.0 ], [ -38.22999, -12.82939, 0.0 ] ] ] ] } },
{ "type": "Feature", "properties": { "Id": 105, "Name": "ZUE 1", "DISTRITO": "ABRANTES", "categoria": "ZUE", "perímetro_ellip_m": 9999.4, "área_ellip_m²": 1847771.9 }, "geometry": { "type": "MultiPolygon", "coordinates": [ [ [ [ -38.17937, -12.77193, 0.0 ], [ -38.17938, -12.77208, 0.0 ], [ -38.17947, -12.77242, 0.0 ], [ -38.17961, -12.77284, 0.0 ], [ -38.17964, -12.77291, 0.0 ], [ -38.17962, -12.77294, 0.0 ], [ -38.17974, -12.77315, 0.0 ], [ -38.17982, -12.77313, 0.0 ], [ -38.17998, -12.77339, 0.0 ], [ -38.17995, -12.77345, 0.0 ], [ -38.17969, -12.77359, 0.0 ], [ -38.17972, -12.77366, 0.0 ], [ -38.17975, -12.77377, 0.0 ], [ -38.18012, -12.77421, 0.0 ], [ -38.18013, -12.77423, 0.0 ], [ -38.18003, -12.77429, 0.0 ], [ -38.18007, -12.77435, 0.0 ], [ -38.18001, -12.77442, 0.0 ], [ -38.17999, -12.77448, 0.0 ], [ -38.18018, -12.77457, 0.0 ], [ -38.18017, -12.77469, 0.0 ], [ -38.18037, -12.77483, 0.0 ], [ -38.18053, -12.77474, 0.0 ], [ -38.1807, -12.77485, 0.0 ], [ -38.18092, -12.77497, 0.0 ], [ -38.18111, -12.77515, 0.0 ], [ -38.18109, -12.77518, 0.0 ], [ -38.1813, -12.77536, 0.0 ], [ -38.18165, -12.77573, 0.0 ], [ -38.18187, -12.77592, 0.0 ], [ -38.18228, -12.7764, 0.0 ], [ -38.18263, -12.77656, 0.0 ], [ -38.18316, -12.77689, 0.0 ], [ -38.18358, -12.77733, 0.0 ], [ -38.18406, -12.77786, 0.0 ], [ -38.18436, -12.77805, 0.0 ], [ -38.18477, -12.77825, 0.0 ], [ -38.18557, -12.7786, 0.0 ], [ -38.18653, -12.77948, 0.0 ], [ -38.18626, -12.77967, 0.0 ], [ -38.18948, -12.78272, 0.0 ], [ -38.19081, -12.78341, 0.0 ], [ -38.19136, -12.78348, 0.0 ], [ -38.19374, -12.78595, 0.0 ], [ -38.19403, -12.78624, 0.0 ], [ -38.19465, -12.7873, 0.0 ], [ -38.19568, -12.78842, 0.0 ], [ -38.19595, -12.78893, 0.0 ], [ -38.19598, -12.78938, 0.0 ], [ -38.19597, -12.78955, 0.0 ], [ -38.19594, -12.78956, 0.0 ], [ -38.19593, -12.78978, 0.0 ], [ -38.19598, -12.78982, 0.0 ], [ -38.19605, -12.78987, 0.0 ], [ -38.19615, -12.79004, 0.0 ], [ -38.19623, -12.7902, 0.0 ], [ -38.19632, -12.79034, 0.0 ], [ -38.19635, -12.79033, 0.0 ], [ -38.19636, -12.79029, 0.0 ], [ -38.19641, -12.79031, 0.0 ], [ -38.1964, -12.79034, 0.0 ], [ -38.19634, -12.79038, 0.0 ], [ -38.19638, -12.79043, 0.0 ], [ -38.19653, -12.79069, 0.0 ], [ -38.19659, -12.79065, 0.0 ], [ -38.19662, -12.79069, 0.0 ], [ -38.19657, -12.79073, 0.0 ], [ -38.19668, -12.79088, 0.0 ], [ -38.19673, -12.79085, 0.0 ], [ -38.19675, -12.79088, 0.0 ], [ -38.19671, -12.79091, 0.0 ], [ -38.19674, -12.79095, 0.0 ], [ -38.19679, -12.791, 0.0 ], [ -38.19682, -12.79112, 0.0 ], [ -38.19688, -12.79125, 0.0 ], [ -38.19698, -12.79139, 0.0 ], [ -38.19704, -12.79135, 0.0 ], [ -38.19707, -12.7914, 0.0 ], [ -38.19702, -12.79144, 0.0 ], [ -38.19705, -12.79147, 0.0 ], [ -38.19709, -12.79156, 0.0 ], [ -38.19716, -12.79164, 0.0 ], [ -38.19721, -12.79166, 0.0 ], [ -38.19729, -12.79173, 0.0 ], [ -38.19735, -12.79182, 0.0 ], [ -38.19751, -12.79207, 0.0 ], [ -38.19757, -12.79218, 0.0 ], [ -38.19761, -12.79232, 0.0 ], [ -38.19765, -12.79231, 0.0 ], [ -38.19767, -12.79234, 0.0 ], [ -38.19762, -12.79237, 0.0 ], [ -38.19771, -12.79243, 0.0 ], [ -38.19775, -12.7924, 0.0 ], [ -38.19778, -12.79243, 0.0 ], [ -38.19775, -12.79247, 0.0 ], [ -38.19781, -12.79254, 0.0 ], [ -38.19788, -12.79264, 0.0 ], [ -38.19789, -12.79264, 0.0 ], [ -38.19792, -12.79267, 0.0 ], [ -38.19791, -12.79268, 0.0 ], [ -38.19824, -12.79317, 0.0 ], [ -38.19833, -12.79333, 0.0 ], [ -38.19834, -12.79337, 0.0 ], [ -38.19842, -12.79336, 0.0 ], [ -38.19842, -12.7934, 0.0 ], [ -38.19835, -12.79342, 0.0 ], [ -38.19835, -12.79343, 0.0 ], [ -38.19836, -12.79347, 0.0 ], [ -38.19838, -12.79379, 0.0 ], [ -38.19838, -12.79387, 0.0 ], [ -38.19846, -12.79386, 0.0 ], [ -38.19847, -12.7939, 0.0 ], [ -38.19838, -12.79392, 0.0 ], [ -38.1984, -12.79406, 0.0 ], [ -38.1985, -12.79425, 0.0 ], [ -38.19878, -12.79467, 0.0 ], [ -38.19884, -12.79471, 0.0 ], [ -38.19893, -12.79478, 0.0 ], [ -38.19898, -12.79484, 0.0 ], [ -38.19906, -12.79497, 0.0 ], [ -38.19916, -12.79512, 0.0 ], [ -38.19921, -12.79509, 0.0 ], [ -38.19927, -12.79518, 0.0 ], [ -38.19934, -12.79518, 0.0 ], [ -38.19934, -12.79526, 0.0 ], [ -38.1994, -12.79531, 0.0 ], [ -38.19953, -12.79551, 0.0 ], [ -38.19956, -12.79554, 0.0 ], [ -38.19958, -12.79554, 0.0 ], [ -38.1996, -12.79552, 0.0 ], [ -38.19961, -12.79552, 0.0 ], [ -38.19963, -12.79556, 0.0 ], [ -38.1996, -12.79558, 0.0 ], [ -38.1996, -12.79559, 0.0 ], [ -38.19969, -12.79573, 0.0 ], [ -38.19973, -12.79583, 0.0 ], [ -38.19975, -12.79602, 0.0 ], [ -38.1998, -12.79609, 0.0 ], [ -38.19995, -12.79634, 0.0 ], [ -38.20003, -12.79642, 0.0 ], [ -38.2001, -12.79647, 0.0 ], [ -38.20051, -12.79667, 0.0 ], [ -38.20076, -12.79679, 0.0 ], [ -38.20088, -12.79686, 0.0 ], [ -38.20096, -12.79693, 0.0 ], [ -38.20107, -12.79708, 0.0 ], [ -38.20112, -12.79718, 0.0 ], [ -38.2014, -12.79763, 0.0 ], [ -38.20163, -12.79794, 0.0 ], [ -38.20177, -12.79802, 0.0 ], [ -38.20197, -12.79811, 0.0 ], [ -38.20206, -12.79814, 0.0 ], [ -38.20214, -12.79814, 0.0 ], [ -38.20216, -12.79809, 0.0 ], [ -38.20238, -12.79807, 0.0 ], [ -38.20258, -12.79793, 0.0 ], [ -38.20327, -12.79749, 0.0 ], [ -38.20366, -12.797, 0.0 ], [ -38.20403, -12.79614, 0.0 ], [ -38.20432, -12.79535, 0.0 ], [ -38.20508, -12.793, 0.0 ], [ -38.19901, -12.78569, 0.0 ], [ -38.19889, -12.78555, 0.0 ], [ -38.1987, -12.78532, 0.0 ], [ -38.18804, -12.77306, 0.0 ], [ -38.18608, -12.77253, 0.0 ], [ -38.18607, -12.77253, 0.0 ], [ -38.18478, -12.77224, 0.0 ], [ -38.18476, -12.77248, 0.0 ], [ -38.18476, -12.7725, 0.0 ], [ -38.18483, -12.77257, 0.0 ], [ -38.18481, -12.77259, 0.0 ], [ -38.18483, -12.77262, 0.0 ], [ -38.18506, -12.77277, 0.0 ], [ -38.18539, -12.77297, 0.0 ], [ -38.18547, -12.77302, 0.0 ], [ -38.18555, -12.77307, 0.0 ], [ -38.18571, -12.77322, 0.0 ], [ -38.18576, -12.77329, 0.0 ], [ -38.18567, -12.77336, 0.0 ], [ -38.18585, -12.77346, 0.0 ], [ -38.18586, -12.77349, 0.0 ], [ -38.18575, -12.77367, 0.0 ], [ -38.18564, -12.77362, 0.0 ], [ -38.18563, -12.77362, 0.0 ], [ -38.18559, -12.77368, 0.0 ], [ -38.18554, -12.7738, 0.0 ], [ -38.1855, -12.77395, 0.0 ], [ -38.18541, -12.77422, 0.0 ], [ -38.18545, -12.77431, 0.0 ], [ -38.18546, -12.77438, 0.0 ], [ -38.18542, -12.7745, 0.0 ], [ -38.18534, -12.7746, 0.0 ], [ -38.18528, -12.7747, 0.0 ], [ -38.18526, -12.77477, 0.0 ], [ -38.18521, -12.77494, 0.0 ], [ -38.18518, -12.77506, 0.0 ], [ -38.18501, -12.77525, 0.0 ], [ -38.1845, -12.77563, 0.0 ], [ -38.18397, -12.77604, 0.0 ], [ -38.18413, -12.77624, 0.0 ], [ -38.18398, -12.77647, 0.0 ], [ -38.18379, -12.77652, 0.0 ], [ -38.18347, -12.77608, 0.0 ], [ -38.1834, -12.77596, 0.0 ], [ -38.18338, -12.77577, 0.0 ], [ -38.18329, -12.77564, 0.0 ], [ -38.18316, -12.77563, 0.0 ], [ -38.18292, -12.77554, 0.0 ], [ -38.18265, -12.77552, 0.0 ], [ -38.18241, -12.77545, 0.0 ], [ -38.18228, -12.77536, 0.0 ], [ -38.18209, -12.77524, 0.0 ], [ -38.18203, -12.77521, 0.0 ], [ -38.18176, -12.77502, 0.0 ], [ -38.18152, -12.77469, 0.0 ], [ -38.18134, -12.77443, 0.0 ], [ -38.18112, -12.7745, 0.0 ], [ -38.18095, -12.77433, 0.0 ], [ -38.18089, -12.77435, 0.0 ], [ -38.18086, -12.77429, 0.0 ], [ -38.18077, -12.77412, 0.0 ], [ -38.18075, -12.77408, 0.0 ], [ -38.18069, -12.7741, 0.0 ], [ -38.18067, -12.77411, 0.0 ], [ -38.1806, -12.7741, 0.0 ], [ -38.18053, -12.77401, 0.0 ], [ -38.18046, -12.77386, 0.0 ], [ -38.1804, -12.77366, 0.0 ], [ -38.18027, -12.7736, 0.0 ], [ -38.18036, -12.77349, 0.0 ], [ -38.18031, -12.77337, 0.0 ], [ -38.1808, -12.77315, 0.0 ], [ -38.18069, -12.77298, 0.0 ], [ -38.18063, -12.7729, 0.0 ], [ -38.18068, -12.77286, 0.0 ], [ -38.18064, -12.77281, 0.0 ], [ -38.18063, -12.77281, 0.0 ], [ -38.18056, -12.77271, 0.0 ], [ -38.18026, -12.77228, 0.0 ], [ -38.18046, -12.77213, 0.0 ], [ -38.18044, -12.77206, 0.0 ], [ -38.18026, -12.77191, 0.0 ], [ -38.18021, -12.77195, 0.0 ], [ -38.1802, -12.77196, 0.0 ], [ -38.18012, -12.77191, 0.0 ], [ -38.17997, -12.77177, 0.0 ], [ -38.18014, -12.77154, 0.0 ], [ -38.17995, -12.77134, 0.0 ], [ -38.17978, -12.77116, 0.0 ], [ -38.17975, -12.77114, 0.0 ], [ -38.17975, -12.77114, 0.0 ], [ -38.1797, -12.77109, 0.0 ], [ -38.17944, -12.77097, 0.0 ], [ -38.17941, -12.77095, 0.0 ], [ -38.17936, -12.77089, 0.0 ], [ -38.17925, -12.77094, 0.0 ], [ -38.17915, -12.77099, 0.0 ], [ -38.17908, -12.77102, 0.0 ], [ -38.17898, -12.77106, 0.0 ], [ -38.17936, -12.77185, 0.0 ], [ -38.17937, -12.77193, 0.0 ] ] ] ] } },
{ "type": "Feature", "properties": { "Id": 106, "Name": "ZUE 1", "DISTRITO": "ABRANTES", "categoria": "ZUE", "perímetro_ellip_m": 30035.3, "área_ellip_m²": 5910450.1 }, "geometry": { "type": "MultiPolygon", "coordinates": [ [ [ [ -38.12854, -12.70799, 0.0 ], [ -38.12605, -12.70911, 0.0 ], [ -38.1248, -12.70784, 0.0 ], [ -38.12437, -12.7074, 0.0 ], [ -38.12411, -12.70714, 0.0 ], [ -38.1241, -12.70713, 0.0 ], [ -38.12293, -12.70725, 0.0 ], [ -38.12296, -12.70726, 0.0 ], [ -38.12338, -12.70737, 0.0 ], [ -38.12355, -12.70749, 0.0 ], [ -38.12377, -12.70764, 0.0 ], [ -38.12412, -12.70787, 0.0 ], [ -38.12472, -12.70891, 0.0 ], [ -38.12457, -12.70947, 0.0 ], [ -38.12449, -12.70985, 0.0 ], [ -38.12503, -12.71096, 0.0 ], [ -38.12569, -12.71182, 0.0 ], [ -38.12575, -12.71191, 0.0 ], [ -38.12607, -12.71246, 0.0 ], [ -38.12647, -12.71322, 0.0 ], [ -38.12718, -12.71419, 0.0 ], [ -38.12753, -12.71462, 0.0 ], [ -38.12808, -12.71522, 0.0 ], [ -38.12871, -12.71604, 0.0 ], [ -38.12944, -12.7169, 0.0 ], [ -38.12978, -12.71769, 0.0 ], [ -38.13088, -12.71912, 0.0 ], [ -38.13151, -12.71981, 0.0 ], [ -38.13198, -12.72023, 0.0 ], [ -38.13238, -12.7206, 0.0 ], [ -38.13341, -12.72215, 0.0 ], [ -38.13409, -12.72294, 0.0 ], [ -38.1355, -12.72464, 0.0 ], [ -38.13786, -12.72746, 0.0 ], [ -38.1393, -12.72905, 0.0 ], [ -38.14136, -12.7313, 0.0 ], [ -38.14262, -12.73246, 0.0 ], [ -38.14365, -12.73341, 0.0 ], [ -38.14417, -12.73402, 0.0 ], [ -38.14581, -12.73595, 0.0 ], [ -38.14775, -12.73804, 0.0 ], [ -38.14965, -12.74031, 0.0 ], [ -38.1503, -12.7411, 0.0 ], [ -38.15125, -12.74224, 0.0 ], [ -38.15223, -12.74352, 0.0 ], [ -38.15237, -12.7437, 0.0 ], [ -38.15516, -12.747, 0.0 ], [ -38.15562, -12.74751, 0.0 ], [ -38.15621, -12.74821, 0.0 ], [ -38.15692, -12.74909, 0.0 ], [ -38.15766, -12.75003, 0.0 ], [ -38.15806, -12.75045, 0.0 ], [ -38.15809, -12.75049, 0.0 ], [ -38.15826, -12.75068, 0.0 ], [ -38.1584, -12.75087, 0.0 ], [ -38.15897, -12.75167, 0.0 ], [ -38.15943, -12.75231, 0.0 ], [ -38.15993, -12.75296, 0.0 ], [ -38.16087, -12.75407, 0.0 ], [ -38.1616, -12.755, 0.0 ], [ -38.16304, -12.75658, 0.0 ], [ -38.16375, -12.75748, 0.0 ], [ -38.16394, -12.7577, 0.0 ], [ -38.16442, -12.75825, 0.0 ], [ -38.16501, -12.75898, 0.0 ], [ -38.16568, -12.75977, 0.0 ], [ -38.16661, -12.76082, 0.0 ], [ -38.16718, -12.76151, 0.0 ], [ -38.16721, -12.76155, 0.0 ], [ -38.16731, -12.7617, 0.0 ], [ -38.16777, -12.76241, 0.0 ], [ -38.16815, -12.76299, 0.0 ], [ -38.16833, -12.76345, 0.0 ], [ -38.16846, -12.76376, 0.0 ], [ -38.16892, -12.7644, 0.0 ], [ -38.16917, -12.76481, 0.0 ], [ -38.17018, -12.76417, 0.0 ], [ -38.17236, -12.76698, 0.0 ], [ -38.17301, -12.76777, 0.0 ], [ -38.17324, -12.76807, 0.0 ], [ -38.17331, -12.76816, 0.0 ], [ -38.17332, -12.76816, 0.0 ], [ -38.17346, -12.7683, 0.0 ], [ -38.17362, -12.76844, 0.0 ], [ -38.17374, -12.76847, 0.0 ], [ -38.17392, -12.76847, 0.0 ], [ -38.17409, -12.76849, 0.0 ], [ -38.17435, -12.76849, 0.0 ], [ -38.17454, -12.76837, 0.0 ], [ -38.17499, -12.76805, 0.0 ], [ -38.1753, -12.76773, 0.0 ], [ -38.17536, -12.76767, 0.0 ], [ -38.17541, -12.76764, 0.0 ], [ -38.17548, -12.76761, 0.0 ], [ -38.17553, -12.7676, 0.0 ], [ -38.17557, -12.76759, 0.0 ], [ -38.17562, -12.76759, 0.0 ], [ -38.17567, -12.76761, 0.0 ], [ -38.17575, -12.76765, 0.0 ], [ -38.1778, -12.77054, 0.0 ], [ -38.17807, -12.771, 0.0 ], [ -38.17862, -12.7712, 0.0 ], [ -38.17898, -12.77106, 0.0 ], [ -38.17908, -12.77102, 0.0 ], [ -38.17915, -12.77099, 0.0 ], [ -38.17925, -12.77094, 0.0 ], [ -38.17936, -12.77089, 0.0 ], [ -38.17943, -12.77085, 0.0 ], [ -38.1795, -12.77091, 0.0 ], [ -38.17966, -12.77097, 0.0 ], [ -38.17976, -12.77101, 0.0 ], [ -38.18016, -12.77117, 0.0 ], [ -38.18034, -12.77118, 0.0 ], [ -38.18082, -12.77112, 0.0 ], [ -38.1812, -12.77095, 0.0 ], [ -38.18186, -12.77062, 0.0 ], [ -38.182, -12.77052, 0.0 ], [ -38.18215, -12.77029, 0.0 ], [ -38.18242, -12.76994, 0.0 ], [ -38.18249, -12.76987, 0.0 ], [ -38.18309, -12.76954, 0.0 ], [ -38.18324, -12.76947, 0.0 ], [ -38.18326, -12.7694, 0.0 ], [ -38.18326, -12.76929, 0.0 ], [ -38.18316, -12.76915, 0.0 ], [ -38.18324, -12.76898, 0.0 ], [ -38.18381, -12.76874, 0.0 ], [ -38.18392, -12.76868, 0.0 ], [ -38.18378, -12.76849, 0.0 ], [ -38.18371, -12.76789, 0.0 ], [ -38.18316, -12.76725, 0.0 ], [ -38.18169, -12.76578, 0.0 ], [ -38.17894, -12.7631, 0.0 ], [ -38.17866, -12.76273, 0.0 ], [ -38.17718, -12.76121, 0.0 ], [ -38.17503, -12.7584, 0.0 ], [ -38.17479, -12.7578, 0.0 ], [ -38.17469, -12.75749, 0.0 ], [ -38.17475, -12.75747, 0.0 ], [ -38.17467, -12.7572, 0.0 ], [ -38.17441, -12.75634, 0.0 ], [ -38.1744, -12.75632, 0.0 ], [ -38.17389, -12.75342, 0.0 ], [ -38.17354, -12.75328, 0.0 ], [ -38.17297, -12.75304, 0.0 ], [ -38.17182, -12.75259, 0.0 ], [ -38.17096, -12.75222, 0.0 ], [ -38.1703, -12.75187, 0.0 ], [ -38.16982, -12.75155, 0.0 ], [ -38.16937, -12.75119, 0.0 ], [ -38.16904, -12.75087, 0.0 ], [ -38.16904, -12.75087, 0.0 ], [ -38.16895, -12.75077, 0.0 ], [ -38.16871, -12.75049, 0.0 ], [ -38.16825, -12.74995, 0.0 ], [ -38.16786, -12.74946, 0.0 ], [ -38.16786, -12.74945, 0.0 ], [ -38.16783, -12.74947, 0.0 ], [ -38.16728, -12.74968, 0.0 ], [ -38.16707, -12.74963, 0.0 ], [ -38.16694, -12.74953, 0.0 ], [ -38.16678, -12.74943, 0.0 ], [ -38.16659, -12.74905, 0.0 ], [ -38.1665, -12.74883, 0.0 ], [ -38.16642, -12.74866, 0.0 ], [ -38.16629, -12.7483, 0.0 ], [ -38.16609, -12.74805, 0.0 ], [ -38.166, -12.74807, 0.0 ], [ -38.16589, -12.74807, 0.0 ], [ -38.16578, -12.74792, 0.0 ], [ -38.1657, -12.74776, 0.0 ], [ -38.16564, -12.74756, 0.0 ], [ -38.16565, -12.74734, 0.0 ], [ -38.16568, -12.74712, 0.0 ], [ -38.16555, -12.74689, 0.0 ], [ -38.16531, -12.74664, 0.0 ], [ -38.16514, -12.74652, 0.0 ], [ -38.1649, -12.7464, 0.0 ], [ -38.16463, -12.74627, 0.0 ], [ -38.16438, -12.7462, 0.0 ], [ -38.1642, -12.74617, 0.0 ], [ -38.16421, -12.74607, 0.0 ], [ -38.16437, -12.74597, 0.0 ], [ -38.16471, -12.74589, 0.0 ], [ -38.16499, -12.74579, 0.0 ], [ -38.16514, -12.74567, 0.0 ], [ -38.16526, -12.7457, 0.0 ], [ -38.16547, -12.74581, 0.0 ], [ -38.16556, -12.74591, 0.0 ], [ -38.16635, -12.74606, 0.0 ], [ -38.16627, -12.74572, 0.0 ], [ -38.16624, -12.74561, 0.0 ], [ -38.166, -12.74458, 0.0 ], [ -38.166, -12.74457, 0.0 ], [ -38.16592, -12.74457, 0.0 ], [ -38.16548, -12.74457, 0.0 ], [ -38.16531, -12.74442, 0.0 ], [ -38.16514, -12.74424, 0.0 ], [ -38.16508, -12.7442, 0.0 ], [ -38.16497, -12.74413, 0.0 ], [ -38.16476, -12.7441, 0.0 ], [ -38.16447, -12.74397, 0.0 ], [ -38.16442, -12.74382, 0.0 ], [ -38.16437, -12.74362, 0.0 ], [ -38.16422, -12.74354, 0.0 ], [ -38.16405, -12.74354, 0.0 ], [ -38.16388, -12.74353, 0.0 ], [ -38.16377, -12.7434, 0.0 ], [ -38.1637, -12.74334, 0.0 ], [ -38.16349, -12.74322, 0.0 ], [ -38.16334, -12.74307, 0.0 ], [ -38.16326, -12.74286, 0.0 ], [ -38.16321, -12.74257, 0.0 ], [ -38.16313, -12.74239, 0.0 ], [ -38.16289, -12.74233, 0.0 ], [ -38.16267, -12.74227, 0.0 ], [ -38.16241, -12.74198, 0.0 ], [ -38.16213, -12.74167, 0.0 ], [ -38.16173, -12.74146, 0.0 ], [ -38.16139, -12.74125, 0.0 ], [ -38.161, -12.74102, 0.0 ], [ -38.16069, -12.74073, 0.0 ], [ -38.16012, -12.74047, 0.0 ], [ -38.15988, -12.74033, 0.0 ], [ -38.15949, -12.73994, 0.0 ], [ -38.15914, -12.73975, 0.0 ], [ -38.15887, -12.7396, 0.0 ], [ -38.15857, -12.73956, 0.0 ], [ -38.15815, -12.73946, 0.0 ], [ -38.15787, -12.73938, 0.0 ], [ -38.15776, -12.73925, 0.0 ], [ -38.15766, -12.73902, 0.0 ], [ -38.15764, -12.73884, 0.0 ], [ -38.1572, -12.73829, 0.0 ], [ -38.15735, -12.73814, 0.0 ], [ -38.15789, -12.73817, 0.0 ], [ -38.15818, -12.73806, 0.0 ], [ -38.15829, -12.7379, 0.0 ], [ -38.15841, -12.73772, 0.0 ], [ -38.15524, -12.73516, 0.0 ], [ -38.15127, -12.73105, 0.0 ], [ -38.15028, -12.73003, 0.0 ], [ -38.14841, -12.727, 0.0 ], [ -38.14778, -12.72596, 0.0 ], [ -38.14778, -12.72596, 0.0 ], [ -38.14778, -12.72596, 0.0 ], [ -38.14711, -12.72667, 0.0 ], [ -38.14687, -12.72667, 0.0 ], [ -38.14687, -12.72667, 0.0 ], [ -38.14567, -12.72612, 0.0 ], [ -38.1456, -12.72609, 0.0 ], [ -38.14278, -12.72481, 0.0 ], [ -38.14194, -12.72508, 0.0 ], [ -38.14088, -12.72423, 0.0 ], [ -38.13989, -12.72419, 0.0 ], [ -38.13791, -12.72276, 0.0 ], [ -38.13758, -12.72292, 0.0 ], [ -38.13464, -12.72069, 0.0 ], [ -38.13439, -12.72064, 0.0 ], [ -38.13401, -12.72048, 0.0 ], [ -38.13341, -12.72018, 0.0 ], [ -38.13303, -12.71981, 0.0 ], [ -38.13286, -12.71947, 0.0 ], [ -38.13285, -12.7194, 0.0 ], [ -38.13284, -12.71933, 0.0 ], [ -38.13271, -12.71811, 0.0 ], [ -38.13257, -12.71804, 0.0 ], [ -38.13251, -12.71796, 0.0 ], [ -38.13249, -12.71789, 0.0 ], [ -38.13251, -12.71777, 0.0 ], [ -38.1319, -12.71582, 0.0 ], [ -38.13139, -12.71349, 0.0 ], [ -38.1314, -12.71292, 0.0 ], [ -38.13139, -12.71277, 0.0 ], [ -38.13146, -12.71265, 0.0 ], [ -38.13156, -12.71238, 0.0 ], [ -38.13205, -12.71112, 0.0 ], [ -38.13207, -12.71089, 0.0 ], [ -38.13199, -12.71069, 0.0 ], [ -38.13187, -12.7104, 0.0 ], [ -38.13185, -12.71026, 0.0 ], [ -38.13196, -12.70931, 0.0 ], [ -38.13202, -12.70839, 0.0 ], [ -38.13193, -12.70786, 0.0 ], [ -38.13179, -12.70704, 0.0 ], [ -38.13061, -12.70706, 0.0 ], [ -38.12854, -12.70799, 0.0 ] ], [ [ -38.15991, -12.7443, 0.0 ], [ -38.1601, -12.74472, 0.0 ], [ -38.16027, -12.74482, 0.0 ], [ -38.16094, -12.7447, 0.0 ], [ -38.1613, -12.74503, 0.0 ], [ -38.16148, -12.74576, 0.0 ], [ -38.16164, -12.74607, 0.0 ], [ -38.16177, -12.7462, 0.0 ], [ -38.16187, -12.74615, 0.0 ], [ -38.16204, -12.74643, 0.0 ], [ -38.16216, -12.74652, 0.0 ], [ -38.16252, -12.74641, 0.0 ], [ -38.16273, -12.74679, 0.0 ], [ -38.16269, -12.74681, 0.0 ], [ -38.16169, -12.74728, 0.0 ], [ -38.16163, -12.74723, 0.0 ], [ -38.1614, -12.74724, 0.0 ], [ -38.16113, -12.74709, 0.0 ], [ -38.16093, -12.74695, 0.0 ], [ -38.16076, -12.74689, 0.0 ], [ -38.16064, -12.74682, 0.0 ], [ -38.15952, -12.74734, 0.0 ], [ -38.15926, -12.74689, 0.0 ], [ -38.158, -12.74755, 0.0 ], [ -38.15773, -12.74715, 0.0 ], [ -38.15688, -12.74586, 0.0 ], [ -38.15672, -12.74507, 0.0 ], [ -38.15662, -12.74444, 0.0 ], [ -38.1566, -12.7443, 0.0 ], [ -38.15664, -12.74425, 0.0 ], [ -38.15661, -12.74403, 0.0 ], [ -38.15672, -12.74392, 0.0 ], [ -38.15671, -12.74381, 0.0 ], [ -38.15663, -12.74359, 0.0 ], [ -38.15652, -12.74328, 0.0 ], [ -38.15654, -12.74305, 0.0 ], [ -38.15653, -12.74289, 0.0 ], [ -38.15639, -12.74257, 0.0 ], [ -38.1564, -12.74235, 0.0 ], [ -38.15636, -12.74203, 0.0 ], [ -38.15628, -12.74192, 0.0 ], [ -38.15628, -12.7418, 0.0 ], [ -38.15622, -12.74155, 0.0 ], [ -38.15622, -12.74154, 0.0 ], [ -38.15619, -12.7414, 0.0 ], [ -38.15618, -12.74137, 0.0 ], [ -38.15604, -12.74086, 0.0 ], [ -38.15595, -12.74067, 0.0 ], [ -38.15572, -12.74053, 0.0 ], [ -38.15525, -12.73988, 0.0 ], [ -38.15537, -12.7397, 0.0 ], [ -38.15533, -12.73873, 0.0 ], [ -38.15613, -12.73852, 0.0 ], [ -38.1563, -12.73941, 0.0 ], [ -38.1563, -12.73941, 0.0 ], [ -38.15664, -12.73963, 0.0 ], [ -38.15887, -12.7411, 0.0 ], [ -38.16068, -12.74248, 0.0 ], [ -38.15981, -12.74315, 0.0 ], [ -38.15974, -12.7432, 0.0 ], [ -38.15957, -12.74333, 0.0 ], [ -38.1596, -12.74337, 0.0 ], [ -38.15972, -12.7435, 0.0 ], [ -38.1598, -12.74357, 0.0 ], [ -38.16001, -12.74386, 0.0 ], [ -38.16001, -12.74413, 0.0 ], [ -38.15991, -12.7443, 0.0 ] ], [ [ -38.16255, -12.74791, 0.0 ], [ -38.16272, -12.7481, 0.0 ], [ -38.16282, -12.74832, 0.0 ], [ -38.1628, -12.74853, 0.0 ], [ -38.16275, -12.74869, 0.0 ], [ -38.16271, -12.74877, 0.0 ], [ -38.16273, -12.7489, 0.0 ], [ -38.16283, -12.74898, 0.0 ], [ -38.16296, -12.74902, 0.0 ], [ -38.16308, -12.74914, 0.0 ], [ -38.16317, -12.7492, 0.0 ], [ -38.16323, -12.74936, 0.0 ], [ -38.1633, -12.74952, 0.0 ], [ -38.16343, -12.74967, 0.0 ], [ -38.16349, -12.74976, 0.0 ], [ -38.16353, -12.74985, 0.0 ], [ -38.16351, -12.74988, 0.0 ], [ -38.16346, -12.75004, 0.0 ], [ -38.16348, -12.75016, 0.0 ], [ -38.16344, -12.7502, 0.0 ], [ -38.16339, -12.75025, 0.0 ], [ -38.16333, -12.75026, 0.0 ], [ -38.16315, -12.75016, 0.0 ], [ -38.16298, -12.74992, 0.0 ], [ -38.16291, -12.74961, 0.0 ], [ -38.16272, -12.74927, 0.0 ], [ -38.16237, -12.74893, 0.0 ], [ -38.16217, -12.7486, 0.0 ], [ -38.16209, -12.74842, 0.0 ], [ -38.16204, -12.74826, 0.0 ], [ -38.16199, -12.7481, 0.0 ], [ -38.16204, -12.74795, 0.0 ], [ -38.16205, -12.74792, 0.0 ], [ -38.1621, -12.74788, 0.0 ], [ -38.16229, -12.74788, 0.0 ], [ -38.16255, -12.74791, 0.0 ] ], [ [ -38.16568, -12.75254, 0.0 ], [ -38.16574, -12.75274, 0.0 ], [ -38.16596, -12.75285, 0.0 ], [ -38.16616, -12.75291, 0.0 ], [ -38.1664, -12.75287, 0.0 ], [ -38.16653, -12.75281, 0.0 ], [ -38.16663, -12.7527, 0.0 ], [ -38.16669, -12.75271, 0.0 ], [ -38.1668, -12.75273, 0.0 ], [ -38.16688, -12.75287, 0.0 ], [ -38.16693, -12.75299, 0.0 ], [ -38.16691, -12.75312, 0.0 ], [ -38.16697, -12.75322, 0.0 ], [ -38.16696, -12.75334, 0.0 ], [ -38.16696, -12.75343, 0.0 ], [ -38.167, -12.75352, 0.0 ], [ -38.16696, -12.75366, 0.0 ], [ -38.16679, -12.75365, 0.0 ], [ -38.16653, -12.75351, 0.0 ], [ -38.16625, -12.7534, 0.0 ], [ -38.16588, -12.75317, 0.0 ], [ -38.16561, -12.75314, 0.0 ], [ -38.16537, -12.75308, 0.0 ], [ -38.16508, -12.75297, 0.0 ], [ -38.16479, -12.75282, 0.0 ], [ -38.16456, -12.75265, 0.0 ], [ -38.16428, -12.75236, 0.0 ], [ -38.16409, -12.75195, 0.0 ], [ -38.16408, -12.75157, 0.0 ], [ -38.16422, -12.75147, 0.0 ], [ -38.16455, -12.75121, 0.0 ], [ -38.16485, -12.75075, 0.0 ], [ -38.16497, -12.75078, 0.0 ], [ -38.16503, -12.75081, 0.0 ], [ -38.16516, -12.7509, 0.0 ], [ -38.16524, -12.75115, 0.0 ], [ -38.16544, -12.75131, 0.0 ], [ -38.16557, -12.75148, 0.0 ], [ -38.1657, -12.75161, 0.0 ], [ -38.16576, -12.75165, 0.0 ], [ -38.16577, -12.75182, 0.0 ], [ -38.16571, -12.7521, 0.0 ], [ -38.16559, -12.75229, 0.0 ], [ -38.16568, -12.75254, 0.0 ] ], [ [ -38.17606, -12.7623, 0.0 ], [ -38.17644, -12.76243, 0.0 ], [ -38.17688, -12.76239, 0.0 ], [ -38.17722, -12.76241, 0.0 ], [ -38.17754, -12.76266, 0.0 ], [ -38.17796, -12.76276, 0.0 ], [ -38.17807, -12.76286, 0.0 ], [ -38.17824, -12.76315, 0.0 ], [ -38.17825, -12.76317, 0.0 ], [ -38.17836, -12.76345, 0.0 ], [ -38.17829, -12.76384, 0.0 ], [ -38.17844, -12.76399, 0.0 ], [ -38.17875, -12.76427, 0.0 ], [ -38.17891, -12.76465, 0.0 ], [ -38.17898, -12.7648, 0.0 ], [ -38.17886, -12.76507, 0.0 ], [ -38.17844, -12.76565, 0.0 ], [ -38.17951, -12.76673, 0.0 ], [ -38.17929, -12.76698, 0.0 ], [ -38.17907, -12.76723, 0.0 ], [ -38.17844, -12.7669, 0.0 ], [ -38.17781, -12.76664, 0.0 ], [ -38.17755, -12.76688, 0.0 ], [ -38.17742, -12.76832, 0.0 ], [ -38.17735, -12.76827, 0.0 ], [ -38.17585, -12.76722, 0.0 ], [ -38.17548, -12.76725, 0.0 ], [ -38.17543, -12.7668, 0.0 ], [ -38.17534, -12.76658, 0.0 ], [ -38.1753, -12.76646, 0.0 ], [ -38.17524, -12.7663, 0.0 ], [ -38.17494, -12.76595, 0.0 ], [ -38.17471, -12.76553, 0.0 ], [ -38.17467, -12.76527, 0.0 ], [ -38.17475, -12.76499, 0.0 ], [ -38.17446, -12.76462, 0.0 ], [ -38.17428, -12.76436, 0.0 ], [ -38.17384, -12.76395, 0.0 ], [ -38.17344, -12.76362, 0.0 ], [ -38.17305, -12.76342, 0.0 ], [ -38.1727, -12.76321, 0.0 ], [ -38.1722, -12.76295, 0.0 ], [ -38.17123, -12.76208, 0.0 ], [ -38.17072, -12.7616, 0.0 ], [ -38.17053, -12.76138, 0.0 ], [ -38.17049, -12.76113, 0.0 ], [ -38.1705, -12.7609, 0.0 ], [ -38.17056, -12.76082, 0.0 ], [ -38.1709, -12.76097, 0.0 ], [ -38.17304, -12.76066, 0.0 ], [ -38.1735, -12.76109, 0.0 ], [ -38.17406, -12.76116, 0.0 ], [ -38.17451, -12.76122, 0.0 ], [ -38.17491, -12.76148, 0.0 ], [ -38.17537, -12.76187, 0.0 ], [ -38.17571, -12.76213, 0.0 ], [ -38.17606, -12.7623, 0.0 ] ] ] ] } },
{ "type": "Feature", "properties": { "Id": 107, "Name": "ZUE 2", "DISTRITO": "MONTE GORDO", "categoria": "ZUE", "perímetro_ellip_m": 4347.7, "área_ellip_m²": 334429.5 }, "geometry": { "type": "MultiPolygon", "coordinates": [ [ [ [ -38.06691, -12.63783, 0.0 ], [ -38.06878, -12.63808, 0.0 ], [ -38.0697, -12.6374, 0.0 ], [ -38.06961, -12.63728, 0.0 ], [ -38.06917, -12.63665, 0.0 ], [ -38.06472, -12.6299, 0.0 ], [ -38.06128, -12.62467, 0.0 ], [ -38.05993, -12.62263, 0.0 ], [ -38.05895, -12.62329, 0.0 ], [ -38.06391, -12.63142, 0.0 ], [ -38.06495, -12.63258, 0.0 ], [ -38.06594, -12.63399, 0.0 ], [ -38.06621, -12.63541, 0.0 ], [ -38.06541, -12.63586, 0.0 ], [ -38.06592, -12.63663, 0.0 ], [ -38.06691, -12.63783, 0.0 ] ] ] ] } },
{ "type": "Feature", "properties": { "Id": 108, "Name": "ZUE 2", "DISTRITO": "SEDE", "categoria": "ZUE", "perímetro_ellip_m": 3619.0, "área_ellip_m²": 646619.7 }, "geometry": { "type": "MultiPolygon", "coordinates": [ [ [ [ -38.31011, -12.68978, 0.0 ], [ -38.30785, -12.68998, 0.0 ], [ -38.30623, -12.68998, 0.0 ], [ -38.30568, -12.68998, 0.0 ], [ -38.30597, -12.69042, 0.0 ], [ -38.306, -12.69047, 0.0 ], [ -38.30605, -12.69054, 0.0 ], [ -38.30609, -12.69061, 0.0 ], [ -38.3062, -12.69079, 0.0 ], [ -38.30645, -12.69134, 0.0 ], [ -38.30667, -12.69189, 0.0 ], [ -38.30685, -12.69255, 0.0 ], [ -38.30694, -12.69332, 0.0 ], [ -38.30695, -12.69366, 0.0 ], [ -38.30692, -12.69414, 0.0 ], [ -38.30685, -12.69452, 0.0 ], [ -38.30678, -12.69527, 0.0 ], [ -38.31042, -12.69628, 0.0 ], [ -38.31124, -12.69612, 0.0 ], [ -38.3124, -12.6962, 0.0 ], [ -38.31221, -12.69578, 0.0 ], [ -38.31197, -12.69509, 0.0 ], [ -38.31212, -12.69492, 0.0 ], [ -38.31373, -12.69435, 0.0 ], [ -38.31404, -12.69361, 0.0 ], [ -38.31423, -12.69347, 0.0 ], [ -38.31458, -12.69336, 0.0 ], [ -38.31486, -12.69312, 0.0 ], [ -38.31652, -12.69313, 0.0 ], [ -38.31688, -12.69297, 0.0 ], [ -38.31717, -12.69302, 0.0 ], [ -38.31715, -12.69285, 0.0 ], [ -38.31714, -12.69277, 0.0 ], [ -38.3171, -12.69242, 0.0 ], [ -38.31709, -12.69235, 0.0 ], [ -38.31709, -12.69235, 0.0 ], [ -38.31703, -12.69186, 0.0 ], [ -38.31701, -12.69125, 0.0 ], [ -38.31692, -12.69081, 0.0 ], [ -38.31676, -12.69054, 0.0 ], [ -38.31653, -12.69028, 0.0 ], [ -38.31625, -12.69005, 0.0 ], [ -38.31579, -12.68985, 0.0 ], [ -38.31597, -12.6895, 0.0 ], [ -38.3152, -12.68939, 0.0 ], [ -38.31446, -12.68919, 0.0 ], [ -38.31367, -12.68916, 0.0 ], [ -38.3125, -12.68945, 0.0 ], [ -38.31011, -12.68978, 0.0 ] ] ] ] } },
{ "type": "Feature", "properties": { "Id": 109, "Name": "ZUE 3", "DISTRITO": "MONTE GORDO", "categoria": "ZUE", "perímetro_ellip_m": 506.8, "área_ellip_m²": 13572.4 }, "geometry": { "type": "MultiPolygon", "coordinates": [ [ [ [ -38.11134, -12.69458, 0.0 ], [ -38.11155, -12.69488, 0.0 ], [ -38.11199, -12.69454, 0.0 ], [ -38.11205, -12.69453, 0.0 ], [ -38.11214, -12.6945, 0.0 ], [ -38.11229, -12.69447, 0.0 ], [ -38.11142, -12.69333, 0.0 ], [ -38.11115, -12.69352, 0.0 ], [ -38.11064, -12.69386, 0.0 ], [ -38.11101, -12.69417, 0.0 ], [ -38.11123, -12.69435, 0.0 ], [ -38.11134, -12.69458, 0.0 ] ] ] ] } },
{ "type": "Feature", "properties": { "Id": 110, "Name": "ZUE 3", "DISTRITO": "ABRANTES", "categoria": "ZUE", "perímetro_ellip_m": 1755.9, "área_ellip_m²": 145995.0 }, "geometry": { "type": "MultiPolygon", "coordinates": [ [ [ [ -38.23873, -12.84526, 0.0 ], [ -38.23895, -12.84554, 0.0 ], [ -38.24042, -12.84443, 0.0 ], [ -38.24077, -12.84416, 0.0 ], [ -38.23991, -12.8434, 0.0 ], [ -38.23898, -12.84258, 0.0 ], [ -38.23829, -12.84171, 0.0 ], [ -38.23767, -12.83996, 0.0 ], [ -38.23766, -12.83994, 0.0 ], [ -38.23549, -12.84153, 0.0 ], [ -38.23552, -12.84163, 0.0 ], [ -38.23553, -12.84167, 0.0 ], [ -38.23567, -12.8419, 0.0 ], [ -38.23616, -12.84241, 0.0 ], [ -38.23657, -12.84282, 0.0 ], [ -38.2366, -12.84285, 0.0 ], [ -38.23663, -12.84288, 0.0 ], [ -38.23686, -12.84325, 0.0 ], [ -38.23697, -12.84343, 0.0 ], [ -38.23706, -12.84383, 0.0 ], [ -38.23706, -12.84383, 0.0 ], [ -38.23699, -12.84406, 0.0 ], [ -38.23709, -12.84427, 0.0 ], [ -38.23734, -12.84439, 0.0 ], [ -38.2376, -12.84448, 0.0 ], [ -38.23762, -12.84448, 0.0 ], [ -38.23792, -12.84455, 0.0 ], [ -38.23793, -12.84455, 0.0 ], [ -38.23813, -12.84464, 0.0 ], [ -38.23836, -12.84489, 0.0 ], [ -38.23837, -12.8449, 0.0 ], [ -38.2386, -12.8451, 0.0 ], [ -38.23861, -12.8451, 0.0 ], [ -38.23862, -12.84512, 0.0 ], [ -38.23873, -12.84526, 0.0 ] ] ] ] } },
{ "type": "Feature", "properties": { "Id": 111, "Name": "ZUE 4", "DISTRITO": "ABRANTES", "categoria": "ZUE", "perímetro_ellip_m": 1186.1, "área_ellip_m²": 85243.5 }, "geometry": { "type": "MultiPolygon", "coordinates": [ [ [ [ -38.1416, -12.71281, 0.0 ], [ -38.14268, -12.71365, 0.0 ], [ -38.14269, -12.7136, 0.0 ], [ -38.14271, -12.71356, 0.0 ], [ -38.14275, -12.71352, 0.0 ], [ -38.1428, -12.71348, 0.0 ], [ -38.14288, -12.71346, 0.0 ], [ -38.14304, -12.71343, 0.0 ], [ -38.14326, -12.71338, 0.0 ], [ -38.14354, -12.71333, 0.0 ], [ -38.14379, -12.71327, 0.0 ], [ -38.14426, -12.71318, 0.0 ], [ -38.14464, -12.71309, 0.0 ], [ -38.14469, -12.71309, 0.0 ], [ -38.14478, -12.71308, 0.0 ], [ -38.14484, -12.71308, 0.0 ], [ -38.14493, -12.71298, 0.0 ], [ -38.14555, -12.71217, 0.0 ], [ -38.1452, -12.71192, 0.0 ], [ -38.14477, -12.7116, 0.0 ], [ -38.14299, -12.71031, 0.0 ], [ -38.1416, -12.71281, 0.0 ] ] ] ] } },
{ "type": "Feature", "properties": { "Id": 112, "Name": "ZUE 4", "DISTRITO": "MONTE GORDO", "categoria": "ZUE", "perímetro_ellip_m": 2964.6, "área_ellip_m²": 546843.8 }, "geometry": { "type": "MultiPolygon", "coordinates": [ [ [ [ -38.0572, -12.64134, 0.0 ], [ -38.05734, -12.64146, 0.0 ], [ -38.0593, -12.63923, 0.0 ], [ -38.06142, -12.6377, 0.0 ], [ -38.06114, -12.63748, 0.0 ], [ -38.06015, -12.63672, 0.0 ], [ -38.05959, -12.63595, 0.0 ], [ -38.05914, -12.63488, 0.0 ], [ -38.05825, -12.63381, 0.0 ], [ -38.0571, -12.63302, 0.0 ], [ -38.05554, -12.63262, 0.0 ], [ -38.05544, -12.6326, 0.0 ], [ -38.05407, -12.63288, 0.0 ], [ -38.05346, -12.63432, 0.0 ], [ -38.05318, -12.63483, 0.0 ], [ -38.05297, -12.63524, 0.0 ], [ -38.05264, -12.63585, 0.0 ], [ -38.05235, -12.63641, 0.0 ], [ -38.05186, -12.63729, 0.0 ], [ -38.05197, -12.63734, 0.0 ], [ -38.05238, -12.63755, 0.0 ], [ -38.05379, -12.63835, 0.0 ], [ -38.05428, -12.63869, 0.0 ], [ -38.05537, -12.63971, 0.0 ], [ -38.05581, -12.64013, 0.0 ], [ -38.0572, -12.64134, 0.0 ] ] ] ] } },
{ "type": "Feature", "properties": { "Id": 113, "Name": "ZUE 4", "DISTRITO": "MONTE GORDO", "categoria": "ZUE", "perímetro_ellip_m": 1168.0, "área_ellip_m²": 77073.0 }, "geometry": { "type": "MultiPolygon", "coordinates": [ [ [ [ -38.0315, -12.59934, 0.0 ], [ -38.03193, -12.59995, 0.0 ], [ -38.03274, -12.59924, 0.0 ], [ -38.03315, -12.59905, 0.0 ], [ -38.03317, -12.59904, 0.0 ], [ -38.03313, -12.59881, 0.0 ], [ -38.03316, -12.59864, 0.0 ], [ -38.03319, -12.59858, 0.0 ], [ -38.03324, -12.59849, 0.0 ], [ -38.03333, -12.5984, 0.0 ], [ -38.03344, -12.59831, 0.0 ], [ -38.0335, -12.59826, 0.0 ], [ -38.03352, -12.59818, 0.0 ], [ -38.0335, -12.59802, 0.0 ], [ -38.03338, -12.59779, 0.0 ], [ -38.0331, -12.59735, 0.0 ], [ -38.03286, -12.59716, 0.0 ], [ -38.03249, -12.59695, 0.0 ], [ -38.03168, -12.59609, 0.0 ], [ -38.03164, -12.5962, 0.0 ], [ -38.03153, -12.59657, 0.0 ], [ -38.03108, -12.5969, 0.0 ], [ -38.03061, -12.59706, 0.0 ], [ -38.03022, -12.5972, 0.0 ], [ -38.0303, -12.5974, 0.0 ], [ -38.03056, -12.59781, 0.0 ], [ -38.03092, -12.59824, 0.0 ], [ -38.03123, -12.59877, 0.0 ], [ -38.0315, -12.59934, 0.0 ] ] ] ] } },
{ "type": "Feature", "properties": { "Id": 114, "Name": "ZEIS - Senhor dos Passos", "DISTRITO": "ABRANTES", "categoria": "ZEIS", "perímetro_ellip_m": 2335.0, "área_ellip_m²": 216894.0 }, "geometry": { "type": "MultiPolygon", "coordinates": [ [ [ [ -38.15602, -12.71428, 0.0 ], [ -38.15626, -12.71473, 0.0 ], [ -38.15644, -12.71498, 0.0 ], [ -38.15691, -12.71564, 0.0 ], [ -38.15695, -12.71561, 0.0 ], [ -38.15759, -12.71519, 0.0 ], [ -38.15801, -12.71493, 0.0 ], [ -38.15811, -12.71486, 0.0 ], [ -38.15845, -12.71464, 0.0 ], [ -38.15858, -12.71476, 0.0 ], [ -38.15871, -12.71487, 0.0 ], [ -38.15895, -12.71507, 0.0 ], [ -38.15916, -12.71522, 0.0 ], [ -38.15946, -12.7154, 0.0 ], [ -38.1597, -12.71548, 0.0 ], [ -38.15992, -12.71554, 0.0 ], [ -38.15994, -12.71554, 0.0 ], [ -38.16002, -12.71557, 0.0 ], [ -38.16008, -12.71557, 0.0 ], [ -38.1602, -12.71563, 0.0 ], [ -38.16143, -12.71498, 0.0 ], [ -38.16118, -12.71443, 0.0 ], [ -38.16117, -12.71414, 0.0 ], [ -38.16045, -12.71393, 0.0 ], [ -38.16029, -12.7139, 0.0 ], [ -38.16018, -12.71354, 0.0 ], [ -38.15982, -12.71343, 0.0 ], [ -38.1593, -12.71326, 0.0 ], [ -38.15891, -12.71308, 0.0 ], [ -38.15872, -12.71278, 0.0 ], [ -38.15864, -12.71254, 0.0 ], [ -38.15876, -12.71223, 0.0 ], [ -38.15912, -12.71211, 0.0 ], [ -38.15965, -12.71195, 0.0 ], [ -38.1595, -12.71101, 0.0 ], [ -38.15944, -12.71068, 0.0 ], [ -38.15936, -12.71028, 0.0 ], [ -38.15853, -12.71035, 0.0 ], [ -38.15843, -12.71071, 0.0 ], [ -38.15565, -12.71164, 0.0 ], [ -38.15516, -12.7118, 0.0 ], [ -38.15529, -12.71207, 0.0 ], [ -38.1553, -12.71216, 0.0 ], [ -38.15541, -12.71251, 0.0 ], [ -38.15549, -12.71305, 0.0 ], [ -38.15558, -12.71333, 0.0 ], [ -38.15571, -12.71365, 0.0 ], [ -38.15602, -12.71428, 0.0 ] ] ] ] } },
{ "type": "Feature", "properties": { "Id": 115, "Name": "ZE 3", "DISTRITO": "SEDE", "categoria": "ZE", "perímetro_ellip_m": 12853.5, "área_ellip_m²": 2962491.2 }, "geometry": { "type": "MultiPolygon", "coordinates": [ [ [ [ -38.34935, -12.69468, 0.0 ], [ -38.34883, -12.69473, 0.0 ], [ -38.3485, -12.69471, 0.0 ], [ -38.34808, -12.6948, 0.0 ], [ -38.34803, -12.6949, 0.0 ], [ -38.34802, -12.69495, 0.0 ], [ -38.34799, -12.69495, 0.0 ], [ -38.34797, -12.69502, 0.0 ], [ -38.34792, -12.69508, 0.0 ], [ -38.34784, -12.69513, 0.0 ], [ -38.34777, -12.69514, 0.0 ], [ -38.34752, -12.695, 0.0 ], [ -38.34746, -12.69498, 0.0 ], [ -38.3474, -12.69494, 0.0 ], [ -38.34737, -12.69493, 0.0 ], [ -38.34727, -12.69489, 0.0 ], [ -38.34713, -12.69485, 0.0 ], [ -38.34691, -12.69494, 0.0 ], [ -38.34667, -12.6955, 0.0 ], [ -38.34666, -12.69553, 0.0 ], [ -38.34663, -12.69558, 0.0 ], [ -38.34664, -12.69564, 0.0 ], [ -38.3467, -12.69567, 0.0 ], [ -38.34675, -12.69576, 0.0 ], [ -38.34681, -12.69587, 0.0 ], [ -38.34682, -12.69592, 0.0 ], [ -38.34663, -12.69629, 0.0 ], [ -38.34634, -12.69649, 0.0 ], [ -38.34615, -12.6966, 0.0 ], [ -38.34621, -12.69666, 0.0 ], [ -38.34627, -12.69671, 0.0 ], [ -38.34633, -12.69673, 0.0 ], [ -38.34638, -12.69679, 0.0 ], [ -38.34652, -12.69692, 0.0 ], [ -38.34653, -12.69699, 0.0 ], [ -38.34677, -12.69713, 0.0 ], [ -38.34669, -12.69722, 0.0 ], [ -38.34681, -12.69726, 0.0 ], [ -38.34699, -12.69736, 0.0 ], [ -38.34688, -12.69743, 0.0 ], [ -38.3466, -12.69765, 0.0 ], [ -38.34648, -12.69777, 0.0 ], [ -38.34643, -12.69778, 0.0 ], [ -38.34631, -12.69791, 0.0 ], [ -38.34629, -12.69794, 0.0 ], [ -38.34612, -12.69814, 0.0 ], [ -38.34603, -12.69824, 0.0 ], [ -38.34599, -12.69828, 0.0 ], [ -38.34592, -12.69839, 0.0 ], [ -38.34583, -12.69847, 0.0 ], [ -38.34572, -12.69858, 0.0 ], [ -38.34569, -12.6986, 0.0 ], [ -38.34548, -12.6988, 0.0 ], [ -38.34539, -12.69876, 0.0 ], [ -38.3453, -12.69884, 0.0 ], [ -38.34513, -12.69857, 0.0 ], [ -38.34492, -12.69831, 0.0 ], [ -38.34486, -12.69836, 0.0 ], [ -38.34469, -12.69847, 0.0 ], [ -38.34446, -12.6986, 0.0 ], [ -38.34436, -12.69863, 0.0 ], [ -38.34419, -12.69872, 0.0 ], [ -38.34429, -12.69889, 0.0 ], [ -38.34428, -12.69892, 0.0 ], [ -38.34427, -12.69898, 0.0 ], [ -38.34425, -12.69906, 0.0 ], [ -38.34435, -12.69907, 0.0 ], [ -38.34443, -12.69918, 0.0 ], [ -38.34441, -12.69941, 0.0 ], [ -38.34433, -12.69945, 0.0 ], [ -38.34432, -12.69947, 0.0 ], [ -38.34412, -12.69947, 0.0 ], [ -38.34411, -12.69947, 0.0 ], [ -38.34402, -12.69951, 0.0 ], [ -38.34372, -12.69968, 0.0 ], [ -38.34354, -12.69977, 0.0 ], [ -38.34351, -12.69995, 0.0 ], [ -38.34351, -12.70049, 0.0 ], [ -38.34359, -12.70075, 0.0 ], [ -38.34369, -12.70147, 0.0 ], [ -38.34347, -12.70193, 0.0 ], [ -38.34276, -12.70222, 0.0 ], [ -38.34262, -12.70207, 0.0 ], [ -38.3425, -12.70201, 0.0 ], [ -38.3424, -12.70198, 0.0 ], [ -38.34229, -12.7019, 0.0 ], [ -38.34196, -12.70106, 0.0 ], [ -38.34181, -12.70101, 0.0 ], [ -38.34161, -12.7009, 0.0 ], [ -38.34144, -12.70083, 0.0 ], [ -38.34135, -12.70199, 0.0 ], [ -38.34102, -12.70212, 0.0 ], [ -38.34062, -12.70228, 0.0 ], [ -38.34068, -12.70467, 0.0 ], [ -38.34012, -12.70486, 0.0 ], [ -38.3388, -12.70272, 0.0 ], [ -38.33815, -12.70332, 0.0 ], [ -38.33772, -12.70378, 0.0 ], [ -38.33752, -12.70422, 0.0 ], [ -38.33856, -12.70514, 0.0 ], [ -38.33909, -12.70572, 0.0 ], [ -38.33916, -12.70596, 0.0 ], [ -38.33936, -12.70599, 0.0 ], [ -38.33965, -12.70624, 0.0 ], [ -38.33993, -12.70715, 0.0 ], [ -38.34025, -12.70786, 0.0 ], [ -38.34048, -12.70846, 0.0 ], [ -38.34055, -12.70867, 0.0 ], [ -38.34059, -12.70906, 0.0 ], [ -38.34053, -12.70939, 0.0 ], [ -38.34032, -12.70962, 0.0 ], [ -38.3399, -12.70972, 0.0 ], [ -38.33999, -12.71046, 0.0 ], [ -38.34008, -12.71122, 0.0 ], [ -38.34023, -12.71119, 0.0 ], [ -38.34049, -12.71107, 0.0 ], [ -38.34068, -12.71095, 0.0 ], [ -38.34068, -12.71095, 0.0 ], [ -38.3409, -12.7108, 0.0 ], [ -38.3413, -12.71036, 0.0 ], [ -38.34165, -12.70992, 0.0 ], [ -38.34177, -12.7098, 0.0 ], [ -38.34216, -12.70953, 0.0 ], [ -38.34275, -12.70911, 0.0 ], [ -38.34176, -12.70755, 0.0 ], [ -38.34119, -12.7067, 0.0 ], [ -38.34464, -12.7053, 0.0 ], [ -38.34515, -12.70772, 0.0 ], [ -38.34574, -12.707, 0.0 ], [ -38.34635, -12.70753, 0.0 ], [ -38.34552, -12.70857, 0.0 ], [ -38.34712, -12.7097, 0.0 ], [ -38.34781, -12.70895, 0.0 ], [ -38.34854, -12.70965, 0.0 ], [ -38.34888, -12.71028, 0.0 ], [ -38.34908, -12.71034, 0.0 ], [ -38.35026, -12.71089, 0.0 ], [ -38.35142, -12.71202, 0.0 ], [ -38.35113, -12.71238, 0.0 ], [ -38.34961, -12.71349, 0.0 ], [ -38.34868, -12.71462, 0.0 ], [ -38.34867, -12.7147, 0.0 ], [ -38.3489, -12.71487, 0.0 ], [ -38.34935, -12.71539, 0.0 ], [ -38.34981, -12.71635, 0.0 ], [ -38.3505, -12.71774, 0.0 ], [ -38.35072, -12.71854, 0.0 ], [ -38.35097, -12.71932, 0.0 ], [ -38.35124, -12.71978, 0.0 ], [ -38.35139, -12.71987, 0.0 ], [ -38.35186, -12.71988, 0.0 ], [ -38.35222, -12.71978, 0.0 ], [ -38.35242, -12.71944, 0.0 ], [ -38.35263, -12.71911, 0.0 ], [ -38.35337, -12.71907, 0.0 ], [ -38.35386, -12.71892, 0.0 ], [ -38.3543, -12.71884, 0.0 ], [ -38.35431, -12.7188, 0.0 ], [ -38.35431, -12.7188, 0.0 ], [ -38.35436, -12.71846, 0.0 ], [ -38.35436, -12.71846, 0.0 ], [ -38.35433, -12.71781, 0.0 ], [ -38.35433, -12.71781, 0.0 ], [ -38.35435, -12.71735, 0.0 ], [ -38.35435, -12.71735, 0.0 ], [ -38.35441, -12.71708, 0.0 ], [ -38.35458, -12.71677, 0.0 ], [ -38.35476, -12.71647, 0.0 ], [ -38.35495, -12.71627, 0.0 ], [ -38.35511, -12.71607, 0.0 ], [ -38.35516, -12.7159, 0.0 ], [ -38.3553, -12.71555, 0.0 ], [ -38.35544, -12.71535, 0.0 ], [ -38.35563, -12.71521, 0.0 ], [ -38.35589, -12.71492, 0.0 ], [ -38.35603, -12.71472, 0.0 ], [ -38.35608, -12.71458, 0.0 ], [ -38.35614, -12.7143, 0.0 ], [ -38.35619, -12.71414, 0.0 ], [ -38.35629, -12.71398, 0.0 ], [ -38.35639, -12.71394, 0.0 ], [ -38.35662, -12.7139, 0.0 ], [ -38.35667, -12.71385, 0.0 ], [ -38.3568, -12.71371, 0.0 ], [ -38.35692, -12.71359, 0.0 ], [ -38.35704, -12.71353, 0.0 ], [ -38.35729, -12.71349, 0.0 ], [ -38.35733, -12.71342, 0.0 ], [ -38.35752, -12.71329, 0.0 ], [ -38.35779, -12.71304, 0.0 ], [ -38.3579, -12.71291, 0.0 ], [ -38.35807, -12.71262, 0.0 ], [ -38.35831, -12.71215, 0.0 ], [ -38.35844, -12.71195, 0.0 ], [ -38.35866, -12.71165, 0.0 ], [ -38.35872, -12.71145, 0.0 ], [ -38.35872, -12.71113, 0.0 ], [ -38.35866, -12.71104, 0.0 ], [ -38.35849, -12.71095, 0.0 ], [ -38.35826, -12.71082, 0.0 ], [ -38.35824, -12.71024, 0.0 ], [ -38.35818, -12.70982, 0.0 ], [ -38.35828, -12.70916, 0.0 ], [ -38.35829, -12.70889, 0.0 ], [ -38.35834, -12.70861, 0.0 ], [ -38.35828, -12.70834, 0.0 ], [ -38.3581, -12.70815, 0.0 ], [ -38.35796, -12.7079, 0.0 ], [ -38.35793, -12.70754, 0.0 ], [ -38.35783, -12.70738, 0.0 ], [ -38.35766, -12.70717, 0.0 ], [ -38.35722, -12.70677, 0.0 ], [ -38.35711, -12.70673, 0.0 ], [ -38.35686, -12.70671, 0.0 ], [ -38.35658, -12.70649, 0.0 ], [ -38.35709, -12.70603, 0.0 ], [ -38.35669, -12.70554, 0.0 ], [ -38.3563, -12.70506, 0.0 ], [ -38.35628, -12.70508, 0.0 ], [ -38.35623, -12.70507, 0.0 ], [ -38.35597, -12.70504, 0.0 ], [ -38.35568, -12.70502, 0.0 ], [ -38.35548, -12.70503, 0.0 ], [ -38.35534, -12.70501, 0.0 ], [ -38.35507, -12.70487, 0.0 ], [ -38.35476, -12.70477, 0.0 ], [ -38.355, -12.70436, 0.0 ], [ -38.35412, -12.70433, 0.0 ], [ -38.35372, -12.70433, 0.0 ], [ -38.35354, -12.70418, 0.0 ], [ -38.35345, -12.70411, 0.0 ], [ -38.35336, -12.704, 0.0 ], [ -38.35322, -12.70376, 0.0 ], [ -38.35309, -12.70364, 0.0 ], [ -38.353, -12.70343, 0.0 ], [ -38.35291, -12.70318, 0.0 ], [ -38.35278, -12.70306, 0.0 ], [ -38.35265, -12.7028, 0.0 ], [ -38.35232, -12.70234, 0.0 ], [ -38.35215, -12.70181, 0.0 ], [ -38.35207, -12.70152, 0.0 ], [ -38.35198, -12.70127, 0.0 ], [ -38.3519, -12.70093, 0.0 ], [ -38.35177, -12.70077, 0.0 ], [ -38.35174, -12.70065, 0.0 ], [ -38.35178, -12.70057, 0.0 ], [ -38.35191, -12.7006, 0.0 ], [ -38.35206, -12.70028, 0.0 ], [ -38.35219, -12.70002, 0.0 ], [ -38.35235, -12.69968, 0.0 ], [ -38.35248, -12.69934, 0.0 ], [ -38.35265, -12.69904, 0.0 ], [ -38.35286, -12.69864, 0.0 ], [ -38.35332, -12.69818, 0.0 ], [ -38.3543, -12.69777, 0.0 ], [ -38.35431, -12.69777, 0.0 ], [ -38.35464, -12.69762, 0.0 ], [ -38.35469, -12.69762, 0.0 ], [ -38.35492, -12.69762, 0.0 ], [ -38.35531, -12.69737, 0.0 ], [ -38.35559, -12.69692, 0.0 ], [ -38.35564, -12.69602, 0.0 ], [ -38.35564, -12.6955, 0.0 ], [ -38.35568, -12.69527, 0.0 ], [ -38.35496, -12.69448, 0.0 ], [ -38.35449, -12.69354, 0.0 ], [ -38.35297, -12.69045, 0.0 ], [ -38.35287, -12.69059, 0.0 ], [ -38.35249, -12.69074, 0.0 ], [ -38.35225, -12.69078, 0.0 ], [ -38.35213, -12.6908, 0.0 ], [ -38.35201, -12.6908, 0.0 ], [ -38.35157, -12.69106, 0.0 ], [ -38.35187, -12.69147, 0.0 ], [ -38.35195, -12.69159, 0.0 ], [ -38.35193, -12.6917, 0.0 ], [ -38.35186, -12.69176, 0.0 ], [ -38.3518, -12.69179, 0.0 ], [ -38.35116, -12.69229, 0.0 ], [ -38.35031, -12.69298, 0.0 ], [ -38.35029, -12.69306, 0.0 ], [ -38.3505, -12.69339, 0.0 ], [ -38.35081, -12.69374, 0.0 ], [ -38.35124, -12.6942, 0.0 ], [ -38.35123, -12.69425, 0.0 ], [ -38.3511, -12.69428, 0.0 ], [ -38.35084, -12.69438, 0.0 ], [ -38.3505, -12.69451, 0.0 ], [ -38.3501, -12.6946, 0.0 ], [ -38.34935, -12.69468, 0.0 ] ] ] ] } },
{ "type": "Feature", "properties": { "Id": 116, "Name": "ZPIC", "DISTRITO": "SEDE", "categoria": "ZPIC", "perímetro_ellip_m": 52826.5, "área_ellip_m²": 73884337.6 }, "geometry": { "type": "MultiPolygon", "coordinates": [ [ [ [ -38.3014, -12.6233, 0.0 ], [ -38.30116, -12.62333, 0.0 ], [ -38.30097, -12.62347, 0.0 ], [ -38.30075, -12.62381, 0.0 ], [ -38.30052, -12.62392, 0.0 ], [ -38.30052, -12.62392, 0.0 ], [ -38.30051, -12.62392, 0.0 ], [ -38.30005, -12.62397, 0.0 ], [ -38.2994, -12.62397, 0.0 ], [ -38.29912, -12.62405, 0.0 ], [ -38.29895, -12.62425, 0.0 ], [ -38.29886, -12.6244, 0.0 ], [ -38.29859, -12.62457, 0.0 ], [ -38.29836, -12.62479, 0.0 ], [ -38.29816, -12.62511, 0.0 ], [ -38.2982, -12.62519, 0.0 ], [ -38.29825, -12.62537, 0.0 ], [ -38.29835, -12.62576, 0.0 ], [ -38.29855, -12.6263, 0.0 ], [ -38.2988, -12.62701, 0.0 ], [ -38.29895, -12.62742, 0.0 ], [ -38.29947, -12.62898, 0.0 ], [ -38.29947, -12.62899, 0.0 ], [ -38.29947, -12.62905, 0.0 ], [ -38.2993, -12.62922, 0.0 ], [ -38.299, -12.62955, 0.0 ], [ -38.29875, -12.62985, 0.0 ], [ -38.29849, -12.63013, 0.0 ], [ -38.2982, -12.63037, 0.0 ], [ -38.29796, -12.63063, 0.0 ], [ -38.2978, -12.63089, 0.0 ], [ -38.29777, -12.63093, 0.0 ], [ -38.29777, -12.63094, 0.0 ], [ -38.29763, -12.6312, 0.0 ], [ -38.29755, -12.63151, 0.0 ], [ -38.29743, -12.63173, 0.0 ], [ -38.29727, -12.63194, 0.0 ], [ -38.29716, -12.63205, 0.0 ], [ -38.29699, -12.63217, 0.0 ], [ -38.29684, -12.63224, 0.0 ], [ -38.29667, -12.63226, 0.0 ], [ -38.29667, -12.63226, 0.0 ], [ -38.29666, -12.63226, 0.0 ], [ -38.29645, -12.63228, 0.0 ], [ -38.29626, -12.6323, 0.0 ], [ -38.29614, -12.63232, 0.0 ], [ -38.29598, -12.63234, 0.0 ], [ -38.29589, -12.63234, 0.0 ], [ -38.29582, -12.63233, 0.0 ], [ -38.2957, -12.6323, 0.0 ], [ -38.29547, -12.63247, 0.0 ], [ -38.29547, -12.63252, 0.0 ], [ -38.29544, -12.6327, 0.0 ], [ -38.29546, -12.63278, 0.0 ], [ -38.29547, -12.63284, 0.0 ], [ -38.29552, -12.63289, 0.0 ], [ -38.29555, -12.63293, 0.0 ], [ -38.29571, -12.63305, 0.0 ], [ -38.29574, -12.63306, 0.0 ], [ -38.29588, -12.63311, 0.0 ], [ -38.2961, -12.63311, 0.0 ], [ -38.29624, -12.63302, 0.0 ], [ -38.2964, -12.63304, 0.0 ], [ -38.29644, -12.63304, 0.0 ], [ -38.29659, -12.63311, 0.0 ], [ -38.29663, -12.63313, 0.0 ], [ -38.29672, -12.63317, 0.0 ], [ -38.29677, -12.63322, 0.0 ], [ -38.2968, -12.63326, 0.0 ], [ -38.29688, -12.63333, 0.0 ], [ -38.29695, -12.6334, 0.0 ], [ -38.29695, -12.63341, 0.0 ], [ -38.29694, -12.63355, 0.0 ], [ -38.2969, -12.63381, 0.0 ], [ -38.29679, -12.63408, 0.0 ], [ -38.29669, -12.63427, 0.0 ], [ -38.29663, -12.63438, 0.0 ], [ -38.29654, -12.63456, 0.0 ], [ -38.29646, -12.63465, 0.0 ], [ -38.29633, -12.6348, 0.0 ], [ -38.29607, -12.6351, 0.0 ], [ -38.29593, -12.63525, 0.0 ], [ -38.29587, -12.63546, 0.0 ], [ -38.29592, -12.63565, 0.0 ], [ -38.29592, -12.63566, 0.0 ], [ -38.29607, -12.63586, 0.0 ], [ -38.29609, -12.63588, 0.0 ], [ -38.29612, -12.63591, 0.0 ], [ -38.29622, -12.63598, 0.0 ], [ -38.29623, -12.63599, 0.0 ], [ -38.29635, -12.63613, 0.0 ], [ -38.29652, -12.63624, 0.0 ], [ -38.2966, -12.63628, 0.0 ], [ -38.29672, -12.63635, 0.0 ], [ -38.29685, -12.63638, 0.0 ], [ -38.29704, -12.63641, 0.0 ], [ -38.29743, -12.63636, 0.0 ], [ -38.29755, -12.63621, 0.0 ], [ -38.29758, -12.63618, 0.0 ], [ -38.29759, -12.63614, 0.0 ], [ -38.29766, -12.63597, 0.0 ], [ -38.29772, -12.63571, 0.0 ], [ -38.29773, -12.63568, 0.0 ], [ -38.29777, -12.63543, 0.0 ], [ -38.29778, -12.63539, 0.0 ], [ -38.29781, -12.6352, 0.0 ], [ -38.29783, -12.63501, 0.0 ], [ -38.29792, -12.63498, 0.0 ], [ -38.29802, -12.63502, 0.0 ], [ -38.29811, -12.63505, 0.0 ], [ -38.29821, -12.63521, 0.0 ], [ -38.2983, -12.6354, 0.0 ], [ -38.29845, -12.63569, 0.0 ], [ -38.2986, -12.63596, 0.0 ], [ -38.29876, -12.63628, 0.0 ], [ -38.29885, -12.63647, 0.0 ], [ -38.29893, -12.63654, 0.0 ], [ -38.29908, -12.63668, 0.0 ], [ -38.29921, -12.63676, 0.0 ], [ -38.29931, -12.63682, 0.0 ], [ -38.29947, -12.63681, 0.0 ], [ -38.29966, -12.6367, 0.0 ], [ -38.29983, -12.6366, 0.0 ], [ -38.29996, -12.63647, 0.0 ], [ -38.30009, -12.63633, 0.0 ], [ -38.30025, -12.63614, 0.0 ], [ -38.30027, -12.63612, 0.0 ], [ -38.30041, -12.63597, 0.0 ], [ -38.30058, -12.63589, 0.0 ], [ -38.30067, -12.63587, 0.0 ], [ -38.30077, -12.63585, 0.0 ], [ -38.30104, -12.63579, 0.0 ], [ -38.30131, -12.63574, 0.0 ], [ -38.30161, -12.63568, 0.0 ], [ -38.30167, -12.6357, 0.0 ], [ -38.30177, -12.63574, 0.0 ], [ -38.30183, -12.63585, 0.0 ], [ -38.30188, -12.636, 0.0 ], [ -38.3019, -12.63606, 0.0 ], [ -38.30183, -12.63626, 0.0 ], [ -38.30176, -12.63644, 0.0 ], [ -38.30164, -12.63661, 0.0 ], [ -38.3015, -12.63675, 0.0 ], [ -38.30133, -12.6369, 0.0 ], [ -38.30123, -12.637, 0.0 ], [ -38.3011, -12.63724, 0.0 ], [ -38.30113, -12.63737, 0.0 ], [ -38.30114, -12.63738, 0.0 ], [ -38.30119, -12.63753, 0.0 ], [ -38.30122, -12.63771, 0.0 ], [ -38.30122, -12.63781, 0.0 ], [ -38.30122, -12.63786, 0.0 ], [ -38.30121, -12.63806, 0.0 ], [ -38.3012, -12.63816, 0.0 ], [ -38.30119, -12.6383, 0.0 ], [ -38.30116, -12.63847, 0.0 ], [ -38.30112, -12.63859, 0.0 ], [ -38.3011, -12.63864, 0.0 ], [ -38.30109, -12.63868, 0.0 ], [ -38.30103, -12.63885, 0.0 ], [ -38.30103, -12.63901, 0.0 ], [ -38.30103, -12.63901, 0.0 ], [ -38.3011, -12.63918, 0.0 ], [ -38.30111, -12.63919, 0.0 ], [ -38.3012, -12.63925, 0.0 ], [ -38.3015, -12.63919, 0.0 ], [ -38.30174, -12.6391, 0.0 ], [ -38.30181, -12.63906, 0.0 ], [ -38.30187, -12.63902, 0.0 ], [ -38.30208, -12.63884, 0.0 ], [ -38.30228, -12.63866, 0.0 ], [ -38.30241, -12.63848, 0.0 ], [ -38.30255, -12.6384, 0.0 ], [ -38.30282, -12.63833, 0.0 ], [ -38.30313, -12.63828, 0.0 ], [ -38.30336, -12.63826, 0.0 ], [ -38.30343, -12.63832, 0.0 ], [ -38.30347, -12.63835, 0.0 ], [ -38.30356, -12.63846, 0.0 ], [ -38.3036, -12.63862, 0.0 ], [ -38.30366, -12.63892, 0.0 ], [ -38.30356, -12.63904, 0.0 ], [ -38.30346, -12.63914, 0.0 ], [ -38.30345, -12.63915, 0.0 ], [ -38.30337, -12.63921, 0.0 ], [ -38.30325, -12.6393, 0.0 ], [ -38.30317, -12.63938, 0.0 ], [ -38.30312, -12.63967, 0.0 ], [ -38.30303, -12.64016, 0.0 ], [ -38.30307, -12.6404, 0.0 ], [ -38.30314, -12.64055, 0.0 ], [ -38.30324, -12.64082, 0.0 ], [ -38.30347, -12.64098, 0.0 ], [ -38.30359, -12.641, 0.0 ], [ -38.3036, -12.64107, 0.0 ], [ -38.30374, -12.64115, 0.0 ], [ -38.30405, -12.64138, 0.0 ], [ -38.3041, -12.64144, 0.0 ], [ -38.30411, -12.64145, 0.0 ], [ -38.30416, -12.64166, 0.0 ], [ -38.30413, -12.64179, 0.0 ], [ -38.30409, -12.64199, 0.0 ], [ -38.30398, -12.64207, 0.0 ], [ -38.3038, -12.64212, 0.0 ], [ -38.30358, -12.64215, 0.0 ], [ -38.30358, -12.64215, 0.0 ], [ -38.30355, -12.64215, 0.0 ], [ -38.30347, -12.64216, 0.0 ], [ -38.30334, -12.64222, 0.0 ], [ -38.30319, -12.64231, 0.0 ], [ -38.30306, -12.64237, 0.0 ], [ -38.30286, -12.64257, 0.0 ], [ -38.30287, -12.64282, 0.0 ], [ -38.30287, -12.64289, 0.0 ], [ -38.30286, -12.64303, 0.0 ], [ -38.30293, -12.64319, 0.0 ], [ -38.30302, -12.64338, 0.0 ], [ -38.30306, -12.64346, 0.0 ], [ -38.30313, -12.64358, 0.0 ], [ -38.30323, -12.64371, 0.0 ], [ -38.30328, -12.64378, 0.0 ], [ -38.30335, -12.64388, 0.0 ], [ -38.30355, -12.64412, 0.0 ], [ -38.30359, -12.64417, 0.0 ], [ -38.30362, -12.64421, 0.0 ], [ -38.3037, -12.64433, 0.0 ], [ -38.3038, -12.64449, 0.0 ], [ -38.30387, -12.64473, 0.0 ], [ -38.30384, -12.64499, 0.0 ], [ -38.30328, -12.6484, 0.0 ], [ -38.30321, -12.64852, 0.0 ], [ -38.30313, -12.64905, 0.0 ], [ -38.3028, -12.65132, 0.0 ], [ -38.29606, -12.65267, 0.0 ], [ -38.29518, -12.653, 0.0 ], [ -38.29506, -12.65308, 0.0 ], [ -38.29438, -12.65349, 0.0 ], [ -38.29413, -12.65371, 0.0 ], [ -38.29368, -12.65412, 0.0 ], [ -38.29321, -12.65474, 0.0 ], [ -38.29312, -12.65486, 0.0 ], [ -38.29209, -12.65753, 0.0 ], [ -38.29207, -12.65768, 0.0 ], [ -38.29201, -12.65826, 0.0 ], [ -38.29183, -12.65863, 0.0 ], [ -38.2914, -12.65916, 0.0 ], [ -38.28311, -12.66385, 0.0 ], [ -38.28263, -12.66404, 0.0 ], [ -38.27963, -12.66581, 0.0 ], [ -38.26294, -12.65481, 0.0 ], [ -38.25653, -12.65058, 0.0 ], [ -38.25335, -12.65123, 0.0 ], [ -38.24328, -12.65326, 0.0 ], [ -38.24314, -12.65349, 0.0 ], [ -38.2431, -12.65356, 0.0 ], [ -38.24289, -12.6538, 0.0 ], [ -38.24259, -12.65406, 0.0 ], [ -38.24248, -12.65415, 0.0 ], [ -38.24236, -12.65423, 0.0 ], [ -38.24221, -12.65435, 0.0 ], [ -38.242, -12.6545, 0.0 ], [ -38.24177, -12.65463, 0.0 ], [ -38.24151, -12.65482, 0.0 ], [ -38.2413, -12.65498, 0.0 ], [ -38.24127, -12.655, 0.0 ], [ -38.24124, -12.65502, 0.0 ], [ -38.24112, -12.65511, 0.0 ], [ -38.24097, -12.65526, 0.0 ], [ -38.24079, -12.65559, 0.0 ], [ -38.24065, -12.65597, 0.0 ], [ -38.24068, -12.65633, 0.0 ], [ -38.24068, -12.65646, 0.0 ], [ -38.24069, -12.65677, 0.0 ], [ -38.2407, -12.65697, 0.0 ], [ -38.2407, -12.65706, 0.0 ], [ -38.24065, -12.65752, 0.0 ], [ -38.24059, -12.65779, 0.0 ], [ -38.24046, -12.65821, 0.0 ], [ -38.24039, -12.65845, 0.0 ], [ -38.24036, -12.65851, 0.0 ], [ -38.24032, -12.65869, 0.0 ], [ -38.24026, -12.65893, 0.0 ], [ -38.24008, -12.65933, 0.0 ], [ -38.23991, -12.65967, 0.0 ], [ -38.23969, -12.66009, 0.0 ], [ -38.23958, -12.66032, 0.0 ], [ -38.23938, -12.66066, 0.0 ], [ -38.2392, -12.66089, 0.0 ], [ -38.23908, -12.66102, 0.0 ], [ -38.23879, -12.66114, 0.0 ], [ -38.23849, -12.66117, 0.0 ], [ -38.23779, -12.66111, 0.0 ], [ -38.23758, -12.66108, 0.0 ], [ -38.23758, -12.66108, 0.0 ], [ -38.23725, -12.66109, 0.0 ], [ -38.23676, -12.66109, 0.0 ], [ -38.23637, -12.66112, 0.0 ], [ -38.23605, -12.66116, 0.0 ], [ -38.23577, -12.66117, 0.0 ], [ -38.23543, -12.66123, 0.0 ], [ -38.23539, -12.66124, 0.0 ], [ -38.23532, -12.66126, 0.0 ], [ -38.23505, -12.66134, 0.0 ], [ -38.23484, -12.66146, 0.0 ], [ -38.23451, -12.66175, 0.0 ], [ -38.2344, -12.66191, 0.0 ], [ -38.2342, -12.6623, 0.0 ], [ -38.23409, -12.6625, 0.0 ], [ -38.23394, -12.66289, 0.0 ], [ -38.23384, -12.66315, 0.0 ], [ -38.2338, -12.66338, 0.0 ], [ -38.23375, -12.66362, 0.0 ], [ -38.23373, -12.66375, 0.0 ], [ -38.23371, -12.66408, 0.0 ], [ -38.23372, -12.66414, 0.0 ], [ -38.23375, -12.66438, 0.0 ], [ -38.23382, -12.66461, 0.0 ], [ -38.23383, -12.66464, 0.0 ], [ -38.23398, -12.665, 0.0 ], [ -38.23409, -12.66514, 0.0 ], [ -38.23414, -12.66526, 0.0 ], [ -38.23424, -12.66549, 0.0 ], [ -38.23434, -12.66591, 0.0 ], [ -38.23434, -12.66592, 0.0 ], [ -38.23436, -12.66599, 0.0 ], [ -38.23442, -12.66623, 0.0 ], [ -38.23443, -12.66628, 0.0 ], [ -38.23448, -12.66654, 0.0 ], [ -38.23455, -12.66669, 0.0 ], [ -38.23456, -12.6668, 0.0 ], [ -38.23457, -12.66689, 0.0 ], [ -38.22117, -12.67356, 0.0 ], [ -38.2208, -12.67337, 0.0 ], [ -38.21955, -12.67274, 0.0 ], [ -38.21702, -12.67276, 0.0 ], [ -38.21702, -12.67345, 0.0 ], [ -38.21696, -12.68147, 0.0 ], [ -38.20806, -12.68152, 0.0 ], [ -38.20782, -12.68152, 0.0 ], [ -38.20778, -12.68652, 0.0 ], [ -38.20775, -12.69047, 0.0 ], [ -38.20832, -12.69048, 0.0 ], [ -38.20863, -12.69048, 0.0 ], [ -38.22396, -12.69063, 0.0 ], [ -38.2259, -12.69064, 0.0 ], [ -38.23223, -12.69062, 0.0 ], [ -38.23376, -12.69061, 0.0 ], [ -38.23377, -12.69089, 0.0 ], [ -38.23379, -12.69132, 0.0 ], [ -38.23604, -12.69142, 0.0 ], [ -38.23814, -12.69211, 0.0 ], [ -38.24043, -12.69481, 0.0 ], [ -38.24196, -12.69485, 0.0 ], [ -38.242, -12.69751, 0.0 ], [ -38.25085, -12.69757, 0.0 ], [ -38.25243, -12.69758, 0.0 ], [ -38.25364, -12.69759, 0.0 ], [ -38.25837, -12.69762, 0.0 ], [ -38.26475, -12.69766, 0.0 ], [ -38.26669, -12.69768, 0.0 ], [ -38.26688, -12.69768, 0.0 ], [ -38.26739, -12.69768, 0.0 ], [ -38.26751, -12.69678, 0.0 ], [ -38.26761, -12.69673, 0.0 ], [ -38.27132, -12.69484, 0.0 ], [ -38.27745, -12.69083, 0.0 ], [ -38.27824, -12.69032, 0.0 ], [ -38.28036, -12.68893, 0.0 ], [ -38.28076, -12.68867, 0.0 ], [ -38.2838, -12.68668, 0.0 ], [ -38.28423, -12.6877, 0.0 ], [ -38.2844, -12.68806, 0.0 ], [ -38.28473, -12.68856, 0.0 ], [ -38.28498, -12.68886, 0.0 ], [ -38.2871, -12.69043, 0.0 ], [ -38.28939, -12.68978, 0.0 ], [ -38.30215, -12.68996, 0.0 ], [ -38.30458, -12.6888, 0.0 ], [ -38.30525, -12.6898, 0.0 ], [ -38.30536, -12.69, 0.0 ], [ -38.30536, -12.69, 0.0 ], [ -38.30568, -12.68998, 0.0 ], [ -38.30623, -12.68998, 0.0 ], [ -38.30785, -12.68998, 0.0 ], [ -38.31011, -12.68978, 0.0 ], [ -38.3125, -12.68945, 0.0 ], [ -38.31367, -12.68916, 0.0 ], [ -38.31446, -12.68919, 0.0 ], [ -38.3152, -12.68939, 0.0 ], [ -38.31597, -12.6895, 0.0 ], [ -38.31765, -12.68847, 0.0 ], [ -38.3186, -12.68839, 0.0 ], [ -38.32149, -12.68795, 0.0 ], [ -38.32153, -12.68795, 0.0 ], [ -38.32205, -12.68787, 0.0 ], [ -38.32217, -12.68785, 0.0 ], [ -38.32269, -12.6874, 0.0 ], [ -38.32425, -12.68606, 0.0 ], [ -38.32428, -12.68602, 0.0 ], [ -38.32457, -12.68556, 0.0 ], [ -38.32494, -12.68533, 0.0 ], [ -38.32565, -12.68533, 0.0 ], [ -38.32574, -12.68533, 0.0 ], [ -38.32687, -12.6847, 0.0 ], [ -38.3281, -12.68403, 0.0 ], [ -38.32837, -12.68388, 0.0 ], [ -38.32974, -12.68356, 0.0 ], [ -38.32997, -12.68349, 0.0 ], [ -38.33161, -12.68333, 0.0 ], [ -38.33161, -12.68333, 0.0 ], [ -38.33161, -12.68333, 0.0 ], [ -38.33281, -12.68369, 0.0 ], [ -38.33294, -12.6837, 0.0 ], [ -38.33316, -12.68374, 0.0 ], [ -38.33364, -12.68382, 0.0 ], [ -38.33402, -12.68441, 0.0 ], [ -38.3359, -12.68485, 0.0 ], [ -38.33609, -12.68438, 0.0 ], [ -38.33636, -12.68441, 0.0 ], [ -38.33636, -12.68441, 0.0 ], [ -38.33636, -12.68441, 0.0 ], [ -38.33655, -12.68447, 0.0 ], [ -38.33675, -12.68449, 0.0 ], [ -38.33687, -12.68451, 0.0 ], [ -38.33701, -12.6845, 0.0 ], [ -38.33729, -12.68448, 0.0 ], [ -38.33776, -12.68445, 0.0 ], [ -38.33814, -12.68432, 0.0 ], [ -38.33816, -12.68428, 0.0 ], [ -38.33829, -12.68409, 0.0 ], [ -38.33853, -12.68388, 0.0 ], [ -38.33868, -12.68371, 0.0 ], [ -38.33868, -12.6837, 0.0 ], [ -38.33903, -12.68349, 0.0 ], [ -38.33929, -12.68338, 0.0 ], [ -38.3395, -12.68333, 0.0 ], [ -38.33971, -12.68326, 0.0 ], [ -38.33997, -12.68317, 0.0 ], [ -38.34018, -12.68319, 0.0 ], [ -38.34037, -12.68322, 0.0 ], [ -38.34054, -12.68331, 0.0 ], [ -38.34069, -12.68337, 0.0 ], [ -38.3409, -12.68346, 0.0 ], [ -38.34102, -12.68353, 0.0 ], [ -38.34102, -12.68353, 0.0 ], [ -38.34123, -12.68358, 0.0 ], [ -38.34154, -12.68352, 0.0 ], [ -38.34156, -12.68351, 0.0 ], [ -38.34157, -12.6835, 0.0 ], [ -38.34168, -12.68345, 0.0 ], [ -38.34168, -12.68345, 0.0 ], [ -38.34168, -12.68345, 0.0 ], [ -38.34181, -12.68349, 0.0 ], [ -38.34193, -12.68355, 0.0 ], [ -38.34222, -12.68367, 0.0 ], [ -38.34236, -12.68367, 0.0 ], [ -38.34252, -12.68369, 0.0 ], [ -38.34252, -12.68454, 0.0 ], [ -38.34259, -12.68487, 0.0 ], [ -38.3425, -12.68559, 0.0 ], [ -38.34242, -12.68591, 0.0 ], [ -38.34237, -12.68605, 0.0 ], [ -38.34183, -12.68639, 0.0 ], [ -38.34184, -12.68643, 0.0 ], [ -38.34186, -12.68647, 0.0 ], [ -38.34189, -12.6865, 0.0 ], [ -38.34194, -12.68655, 0.0 ], [ -38.34201, -12.68661, 0.0 ], [ -38.34206, -12.68667, 0.0 ], [ -38.34208, -12.68671, 0.0 ], [ -38.3421, -12.68674, 0.0 ], [ -38.34211, -12.68678, 0.0 ], [ -38.34213, -12.68681, 0.0 ], [ -38.34215, -12.68683, 0.0 ], [ -38.34219, -12.68685, 0.0 ], [ -38.34228, -12.68689, 0.0 ], [ -38.34231, -12.68691, 0.0 ], [ -38.34232, -12.68693, 0.0 ], [ -38.34231, -12.68695, 0.0 ], [ -38.34229, -12.68699, 0.0 ], [ -38.34217, -12.68716, 0.0 ], [ -38.34214, -12.68724, 0.0 ], [ -38.34212, -12.68731, 0.0 ], [ -38.34213, -12.6874, 0.0 ], [ -38.34214, -12.68759, 0.0 ], [ -38.34213, -12.68768, 0.0 ], [ -38.34208, -12.68797, 0.0 ], [ -38.34207, -12.68807, 0.0 ], [ -38.34213, -12.68815, 0.0 ], [ -38.34263, -12.68805, 0.0 ], [ -38.34277, -12.68803, 0.0 ], [ -38.3432, -12.68808, 0.0 ], [ -38.34322, -12.68756, 0.0 ], [ -38.3441, -12.68757, 0.0 ], [ -38.34469, -12.6875, 0.0 ], [ -38.34476, -12.68767, 0.0 ], [ -38.3456, -12.68766, 0.0 ], [ -38.34574, -12.68787, 0.0 ], [ -38.34607, -12.6878, 0.0 ], [ -38.35008, -12.68689, 0.0 ], [ -38.35046, -12.68647, 0.0 ], [ -38.35262, -12.6841, 0.0 ], [ -38.35342, -12.68323, 0.0 ], [ -38.3544, -12.68216, 0.0 ], [ -38.35454, -12.68201, 0.0 ], [ -38.35492, -12.68165, 0.0 ], [ -38.35543, -12.68225, 0.0 ], [ -38.35546, -12.68247, 0.0 ], [ -38.35546, -12.68248, 0.0 ], [ -38.35545, -12.68273, 0.0 ], [ -38.35543, -12.68275, 0.0 ], [ -38.3554, -12.68283, 0.0 ], [ -38.3554, -12.68283, 0.0 ], [ -38.35564, -12.68306, 0.0 ], [ -38.35564, -12.68306, 0.0 ], [ -38.35719, -12.68143, 0.0 ], [ -38.35742, -12.6816, 0.0 ], [ -38.35808, -12.68088, 0.0 ], [ -38.35851, -12.68038, 0.0 ], [ -38.35886, -12.68003, 0.0 ], [ -38.35897, -12.67993, 0.0 ], [ -38.35915, -12.67981, 0.0 ], [ -38.3593, -12.67972, 0.0 ], [ -38.3593, -12.67971, 0.0 ], [ -38.35931, -12.67971, 0.0 ], [ -38.35931, -12.67971, 0.0 ], [ -38.35947, -12.67965, 0.0 ], [ -38.36028, -12.67936, 0.0 ], [ -38.36042, -12.67931, 0.0 ], [ -38.3606, -12.67924, 0.0 ], [ -38.36075, -12.67917, 0.0 ], [ -38.3609, -12.67907, 0.0 ], [ -38.36091, -12.67906, 0.0 ], [ -38.36102, -12.67896, 0.0 ], [ -38.36114, -12.67879, 0.0 ], [ -38.36125, -12.6786, 0.0 ], [ -38.36134, -12.6783, 0.0 ], [ -38.36144, -12.67786, 0.0 ], [ -38.36154, -12.67737, 0.0 ], [ -38.36166, -12.67704, 0.0 ], [ -38.36182, -12.67674, 0.0 ], [ -38.36203, -12.67646, 0.0 ], [ -38.36274, -12.67562, 0.0 ], [ -38.36294, -12.67541, 0.0 ], [ -38.36316, -12.67523, 0.0 ], [ -38.36324, -12.67517, 0.0 ], [ -38.36345, -12.67505, 0.0 ], [ -38.36348, -12.67504, 0.0 ], [ -38.36348, -12.67504, 0.0 ], [ -38.36362, -12.67497, 0.0 ], [ -38.36394, -12.67485, 0.0 ], [ -38.36403, -12.67481, 0.0 ], [ -38.36454, -12.67467, 0.0 ], [ -38.36456, -12.67466, 0.0 ], [ -38.36456, -12.67466, 0.0 ], [ -38.36888, -12.67348, 0.0 ], [ -38.37051, -12.67303, 0.0 ], [ -38.37129, -12.67281, 0.0 ], [ -38.3716, -12.67272, 0.0 ], [ -38.37172, -12.67264, 0.0 ], [ -38.37183, -12.67255, 0.0 ], [ -38.37188, -12.67242, 0.0 ], [ -38.3719, -12.67229, 0.0 ], [ -38.37164, -12.67162, 0.0 ], [ -38.37134, -12.67127, 0.0 ], [ -38.37119, -12.67112, 0.0 ], [ -38.37118, -12.6711, 0.0 ], [ -38.36991, -12.66968, 0.0 ], [ -38.36757, -12.66704, 0.0 ], [ -38.36486, -12.66402, 0.0 ], [ -38.3635, -12.66251, 0.0 ], [ -38.36332, -12.66231, 0.0 ], [ -38.36279, -12.66172, 0.0 ], [ -38.36167, -12.66046, 0.0 ], [ -38.36055, -12.65922, 0.0 ], [ -38.3599, -12.65845, 0.0 ], [ -38.35941, -12.65786, 0.0 ], [ -38.35843, -12.65594, 0.0 ], [ -38.35647, -12.65189, 0.0 ], [ -38.35378, -12.64636, 0.0 ], [ -38.34991, -12.63873, 0.0 ], [ -38.34778, -12.64024, 0.0 ], [ -38.34614, -12.64132, 0.0 ], [ -38.34259, -12.64361, 0.0 ], [ -38.34088, -12.6446, 0.0 ], [ -38.34056, -12.64476, 0.0 ], [ -38.34056, -12.64476, 0.0 ], [ -38.34055, -12.64477, 0.0 ], [ -38.33985, -12.64474, 0.0 ], [ -38.33958, -12.64456, 0.0 ], [ -38.33942, -12.644, 0.0 ], [ -38.33972, -12.64001, 0.0 ], [ -38.33976, -12.63954, 0.0 ], [ -38.34, -12.63701, 0.0 ], [ -38.34007, -12.63604, 0.0 ], [ -38.34007, -12.63601, 0.0 ], [ -38.34009, -12.63484, 0.0 ], [ -38.34009, -12.63407, 0.0 ], [ -38.34009, -12.63396, 0.0 ], [ -38.34, -12.63325, 0.0 ], [ -38.33977, -12.63239, 0.0 ], [ -38.3394, -12.6317, 0.0 ], [ -38.33907, -12.63119, 0.0 ], [ -38.33873, -12.6308, 0.0 ], [ -38.33799, -12.63027, 0.0 ], [ -38.33737, -12.62984, 0.0 ], [ -38.33647, -12.62945, 0.0 ], [ -38.33476, -12.62885, 0.0 ], [ -38.33384, -12.62852, 0.0 ], [ -38.33348, -12.62838, 0.0 ], [ -38.32967, -12.627, 0.0 ], [ -38.32564, -12.62573, 0.0 ], [ -38.32552, -12.62569, 0.0 ], [ -38.3251, -12.62554, 0.0 ], [ -38.32424, -12.62522, 0.0 ], [ -38.32386, -12.62512, 0.0 ], [ -38.32369, -12.62508, 0.0 ], [ -38.32352, -12.62504, 0.0 ], [ -38.32285, -12.62487, 0.0 ], [ -38.32242, -12.62476, 0.0 ], [ -38.32239, -12.62476, 0.0 ], [ -38.32226, -12.62472, 0.0 ], [ -38.32223, -12.62472, 0.0 ], [ -38.32221, -12.62471, 0.0 ], [ -38.32211, -12.62469, 0.0 ], [ -38.32201, -12.62467, 0.0 ], [ -38.3217, -12.6246, 0.0 ], [ -38.32147, -12.62455, 0.0 ], [ -38.32135, -12.62452, 0.0 ], [ -38.3213, -12.62451, 0.0 ], [ -38.32098, -12.62444, 0.0 ], [ -38.32065, -12.62436, 0.0 ], [ -38.32052, -12.62433, 0.0 ], [ -38.31542, -12.62515, 0.0 ], [ -38.31181, -12.62434, 0.0 ], [ -38.31126, -12.62422, 0.0 ], [ -38.31096, -12.62426, 0.0 ], [ -38.31037, -12.62433, 0.0 ], [ -38.3102, -12.62459, 0.0 ], [ -38.30965, -12.62498, 0.0 ], [ -38.30933, -12.62512, 0.0 ], [ -38.30902, -12.62532, 0.0 ], [ -38.30902, -12.62532, 0.0 ], [ -38.30902, -12.62532, 0.0 ], [ -38.309, -12.62532, 0.0 ], [ -38.30872, -12.62532, 0.0 ], [ -38.30847, -12.62529, 0.0 ], [ -38.3084, -12.62528, 0.0 ], [ -38.30822, -12.62521, 0.0 ], [ -38.30798, -12.62511, 0.0 ], [ -38.30686, -12.62464, 0.0 ], [ -38.30679, -12.62462, 0.0 ], [ -38.3066, -12.62457, 0.0 ], [ -38.30576, -12.62434, 0.0 ], [ -38.30563, -12.6243, 0.0 ], [ -38.30452, -12.62395, 0.0 ], [ -38.30384, -12.6237, 0.0 ], [ -38.30325, -12.62346, 0.0 ], [ -38.30293, -12.62334, 0.0 ], [ -38.30254, -12.62329, 0.0 ], [ -38.30208, -12.62333, 0.0 ], [ -38.30179, -12.62335, 0.0 ], [ -38.3014, -12.6233, 0.0 ] ] ] ] } },
{ "type": "Feature", "properties": { "Id": 117, "Name": "ZUE 2", "DISTRITO": "MONTE GORDO", "categoria": "ZUE", "perímetro_ellip_m": 1603.1, "área_ellip_m²": 146836.6 }, "geometry": { "type": "MultiPolygon", "coordinates": [ [ [ [ -38.09466, -12.66595, 0.0 ], [ -38.09476, -12.66608, 0.0 ], [ -38.09501, -12.66586, 0.0 ], [ -38.09578, -12.66519, 0.0 ], [ -38.09656, -12.66451, 0.0 ], [ -38.09724, -12.66392, 0.0 ], [ -38.09627, -12.66272, 0.0 ], [ -38.09555, -12.66265, 0.0 ], [ -38.09457, -12.66124, 0.0 ], [ -38.09258, -12.66225, 0.0 ], [ -38.09224, -12.66237, 0.0 ], [ -38.09203, -12.66245, 0.0 ], [ -38.09464, -12.66593, 0.0 ], [ -38.09466, -12.66595, 0.0 ] ] ] ] } },
{ "type": "Feature", "properties": { "Id": 118, "Name": "ZDC 2", "DISTRITO": "ABRANTES", "categoria": "ZDC", "perímetro_ellip_m": 17973.8, "área_ellip_m²": 4620037.3 }, "geometry": { "type": "MultiPolygon", "coordinates": [ [ [ [ -38.27285, -12.85425, 0.0 ], [ -38.27274, -12.85443, 0.0 ], [ -38.26992, -12.85358, 0.0 ], [ -38.26983, -12.85374, 0.0 ], [ -38.26983, -12.85376, 0.0 ], [ -38.2698, -12.85401, 0.0 ], [ -38.27132, -12.85462, 0.0 ], [ -38.27311, -12.8549, 0.0 ], [ -38.27407, -12.85498, 0.0 ], [ -38.27503, -12.85535, 0.0 ], [ -38.27554, -12.8555, 0.0 ], [ -38.27607, -12.85631, 0.0 ], [ -38.27651, -12.85655, 0.0 ], [ -38.27729, -12.85661, 0.0 ], [ -38.27818, -12.8567, 0.0 ], [ -38.27775, -12.85795, 0.0 ], [ -38.27849, -12.85877, 0.0 ], [ -38.27967, -12.85966, 0.0 ], [ -38.27994, -12.86057, 0.0 ], [ -38.27894, -12.86145, 0.0 ], [ -38.27766, -12.86251, 0.0 ], [ -38.27537, -12.86013, 0.0 ], [ -38.27339, -12.85954, 0.0 ], [ -38.27438, -12.85681, 0.0 ], [ -38.27149, -12.85577, 0.0 ], [ -38.27123, -12.85568, 0.0 ], [ -38.27052, -12.85693, 0.0 ], [ -38.26998, -12.858, 0.0 ], [ -38.2682, -12.85796, 0.0 ], [ -38.26694, -12.85756, 0.0 ], [ -38.26579, -12.85734, 0.0 ], [ -38.26511, -12.85773, 0.0 ], [ -38.26433, -12.85847, 0.0 ], [ -38.26344, -12.85756, 0.0 ], [ -38.26286, -12.8571, 0.0 ], [ -38.26241, -12.85639, 0.0 ], [ -38.26147, -12.85699, 0.0 ], [ -38.26119, -12.85717, 0.0 ], [ -38.26109, -12.85721, 0.0 ], [ -38.26067, -12.85694, 0.0 ], [ -38.26005, -12.85656, 0.0 ], [ -38.25971, -12.85655, 0.0 ], [ -38.25912, -12.85684, 0.0 ], [ -38.2569, -12.85925, 0.0 ], [ -38.25606, -12.85876, 0.0 ], [ -38.25611, -12.85883, 0.0 ], [ -38.25826, -12.86064, 0.0 ], [ -38.26005, -12.86263, 0.0 ], [ -38.26588, -12.86872, 0.0 ], [ -38.26635, -12.86979, 0.0 ], [ -38.26642, -12.86984, 0.0 ], [ -38.26651, -12.8699, 0.0 ], [ -38.26664, -12.86995, 0.0 ], [ -38.26684, -12.87001, 0.0 ], [ -38.26686, -12.87001, 0.0 ], [ -38.2669, -12.87, 0.0 ], [ -38.26698, -12.86998, 0.0 ], [ -38.26702, -12.86997, 0.0 ], [ -38.26705, -12.86998, 0.0 ], [ -38.26775, -12.87012, 0.0 ], [ -38.26778, -12.87011, 0.0 ], [ -38.26786, -12.87014, 0.0 ], [ -38.26793, -12.87022, 0.0 ], [ -38.26797, -12.87026, 0.0 ], [ -38.26802, -12.87028, 0.0 ], [ -38.26841, -12.87036, 0.0 ], [ -38.2694, -12.87053, 0.0 ], [ -38.27002, -12.87061, 0.0 ], [ -38.27011, -12.87062, 0.0 ], [ -38.27055, -12.87071, 0.0 ], [ -38.27095, -12.87078, 0.0 ], [ -38.27116, -12.87082, 0.0 ], [ -38.27146, -12.87087, 0.0 ], [ -38.27179, -12.87093, 0.0 ], [ -38.27191, -12.87095, 0.0 ], [ -38.27205, -12.87097, 0.0 ], [ -38.27219, -12.871, 0.0 ], [ -38.27227, -12.87101, 0.0 ], [ -38.27251, -12.87105, 0.0 ], [ -38.27275, -12.87108, 0.0 ], [ -38.2729, -12.8711, 0.0 ], [ -38.27304, -12.8711, 0.0 ], [ -38.27321, -12.8711, 0.0 ], [ -38.27341, -12.87109, 0.0 ], [ -38.27367, -12.87106, 0.0 ], [ -38.27391, -12.87103, 0.0 ], [ -38.27412, -12.87101, 0.0 ], [ -38.2744, -12.87097, 0.0 ], [ -38.27462, -12.87091, 0.0 ], [ -38.27481, -12.87085, 0.0 ], [ -38.27496, -12.87079, 0.0 ], [ -38.27511, -12.87072, 0.0 ], [ -38.27526, -12.87066, 0.0 ], [ -38.27539, -12.87057, 0.0 ], [ -38.27549, -12.87067, 0.0 ], [ -38.27541, -12.871, 0.0 ], [ -38.27534, -12.87112, 0.0 ], [ -38.27523, -12.87124, 0.0 ], [ -38.27515, -12.87134, 0.0 ], [ -38.27508, -12.87137, 0.0 ], [ -38.27502, -12.87137, 0.0 ], [ -38.27499, -12.87137, 0.0 ], [ -38.27491, -12.87136, 0.0 ], [ -38.27483, -12.87136, 0.0 ], [ -38.27475, -12.87142, 0.0 ], [ -38.27465, -12.87152, 0.0 ], [ -38.27454, -12.87163, 0.0 ], [ -38.27439, -12.87177, 0.0 ], [ -38.27428, -12.87189, 0.0 ], [ -38.27421, -12.87197, 0.0 ], [ -38.27418, -12.87203, 0.0 ], [ -38.27409, -12.87218, 0.0 ], [ -38.27405, -12.87224, 0.0 ], [ -38.27403, -12.8723, 0.0 ], [ -38.27402, -12.87232, 0.0 ], [ -38.27402, -12.87234, 0.0 ], [ -38.27403, -12.87237, 0.0 ], [ -38.27407, -12.87239, 0.0 ], [ -38.27415, -12.87246, 0.0 ], [ -38.27405, -12.87257, 0.0 ], [ -38.27397, -12.87256, 0.0 ], [ -38.27383, -12.87253, 0.0 ], [ -38.27357, -12.87252, 0.0 ], [ -38.27332, -12.8725, 0.0 ], [ -38.27333, -12.87348, 0.0 ], [ -38.27324, -12.87369, 0.0 ], [ -38.27287, -12.8742, 0.0 ], [ -38.27251, -12.8747, 0.0 ], [ -38.27185, -12.87538, 0.0 ], [ -38.27203, -12.87547, 0.0 ], [ -38.27216, -12.87553, 0.0 ], [ -38.27234, -12.87564, 0.0 ], [ -38.27286, -12.87595, 0.0 ], [ -38.27374, -12.87637, 0.0 ], [ -38.27463, -12.87687, 0.0 ], [ -38.27465, -12.87689, 0.0 ], [ -38.27524, -12.87732, 0.0 ], [ -38.27525, -12.87733, 0.0 ], [ -38.27568, -12.87785, 0.0 ], [ -38.27598, -12.87838, 0.0 ], [ -38.2765, -12.87857, 0.0 ], [ -38.27654, -12.87858, 0.0 ], [ -38.27706, -12.87886, 0.0 ], [ -38.27708, -12.87887, 0.0 ], [ -38.2771, -12.8789, 0.0 ], [ -38.27711, -12.87891, 0.0 ], [ -38.27729, -12.87916, 0.0 ], [ -38.27754, -12.87933, 0.0 ], [ -38.27773, -12.87947, 0.0 ], [ -38.27773, -12.87947, 0.0 ], [ -38.27774, -12.87949, 0.0 ], [ -38.27874, -12.88004, 0.0 ], [ -38.27945, -12.88045, 0.0 ], [ -38.27992, -12.88038, 0.0 ], [ -38.28017, -12.88069, 0.0 ], [ -38.28019, -12.8803, 0.0 ], [ -38.28019, -12.8803, 0.0 ], [ -38.28026, -12.87988, 0.0 ], [ -38.28026, -12.87988, 0.0 ], [ -38.28037, -12.87962, 0.0 ], [ -38.28058, -12.87955, 0.0 ], [ -38.28076, -12.87957, 0.0 ], [ -38.28086, -12.87976, 0.0 ], [ -38.28086, -12.87976, 0.0 ], [ -38.28089, -12.87988, 0.0 ], [ -38.28089, -12.87988, 0.0 ], [ -38.28093, -12.88008, 0.0 ], [ -38.28093, -12.88008, 0.0 ], [ -38.28099, -12.88032, 0.0 ], [ -38.28111, -12.88051, 0.0 ], [ -38.28125, -12.88056, 0.0 ], [ -38.28166, -12.88029, 0.0 ], [ -38.28189, -12.88006, 0.0 ], [ -38.2819, -12.88004, 0.0 ], [ -38.28203, -12.87963, 0.0 ], [ -38.28206, -12.87928, 0.0 ], [ -38.28206, -12.87928, 0.0 ], [ -38.28207, -12.87919, 0.0 ], [ -38.28207, -12.87919, 0.0 ], [ -38.28203, -12.879, 0.0 ], [ -38.28168, -12.87858, 0.0 ], [ -38.28129, -12.87834, 0.0 ], [ -38.28081, -12.87823, 0.0 ], [ -38.2803, -12.87842, 0.0 ], [ -38.27984, -12.87861, 0.0 ], [ -38.27945, -12.87847, 0.0 ], [ -38.27918, -12.87809, 0.0 ], [ -38.27876, -12.87755, 0.0 ], [ -38.2781, -12.87699, 0.0 ], [ -38.27759, -12.87657, 0.0 ], [ -38.27688, -12.87641, 0.0 ], [ -38.27612, -12.87622, 0.0 ], [ -38.27561, -12.87601, 0.0 ], [ -38.27541, -12.87573, 0.0 ], [ -38.2752, -12.87535, 0.0 ], [ -38.2752, -12.87535, 0.0 ], [ -38.27522, -12.87498, 0.0 ], [ -38.27522, -12.87498, 0.0 ], [ -38.27531, -12.8747, 0.0 ], [ -38.27543, -12.87448, 0.0 ], [ -38.27575, -12.87434, 0.0 ], [ -38.27625, -12.87432, 0.0 ], [ -38.27666, -12.87425, 0.0 ], [ -38.27675, -12.87422, 0.0 ], [ -38.27708, -12.87412, 0.0 ], [ -38.27756, -12.87379, 0.0 ], [ -38.27776, -12.87339, 0.0 ], [ -38.27787, -12.87294, 0.0 ], [ -38.27789, -12.87259, 0.0 ], [ -38.27789, -12.87259, 0.0 ], [ -38.27785, -12.87213, 0.0 ], [ -38.27785, -12.87213, 0.0 ], [ -38.27793, -12.87142, 0.0 ], [ -38.27793, -12.87142, 0.0 ], [ -38.27803, -12.87102, 0.0 ], [ -38.27823, -12.87073, 0.0 ], [ -38.2785, -12.87057, 0.0 ], [ -38.27883, -12.87054, 0.0 ], [ -38.27912, -12.87056, 0.0 ], [ -38.27958, -12.8707, 0.0 ], [ -38.28004, -12.87077, 0.0 ], [ -38.28068, -12.8707, 0.0 ], [ -38.28121, -12.87047, 0.0 ], [ -38.28165, -12.87009, 0.0 ], [ -38.28219, -12.86975, 0.0 ], [ -38.28282, -12.86947, 0.0 ], [ -38.28339, -12.86923, 0.0 ], [ -38.28405, -12.86921, 0.0 ], [ -38.28446, -12.86925, 0.0 ], [ -38.28469, -12.86941, 0.0 ], [ -38.28477, -12.86972, 0.0 ], [ -38.28495, -12.87008, 0.0 ], [ -38.28523, -12.87038, 0.0 ], [ -38.28591, -12.87063, 0.0 ], [ -38.28685, -12.87079, 0.0 ], [ -38.28794, -12.87084, 0.0 ], [ -38.28815, -12.87088, 0.0 ], [ -38.28851, -12.87095, 0.0 ], [ -38.28892, -12.87095, 0.0 ], [ -38.28894, -12.87095, 0.0 ], [ -38.28949, -12.87078, 0.0 ], [ -38.29007, -12.87052, 0.0 ], [ -38.29029, -12.87046, 0.0 ], [ -38.29039, -12.87047, 0.0 ], [ -38.29051, -12.87048, 0.0 ], [ -38.29063, -12.87048, 0.0 ], [ -38.29096, -12.87029, 0.0 ], [ -38.29123, -12.86991, 0.0 ], [ -38.29127, -12.86973, 0.0 ], [ -38.29132, -12.86954, 0.0 ], [ -38.29126, -12.86909, 0.0 ], [ -38.29095, -12.8685, 0.0 ], [ -38.29059, -12.86784, 0.0 ], [ -38.29044, -12.86742, 0.0 ], [ -38.29044, -12.86742, 0.0 ], [ -38.29037, -12.86693, 0.0 ], [ -38.29037, -12.86693, 0.0 ], [ -38.2903, -12.86664, 0.0 ], [ -38.2901, -12.86624, 0.0 ], [ -38.28989, -12.86573, 0.0 ], [ -38.28945, -12.86472, 0.0 ], [ -38.28931, -12.8643, 0.0 ], [ -38.28931, -12.8643, 0.0 ], [ -38.28932, -12.86423, 0.0 ], [ -38.28932, -12.86423, 0.0 ], [ -38.28933, -12.86414, 0.0 ], [ -38.28933, -12.86414, 0.0 ], [ -38.28935, -12.86401, 0.0 ], [ -38.28935, -12.86401, 0.0 ], [ -38.28944, -12.86371, 0.0 ], [ -38.28953, -12.86357, 0.0 ], [ -38.29018, -12.86258, 0.0 ], [ -38.29034, -12.86231, 0.0 ], [ -38.2904, -12.86222, 0.0 ], [ -38.2904, -12.86221, 0.0 ], [ -38.28991, -12.86198, 0.0 ], [ -38.28888, -12.8615, 0.0 ], [ -38.28809, -12.86113, 0.0 ], [ -38.28783, -12.861, 0.0 ], [ -38.28772, -12.86095, 0.0 ], [ -38.28771, -12.86094, 0.0 ], [ -38.2876, -12.86088, 0.0 ], [ -38.28748, -12.86082, 0.0 ], [ -38.28742, -12.86077, 0.0 ], [ -38.28729, -12.86102, 0.0 ], [ -38.28721, -12.86119, 0.0 ], [ -38.28716, -12.86133, 0.0 ], [ -38.28712, -12.86146, 0.0 ], [ -38.28709, -12.86161, 0.0 ], [ -38.28688, -12.86224, 0.0 ], [ -38.28677, -12.86235, 0.0 ], [ -38.28631, -12.86183, 0.0 ], [ -38.28594, -12.86146, 0.0 ], [ -38.28588, -12.86143, 0.0 ], [ -38.28582, -12.86143, 0.0 ], [ -38.28558, -12.86144, 0.0 ], [ -38.28552, -12.86145, 0.0 ], [ -38.28532, -12.86144, 0.0 ], [ -38.2851, -12.86141, 0.0 ], [ -38.28487, -12.86136, 0.0 ], [ -38.28472, -12.86132, 0.0 ], [ -38.28438, -12.86136, 0.0 ], [ -38.28354, -12.8615, 0.0 ], [ -38.28353, -12.86147, 0.0 ], [ -38.28351, -12.86139, 0.0 ], [ -38.28292, -12.86145, 0.0 ], [ -38.28271, -12.86147, 0.0 ], [ -38.28261, -12.86148, 0.0 ], [ -38.28241, -12.86146, 0.0 ], [ -38.28228, -12.86142, 0.0 ], [ -38.28214, -12.86133, 0.0 ], [ -38.28198, -12.86119, 0.0 ], [ -38.2819, -12.86111, 0.0 ], [ -38.28185, -12.86096, 0.0 ], [ -38.28187, -12.86084, 0.0 ], [ -38.28193, -12.86071, 0.0 ], [ -38.282, -12.86064, 0.0 ], [ -38.28209, -12.86053, 0.0 ], [ -38.2821, -12.86049, 0.0 ], [ -38.2821, -12.86045, 0.0 ], [ -38.28207, -12.86036, 0.0 ], [ -38.28192, -12.85981, 0.0 ], [ -38.28197, -12.85979, 0.0 ], [ -38.28202, -12.85978, 0.0 ], [ -38.28188, -12.85937, 0.0 ], [ -38.28183, -12.85924, 0.0 ], [ -38.28177, -12.859, 0.0 ], [ -38.28202, -12.85812, 0.0 ], [ -38.28189, -12.8575, 0.0 ], [ -38.28163, -12.85735, 0.0 ], [ -38.28142, -12.8572, 0.0 ], [ -38.28128, -12.8569, 0.0 ], [ -38.28105, -12.85634, 0.0 ], [ -38.27959, -12.8564, 0.0 ], [ -38.27886, -12.85548, 0.0 ], [ -38.27868, -12.85439, 0.0 ], [ -38.27744, -12.85396, 0.0 ], [ -38.27748, -12.8536, 0.0 ], [ -38.2755, -12.85239, 0.0 ], [ -38.27445, -12.85185, 0.0 ], [ -38.27428, -12.85177, 0.0 ], [ -38.27385, -12.85154, 0.0 ], [ -38.27285, -12.85425, 0.0 ] ] ] ] } }
]
}
